{"type":"FeatureCollection","features":[{"type":"Feature","properties":{"nom":"Ableiges","code":"95002","population":1108,"codeDepartement":"95"},"geometry":{"type":"Polygon","coordinates":[[[1.989087,49.109354],[1.989922,49.108766],[1.991357,49.1082],[1.990378,49.107142],[1.989993,49.106588],[1.992885,49.105552],[1.992277,49.104711],[1.991825,49.104162],[1.990689,49.103028],[1.991454,49.1027],[1.992018,49.103159],[1.994068,49.102759],[1.993893,49.102391],[1.993721,49.102114],[1.993357,49.10136],[1.993275,49.101133],[1.993044,49.100277],[1.993311,49.099899],[1.99364,49.099096],[1.993743,49.099005],[1.99326,49.098713],[1.991891,49.098049],[1.992314,49.096242],[1.9925,49.095202],[1.992569,49.095154],[1.992647,49.094888],[1.992752,49.094794],[1.993318,49.094466],[1.993537,49.094277],[1.993581,49.09402],[1.99354,49.093661],[1.992734,49.093137],[1.992308,49.092816],[1.991955,49.092303],[1.991825,49.092047],[1.991708,49.091699],[1.9917,49.091332],[1.991766,49.091039],[1.991872,49.09087],[1.992098,49.090647],[1.992464,49.090356],[1.99281,49.090104],[1.993151,49.089812],[1.993191,49.089661],[1.993111,49.089532],[1.992856,49.08926],[1.992555,49.088897],[1.992222,49.088433],[1.992099,49.08822],[1.991994,49.087896],[1.992053,49.087486],[1.992001,49.087339],[1.992455,49.087247],[1.992477,49.087766],[1.992728,49.088053],[1.993032,49.088439],[1.993325,49.088838],[1.994003,49.088602],[1.99347,49.087673],[1.993301,49.087319],[1.993107,49.086978],[1.992349,49.086358],[1.992003,49.086096],[1.990754,49.085082],[1.990621,49.084935],[1.991137,49.084788],[1.991278,49.084907],[1.99143,49.085108],[1.991505,49.085126],[1.992127,49.085128],[1.992357,49.085149],[1.992429,49.085273],[1.992551,49.085264],[1.992862,49.085154],[1.99345,49.085029],[1.993618,49.08493],[1.993694,49.084738],[1.993936,49.084474],[1.994078,49.084374],[1.994297,49.084296],[1.994472,49.08419],[1.994538,49.084083],[1.994731,49.083936],[1.994216,49.08348],[1.994015,49.083354],[1.994351,49.08313],[1.994462,49.083127],[1.99467,49.082905],[1.994859,49.08264],[1.9947,49.08253],[1.994185,49.082525],[1.993448,49.081716],[1.992895,49.081224],[1.992685,49.08109],[1.992214,49.080737],[1.991987,49.080595],[1.99134,49.080273],[1.990963,49.080055],[1.990233,49.079683],[1.98943,49.079319],[1.988957,49.079058],[1.987975,49.078539],[1.987014,49.077924],[1.986512,49.07812],[1.985932,49.078221],[1.985289,49.077916],[1.985622,49.077682],[1.975843,49.073628],[1.97523,49.073353],[1.976448,49.072583],[1.977478,49.071991],[1.978427,49.071408],[1.977652,49.071105],[1.977088,49.070869],[1.979387,49.069932],[1.978729,49.069234],[1.977471,49.067882],[1.976648,49.068081],[1.975891,49.067102],[1.975262,49.066232],[1.975138,49.066021],[1.972744,49.066707],[1.971933,49.066924],[1.971855,49.066823],[1.971392,49.06637],[1.970146,49.065312],[1.969748,49.066144],[1.969321,49.065728],[1.969971,49.065459],[1.970076,49.065241],[1.969311,49.065546],[1.968451,49.065907],[1.967935,49.066182],[1.967642,49.066306],[1.966834,49.065483],[1.966274,49.065519],[1.965925,49.065615],[1.966271,49.066112],[1.964504,49.066675],[1.963684,49.066962],[1.962622,49.067379],[1.9622,49.067513],[1.963426,49.069029],[1.963865,49.069603],[1.964172,49.070071],[1.964646,49.070739],[1.96496,49.071097],[1.965139,49.071267],[1.964679,49.071345],[1.963915,49.071436],[1.962679,49.071473],[1.961494,49.071483],[1.960691,49.071509],[1.95999,49.071565],[1.959097,49.071694],[1.961039,49.073281],[1.955443,49.075639],[1.956468,49.076423],[1.952999,49.078322],[1.953902,49.079081],[1.953347,49.079685],[1.953089,49.080054],[1.952493,49.080789],[1.952286,49.081113],[1.952042,49.081389],[1.955055,49.083004],[1.95339,49.084309],[1.953267,49.084516],[1.951196,49.085766],[1.953855,49.086944],[1.954598,49.086553],[1.956053,49.087586],[1.956455,49.088074],[1.956533,49.088415],[1.956797,49.088625],[1.956777,49.089127],[1.95711,49.089812],[1.957256,49.08998],[1.957455,49.090276],[1.957592,49.090539],[1.957567,49.090624],[1.957693,49.090819],[1.958868,49.092475],[1.959116,49.092306],[1.959604,49.092449],[1.960292,49.092681],[1.961108,49.093073],[1.961844,49.093317],[1.961801,49.093558],[1.963346,49.093509],[1.966302,49.093404],[1.966379,49.093455],[1.966306,49.09374],[1.966099,49.094248],[1.967745,49.094488],[1.968914,49.094248],[1.969421,49.094291],[1.970164,49.094123],[1.9703,49.094144],[1.972485,49.09425],[1.972222,49.09446],[1.972486,49.094598],[1.972528,49.094981],[1.972513,49.095165],[1.972355,49.095431],[1.972168,49.095829],[1.972493,49.095915],[1.973332,49.096427],[1.973574,49.096217],[1.973704,49.096188],[1.973772,49.096341],[1.973729,49.096775],[1.973847,49.097223],[1.974139,49.098242],[1.974194,49.098373],[1.974619,49.098461],[1.97467,49.098117],[1.974664,49.097501],[1.97469,49.096985],[1.975673,49.097077],[1.97619,49.097103],[1.977214,49.097192],[1.977612,49.097295],[1.97825,49.097546],[1.978709,49.097802],[1.979121,49.09811],[1.979495,49.098597],[1.97944,49.098789],[1.979335,49.099334],[1.979209,49.099779],[1.978634,49.100988],[1.97857,49.101277],[1.978587,49.101466],[1.978676,49.101666],[1.978813,49.101872],[1.979053,49.101909],[1.984402,49.104013],[1.984623,49.104123],[1.986694,49.105984],[1.98782,49.106973],[1.987977,49.107151],[1.988019,49.107312],[1.98799,49.107469],[1.987892,49.107621],[1.987214,49.108269],[1.98795,49.10867],[1.988747,49.109068],[1.988913,49.109262],[1.989087,49.109354]]]}},{"type":"Feature","properties":{"nom":"Aincourt","code":"95008","population":854,"codeDepartement":"95"},"geometry":{"type":"Polygon","coordinates":[[[1.796823,49.07207],[1.797447,49.070361],[1.797633,49.06966],[1.798024,49.068319],[1.798279,49.067588],[1.798556,49.066692],[1.798808,49.066673],[1.799425,49.066669],[1.799605,49.066686],[1.799806,49.065229],[1.799894,49.06479],[1.799964,49.064326],[1.797809,49.063954],[1.79725,49.063846],[1.796498,49.06373],[1.795075,49.063366],[1.795433,49.063301],[1.795627,49.063203],[1.796506,49.062913],[1.796716,49.0628],[1.797086,49.062722],[1.797274,49.062424],[1.796496,49.062129],[1.795403,49.061732],[1.794064,49.06122],[1.7936,49.06103],[1.792626,49.060669],[1.794095,49.058861],[1.794354,49.05856],[1.791131,49.057846],[1.790925,49.057794],[1.789292,49.057895],[1.788719,49.057932],[1.785749,49.057684],[1.785855,49.057368],[1.783707,49.057217],[1.783643,49.056907],[1.783638,49.05673],[1.781736,49.056743],[1.781303,49.056683],[1.780714,49.056645],[1.779459,49.056628],[1.778429,49.05693],[1.777759,49.057113],[1.777071,49.057266],[1.776468,49.057362],[1.775925,49.057471],[1.775314,49.05763],[1.775035,49.057648],[1.774664,49.057542],[1.773331,49.057071],[1.773238,49.057028],[1.772565,49.057201],[1.771611,49.057461],[1.771237,49.057551],[1.770732,49.05765],[1.770315,49.057694],[1.769906,49.057674],[1.769555,49.057618],[1.769031,49.0575],[1.768915,49.057593],[1.768451,49.058067],[1.76817,49.058035],[1.767412,49.057887],[1.766714,49.059276],[1.765424,49.060009],[1.764875,49.059675],[1.764426,49.059291],[1.763747,49.059953],[1.762629,49.060988],[1.761658,49.061879],[1.761478,49.06274],[1.761076,49.062415],[1.759987,49.063426],[1.759912,49.063511],[1.759264,49.063088],[1.758423,49.063799],[1.757728,49.063462],[1.75706,49.064083],[1.756703,49.063913],[1.756338,49.064288],[1.756294,49.064375],[1.755924,49.064763],[1.755787,49.064838],[1.755637,49.065071],[1.755499,49.065225],[1.755365,49.0652],[1.754196,49.065046],[1.753256,49.064971],[1.752811,49.064987],[1.752374,49.065023],[1.751266,49.065175],[1.751012,49.06519],[1.75087,49.065132],[1.750624,49.065271],[1.749788,49.065494],[1.749421,49.065621],[1.748191,49.06601],[1.748256,49.066333],[1.748284,49.066813],[1.748251,49.068231],[1.748099,49.068674],[1.747821,49.069253],[1.74778,49.069378],[1.747664,49.069487],[1.747652,49.07041],[1.74633,49.072838],[1.746173,49.073125],[1.746098,49.073371],[1.746196,49.073767],[1.746218,49.073985],[1.746445,49.074498],[1.746656,49.074766],[1.747058,49.075924],[1.747558,49.076619],[1.747837,49.076347],[1.75107,49.079228],[1.753953,49.080131],[1.754039,49.080207],[1.755173,49.081786],[1.755149,49.082012],[1.754945,49.083583],[1.754883,49.083681],[1.755073,49.084298],[1.75509,49.084666],[1.754904,49.086017],[1.75486,49.08663],[1.754949,49.086948],[1.754905,49.087606],[1.754951,49.087699],[1.757936,49.087627],[1.758252,49.087493],[1.760015,49.08742],[1.760407,49.087424],[1.760571,49.087368],[1.761359,49.087113],[1.761866,49.087077],[1.762033,49.08699],[1.762287,49.08694],[1.76358,49.086739],[1.765007,49.087021],[1.768395,49.086974],[1.769766,49.087361],[1.770407,49.087602],[1.770527,49.087724],[1.770726,49.088393],[1.771071,49.088676],[1.772033,49.088715],[1.773978,49.08996],[1.776246,49.08985],[1.776645,49.089853],[1.777446,49.089836],[1.777636,49.089854],[1.777335,49.089331],[1.777319,49.089211],[1.776986,49.088317],[1.777489,49.087073],[1.779581,49.086988],[1.78181,49.08714],[1.782367,49.086858],[1.783608,49.086311],[1.788499,49.08399],[1.789498,49.083643],[1.789926,49.083379],[1.790576,49.083091],[1.791017,49.08287],[1.791987,49.082465],[1.792769,49.082278],[1.792915,49.082197],[1.7938,49.081637],[1.794252,49.080918],[1.795278,49.07917],[1.795461,49.078547],[1.795136,49.078336],[1.795719,49.077826],[1.796498,49.072504],[1.796823,49.07207]]]}},{"type":"Feature","properties":{"nom":"Ambleville","code":"95011","population":388,"codeDepartement":"95"},"geometry":{"type":"Polygon","coordinates":[[[1.691683,49.128626],[1.691284,49.128852],[1.690463,49.129426],[1.689326,49.13015],[1.688769,49.130524],[1.688327,49.130853],[1.686643,49.132278],[1.684119,49.134436],[1.682827,49.135523],[1.682875,49.1357],[1.682557,49.136034],[1.68191,49.136315],[1.681445,49.136591],[1.680988,49.136818],[1.680366,49.137096],[1.680175,49.137153],[1.680137,49.13722],[1.678752,49.13808],[1.67894,49.138845],[1.677757,49.138919],[1.675661,49.138925],[1.675112,49.139072],[1.674726,49.139135],[1.674515,49.139246],[1.67448,49.139315],[1.674442,49.139624],[1.674535,49.139706],[1.675203,49.140006],[1.675431,49.140128],[1.6754,49.140438],[1.675131,49.140562],[1.674093,49.141141],[1.672603,49.141985],[1.672262,49.142133],[1.671716,49.142254],[1.670647,49.142364],[1.670367,49.142379],[1.670183,49.142355],[1.669907,49.142239],[1.669677,49.142085],[1.669604,49.142251],[1.669791,49.142455],[1.670028,49.142617],[1.670318,49.143009],[1.670464,49.143339],[1.670793,49.143924],[1.671184,49.144665],[1.671622,49.144482],[1.671481,49.144782],[1.671639,49.144993],[1.674318,49.145015],[1.674709,49.145112],[1.674752,49.145213],[1.675592,49.145593],[1.676889,49.14584],[1.676832,49.145933],[1.676977,49.14598],[1.676646,49.14655],[1.676455,49.146524],[1.67517,49.148684],[1.67501,49.148776],[1.674557,49.148849],[1.673898,49.148998],[1.67327,49.149165],[1.673119,49.149277],[1.672907,49.149663],[1.672765,49.149742],[1.672863,49.149917],[1.673129,49.150225],[1.673463,49.150692],[1.673987,49.151309],[1.674326,49.151834],[1.674446,49.152077],[1.674849,49.152546],[1.675496,49.153203],[1.676166,49.153865],[1.676742,49.154393],[1.677458,49.155084],[1.678609,49.156174],[1.678727,49.156339],[1.683295,49.15766],[1.683472,49.157576],[1.684102,49.157903],[1.684411,49.158157],[1.687101,49.159946],[1.693662,49.163718],[1.693499,49.163876],[1.698434,49.167136],[1.698719,49.167051],[1.699124,49.166875],[1.699746,49.166506],[1.703933,49.165281],[1.706273,49.164931],[1.70684,49.165258],[1.707734,49.166154],[1.708363,49.166105],[1.708867,49.166132],[1.70905,49.168371],[1.709125,49.168975],[1.70941,49.169699],[1.708998,49.169799],[1.709313,49.171856],[1.710906,49.172469],[1.71255,49.172381],[1.712539,49.172516],[1.712884,49.172599],[1.71424,49.172771],[1.714708,49.17274],[1.715286,49.17273],[1.715885,49.172759],[1.716283,49.172804],[1.716945,49.172935],[1.717551,49.173083],[1.718249,49.173315],[1.719113,49.173099],[1.719435,49.172988],[1.720341,49.172704],[1.720985,49.172451],[1.721409,49.172264],[1.722196,49.171999],[1.721395,49.170257],[1.721051,49.169966],[1.72083,49.169699],[1.720562,49.169183],[1.720304,49.168958],[1.719093,49.167864],[1.718668,49.167367],[1.717673,49.166289],[1.71908,49.165773],[1.717475,49.164376],[1.717255,49.164399],[1.717198,49.164266],[1.716951,49.16407],[1.716226,49.163656],[1.715624,49.163393],[1.712816,49.161986],[1.712953,49.161601],[1.712451,49.161453],[1.712051,49.161387],[1.711763,49.161298],[1.711221,49.161081],[1.711107,49.160972],[1.711214,49.160929],[1.711842,49.160464],[1.711514,49.160227],[1.711184,49.160044],[1.71076,49.159769],[1.710418,49.159588],[1.709534,49.159271],[1.70889,49.159054],[1.708499,49.158898],[1.708235,49.158586],[1.707796,49.157842],[1.707449,49.157285],[1.707197,49.156912],[1.707145,49.156678],[1.707008,49.15581],[1.706579,49.154782],[1.706431,49.154588],[1.70599,49.154188],[1.705964,49.153969],[1.705981,49.153662],[1.706033,49.153292],[1.706134,49.153092],[1.705605,49.151165],[1.705591,49.150837],[1.705435,49.150498],[1.705737,49.150461],[1.705689,49.150352],[1.705421,49.149205],[1.706356,49.14907],[1.706226,49.148835],[1.706135,49.148749],[1.705969,49.148369],[1.705788,49.148173],[1.705736,49.148012],[1.705519,49.147623],[1.704844,49.146239],[1.7067,49.145451],[1.706595,49.144277],[1.70722,49.143997],[1.707112,49.143482],[1.707051,49.143325],[1.706684,49.142654],[1.706187,49.141628],[1.706097,49.141301],[1.70524,49.13993],[1.704552,49.138722],[1.703543,49.137073],[1.702343,49.135534],[1.701915,49.135494],[1.700512,49.134059],[1.699361,49.1346],[1.69749,49.132886],[1.696803,49.13246],[1.693862,49.13068],[1.694351,49.130349],[1.692975,49.129658],[1.691683,49.128626]]]}},{"type":"Feature","properties":{"nom":"Amenucourt","code":"95012","population":212,"codeDepartement":"95"},"geometry":{"type":"Polygon","coordinates":[[[1.623409,49.086],[1.6229,49.086235],[1.619719,49.087568],[1.619169,49.08748],[1.618915,49.087459],[1.618811,49.08751],[1.619216,49.087711],[1.618621,49.08826],[1.618384,49.088586],[1.619749,49.088746],[1.619935,49.089064],[1.620318,49.089335],[1.620954,49.089612],[1.621392,49.08972],[1.621748,49.089883],[1.621805,49.089945],[1.622222,49.09024],[1.622696,49.090532],[1.623165,49.090746],[1.623232,49.090972],[1.622848,49.091043],[1.623224,49.092433],[1.623036,49.092569],[1.622993,49.092648],[1.622512,49.092774],[1.622668,49.093015],[1.622796,49.093142],[1.623135,49.093392],[1.623419,49.093529],[1.623037,49.093503],[1.622631,49.093398],[1.621944,49.093517],[1.620563,49.093664],[1.620227,49.093673],[1.620022,49.093829],[1.6199,49.09386],[1.619655,49.093674],[1.619573,49.093699],[1.619451,49.093916],[1.619318,49.093933],[1.618967,49.093826],[1.618734,49.093793],[1.618635,49.093896],[1.618395,49.093987],[1.618047,49.093926],[1.61758,49.094019],[1.617455,49.093904],[1.617132,49.093872],[1.617275,49.094059],[1.617359,49.094269],[1.617447,49.094714],[1.617451,49.095018],[1.617491,49.095222],[1.617703,49.095449],[1.617846,49.095512],[1.618444,49.095672],[1.618589,49.095792],[1.61856,49.096023],[1.61834,49.096338],[1.618286,49.096579],[1.618427,49.096879],[1.618681,49.097106],[1.619084,49.097255],[1.619529,49.097297],[1.620086,49.097267],[1.620361,49.097285],[1.620601,49.097354],[1.620762,49.097479],[1.621065,49.097836],[1.62131,49.09817],[1.621341,49.098312],[1.621314,49.09848],[1.621173,49.09879],[1.620996,49.099037],[1.620993,49.099245],[1.621408,49.099687],[1.62155,49.09993],[1.621587,49.10037],[1.621404,49.10055],[1.621384,49.100719],[1.621513,49.100776],[1.622111,49.100954],[1.622922,49.101127],[1.623701,49.101375],[1.623897,49.101512],[1.624056,49.101693],[1.624498,49.102023],[1.624729,49.102114],[1.625054,49.1022],[1.625448,49.102254],[1.626082,49.102258],[1.626453,49.102226],[1.626676,49.102233],[1.62682,49.102301],[1.627115,49.102641],[1.627276,49.102897],[1.627272,49.103099],[1.626846,49.103525],[1.626578,49.104273],[1.626583,49.104504],[1.626655,49.104708],[1.626876,49.10503],[1.627154,49.105336],[1.627562,49.105705],[1.627939,49.106282],[1.62805,49.106402],[1.628891,49.106987],[1.629444,49.107294],[1.629537,49.107397],[1.629586,49.10756],[1.629582,49.107819],[1.629418,49.108523],[1.629515,49.108941],[1.629538,49.10916],[1.629472,49.109616],[1.629577,49.109989],[1.629695,49.110165],[1.630002,49.110342],[1.630429,49.110456],[1.630704,49.110469],[1.631348,49.110445],[1.631579,49.11048],[1.631904,49.110573],[1.632203,49.110704],[1.632417,49.110757],[1.632829,49.11077],[1.632983,49.110799],[1.633084,49.110969],[1.633037,49.11116],[1.632538,49.111309],[1.63233,49.11141],[1.632199,49.111538],[1.632164,49.111678],[1.632187,49.111842],[1.632287,49.112034],[1.632482,49.112177],[1.63279,49.112286],[1.633697,49.112491],[1.634095,49.112656],[1.634276,49.112765],[1.634366,49.112898],[1.634531,49.113583],[1.634619,49.113825],[1.634718,49.113984],[1.634916,49.114106],[1.635356,49.114251],[1.635574,49.114246],[1.635789,49.114302],[1.63607,49.114463],[1.636441,49.114762],[1.636847,49.114999],[1.637485,49.115277],[1.637949,49.11557],[1.638877,49.116067],[1.639059,49.116114],[1.639474,49.116395],[1.639686,49.116654],[1.63985,49.116809],[1.640033,49.116831],[1.640195,49.116696],[1.640223,49.116438],[1.640275,49.116275],[1.640401,49.116187],[1.640677,49.116162],[1.641435,49.116232],[1.641809,49.116306],[1.642175,49.116445],[1.642415,49.1166],[1.642596,49.116814],[1.642727,49.117018],[1.642814,49.11732],[1.642987,49.117474],[1.643399,49.117772],[1.643797,49.11801],[1.644219,49.11821],[1.644449,49.118562],[1.644513,49.118715],[1.644535,49.118978],[1.645083,49.119694],[1.645165,49.119859],[1.645133,49.120424],[1.645204,49.120582],[1.645486,49.120765],[1.646174,49.121113],[1.646513,49.121312],[1.646612,49.121406],[1.646667,49.121588],[1.64669,49.121829],[1.646683,49.122228],[1.64663,49.122468],[1.646432,49.122862],[1.646342,49.123345],[1.64642,49.123738],[1.64665,49.124091],[1.647003,49.124465],[1.647176,49.124591],[1.647358,49.124659],[1.648192,49.124779],[1.6488,49.124848],[1.649458,49.124906],[1.649633,49.124962],[1.649807,49.125068],[1.649931,49.125194],[1.650022,49.125814],[1.650065,49.126318],[1.650182,49.126867],[1.65028,49.127059],[1.650436,49.127201],[1.650627,49.127302],[1.651226,49.127394],[1.651986,49.127426],[1.652253,49.127471],[1.652551,49.12762],[1.652747,49.12794],[1.652787,49.12806],[1.652652,49.128733],[1.652671,49.129209],[1.65271,49.129352],[1.65305,49.129513],[1.654898,49.129896],[1.655491,49.129917],[1.655673,49.12996],[1.655761,49.130198],[1.655734,49.130471],[1.655648,49.130762],[1.65573,49.130757],[1.657206,49.130442],[1.658618,49.130276],[1.659093,49.130239],[1.659561,49.130225],[1.659688,49.130282],[1.661235,49.130209],[1.661402,49.13013],[1.661785,49.130034],[1.662148,49.129893],[1.662789,49.12973],[1.663164,49.129591],[1.664028,49.129373],[1.665392,49.128969],[1.666226,49.128805],[1.667297,49.128564],[1.669998,49.127863],[1.670021,49.127822],[1.670751,49.127592],[1.67076,49.127542],[1.671208,49.127434],[1.671358,49.126838],[1.671405,49.126235],[1.671284,49.124253],[1.671214,49.12389],[1.671098,49.123452],[1.670976,49.123137],[1.670857,49.122543],[1.670782,49.121987],[1.670781,49.121602],[1.670652,49.12087],[1.670571,49.120539],[1.670461,49.120202],[1.669993,49.119085],[1.669783,49.118487],[1.669641,49.11791],[1.669624,49.117589],[1.66958,49.117319],[1.669496,49.116578],[1.669418,49.115467],[1.669347,49.115325],[1.66975,49.114904],[1.670335,49.114242],[1.671019,49.113495],[1.671702,49.11272],[1.67194,49.112531],[1.672292,49.112201],[1.672861,49.111547],[1.673093,49.111251],[1.673905,49.110358],[1.674093,49.110007],[1.674242,49.109635],[1.674323,49.109251],[1.674341,49.108404],[1.675101,49.108298],[1.676595,49.108027],[1.670539,49.104742],[1.665392,49.101952],[1.664505,49.101169],[1.664384,49.100982],[1.662765,49.099603],[1.661111,49.098158],[1.658712,49.096002],[1.657202,49.096451],[1.656867,49.096631],[1.656575,49.096923],[1.656305,49.097331],[1.656239,49.097566],[1.656042,49.097925],[1.655756,49.0984],[1.655583,49.098625],[1.655371,49.098777],[1.654612,49.099574],[1.65413,49.100119],[1.653949,49.100597],[1.653738,49.101019],[1.653484,49.101424],[1.653119,49.101951],[1.652734,49.102551],[1.652445,49.102864],[1.652458,49.102965],[1.652305,49.103203],[1.651329,49.104074],[1.651062,49.104294],[1.653309,49.105199],[1.654587,49.105202],[1.65665,49.105156],[1.656489,49.105263],[1.655722,49.105594],[1.654833,49.106005],[1.654544,49.106158],[1.654109,49.106455],[1.653878,49.106648],[1.653588,49.106945],[1.653169,49.107644],[1.652958,49.107939],[1.652826,49.108069],[1.652159,49.108582],[1.651957,49.108696],[1.651463,49.108652],[1.650072,49.108336],[1.648495,49.107832],[1.647966,49.107501],[1.647448,49.107259],[1.646707,49.107062],[1.645233,49.106743],[1.644389,49.106446],[1.643792,49.106267],[1.642736,49.105733],[1.642489,49.105521],[1.642576,49.105263],[1.643195,49.104958],[1.64355,49.104729],[1.643916,49.104378],[1.644156,49.103992],[1.644413,49.103534],[1.643857,49.103389],[1.644063,49.103032],[1.643,49.102713],[1.643332,49.102332],[1.643618,49.102078],[1.643867,49.101902],[1.644074,49.101815],[1.644372,49.10175],[1.645083,49.101675],[1.646051,49.101538],[1.646477,49.101423],[1.646828,49.101303],[1.647308,49.101177],[1.647557,49.101135],[1.648031,49.101095],[1.648222,49.101039],[1.648761,49.10077],[1.649115,49.100491],[1.64896,49.100364],[1.648953,49.100273],[1.648685,49.100097],[1.648491,49.100016],[1.64803,49.099633],[1.647161,49.098985],[1.646847,49.098865],[1.646189,49.09842],[1.645752,49.098106],[1.645607,49.097939],[1.645489,49.097558],[1.642511,49.097858],[1.640107,49.098095],[1.640238,49.098761],[1.640307,49.099047],[1.636547,49.099941],[1.635037,49.100334],[1.635009,49.100275],[1.633453,49.100685],[1.633038,49.100398],[1.632897,49.100232],[1.6318,49.099392],[1.631774,49.099308],[1.631558,49.099019],[1.631488,49.098976],[1.631397,49.09878],[1.6314,49.09864],[1.631541,49.09847],[1.632192,49.098361],[1.631425,49.097168],[1.631187,49.096736],[1.632208,49.096431],[1.632065,49.095879],[1.63198,49.095744],[1.631294,49.094975],[1.63094,49.094638],[1.63084,49.094513],[1.630107,49.093876],[1.630204,49.093633],[1.630354,49.093486],[1.630488,49.093292],[1.630661,49.093169],[1.630858,49.09296],[1.631091,49.092835],[1.631797,49.092294],[1.631994,49.092084],[1.632892,49.091259],[1.633467,49.090666],[1.633535,49.090581],[1.631683,49.089826],[1.630463,49.088886],[1.63025,49.088809],[1.630141,49.088938],[1.629816,49.088771],[1.629519,49.089025],[1.627429,49.087684],[1.626587,49.087889],[1.626238,49.087722],[1.625926,49.087487],[1.625681,49.087179],[1.625465,49.086792],[1.624496,49.086926],[1.624467,49.086749],[1.623409,49.086]]]}},{"type":"Feature","properties":{"nom":"Andilly","code":"95014","population":2742,"codeDepartement":"95"},"geometry":{"type":"Polygon","coordinates":[[[2.292845,48.995883],[2.292009,48.996138],[2.29132,48.996385],[2.290551,48.996642],[2.290142,48.996798],[2.290624,48.9974],[2.29178,48.998619],[2.292115,48.998903],[2.292349,48.999021],[2.292858,48.999134],[2.293429,48.999307],[2.293835,48.999477],[2.294185,48.999684],[2.294537,49.000042],[2.294962,49.000591],[2.295205,49.001021],[2.295928,49.002264],[2.295966,49.002432],[2.296132,49.002618],[2.297119,49.003346],[2.297226,49.003462],[2.294855,49.003743],[2.294776,49.004468],[2.294511,49.004507],[2.294942,49.005904],[2.294554,49.005899],[2.29416,49.005933],[2.293361,49.006081],[2.292218,49.006225],[2.291501,49.006378],[2.291692,49.006668],[2.292018,49.006612],[2.292229,49.006971],[2.291695,49.007098],[2.29218,49.007787],[2.292822,49.007598],[2.29298,49.007729],[2.293251,49.008113],[2.293619,49.008596],[2.29406,49.00926],[2.294611,49.00907],[2.294778,49.009401],[2.295122,49.009844],[2.295284,49.010132],[2.295324,49.010317],[2.2957,49.010694],[2.297135,49.01095],[2.298112,49.011871],[2.299849,49.01486],[2.300014,49.014965],[2.300636,49.015268],[2.30086,49.015405],[2.301107,49.015516],[2.301503,49.015856],[2.301575,49.015984],[2.300901,49.016687],[2.300221,49.017082],[2.300403,49.017375],[2.300318,49.017502],[2.300121,49.01802],[2.300056,49.018315],[2.30012,49.018654],[2.300292,49.018921],[2.300404,49.018987],[2.300946,49.019177],[2.301181,49.019298],[2.301673,49.01968],[2.301835,49.019885],[2.301919,49.020124],[2.302081,49.020367],[2.302242,49.020487],[2.302706,49.020776],[2.302983,49.020923],[2.303105,49.0211],[2.303087,49.02128],[2.302614,49.021531],[2.302558,49.021823],[2.302332,49.022275],[2.302296,49.022505],[2.302191,49.022896],[2.301647,49.023046],[2.301453,49.02409],[2.302597,49.024008],[2.302649,49.024076],[2.303858,49.024034],[2.304529,49.024002],[2.305079,49.023934],[2.305749,49.023789],[2.305732,49.023685],[2.305833,49.023481],[2.305919,49.023395],[2.305038,49.023125],[2.305072,49.023054],[2.304208,49.022763],[2.30413,49.020792],[2.304487,49.020602],[2.305588,49.02009],[2.306979,49.019409],[2.308192,49.018854],[2.30854,49.018681],[2.30931,49.018261],[2.310203,49.017884],[2.3113,49.017362],[2.311562,49.017227],[2.312815,49.016648],[2.313091,49.016598],[2.312838,49.016179],[2.312736,49.015817],[2.312723,49.015656],[2.312738,49.014815],[2.312666,49.014402],[2.312566,49.014229],[2.312061,49.01353],[2.311799,49.013186],[2.311649,49.012922],[2.311427,49.012174],[2.311375,49.011935],[2.311401,49.011748],[2.311532,49.011552],[2.311939,49.011202],[2.312048,49.011001],[2.312131,49.010728],[2.312215,49.010319],[2.312239,49.009869],[2.312401,49.009599],[2.312602,49.009425],[2.313003,49.009131],[2.313262,49.008906],[2.313633,49.008421],[2.313921,49.007974],[2.313666,49.007843],[2.311692,49.006789],[2.310876,49.00636],[2.311296,49.006048],[2.311791,49.00573],[2.312433,49.005337],[2.313012,49.005043],[2.312676,49.004648],[2.311992,49.004491],[2.311687,49.004376],[2.311225,49.004068],[2.310999,49.00378],[2.310788,49.002089],[2.309039,49.001754],[2.308589,49.001747],[2.308444,49.00179],[2.307907,49.002065],[2.307668,49.002171],[2.307384,49.002232],[2.306542,49.0023],[2.305954,49.002499],[2.30502,49.001228],[2.30498,49.000545],[2.305106,49.000001],[2.304978,48.999429],[2.304606,48.998826],[2.303654,48.997392],[2.296203,48.995659],[2.295763,48.995575],[2.294902,48.995578],[2.294443,48.995629],[2.294198,48.995675],[2.293585,48.995746],[2.292845,48.995883]]]}},{"type":"Feature","properties":{"nom":"Argenteuil","code":"95018","population":106130,"codeDepartement":"95"},"geometry":{"type":"Polygon","coordinates":[[[2.274193,48.963957],[2.274502,48.964042],[2.275474,48.964083],[2.276277,48.96404],[2.276101,48.963478],[2.276531,48.963491],[2.276541,48.962038],[2.27676,48.962007],[2.278442,48.961843],[2.279229,48.961827],[2.279309,48.961183],[2.279728,48.961205],[2.279893,48.960385],[2.279914,48.959998],[2.279772,48.959701],[2.279974,48.959663],[2.280177,48.959682],[2.28182,48.959934],[2.282777,48.960088],[2.283042,48.959454],[2.288174,48.959858],[2.288429,48.959828],[2.288364,48.959379],[2.288365,48.959022],[2.28833,48.958384],[2.289628,48.956028],[2.291939,48.951982],[2.292215,48.951468],[2.290805,48.951088],[2.287957,48.950761],[2.285459,48.950419],[2.285046,48.95037],[2.28149,48.949755],[2.279002,48.949037],[2.275083,48.947999],[2.272472,48.947404],[2.270674,48.947062],[2.269693,48.946819],[2.26909,48.946694],[2.268613,48.946535],[2.268153,48.946336],[2.267147,48.945928],[2.266709,48.945731],[2.265175,48.944984],[2.263596,48.944394],[2.263156,48.944204],[2.262163,48.943879],[2.261775,48.943764],[2.26092,48.943438],[2.260274,48.943137],[2.25982,48.942954],[2.258983,48.942542],[2.258627,48.942355],[2.257912,48.941923],[2.257083,48.941367],[2.256405,48.940844],[2.256066,48.940597],[2.255578,48.940188],[2.255267,48.940072],[2.253727,48.939444],[2.252889,48.939113],[2.25221,48.938831],[2.251702,48.938606],[2.250996,48.938323],[2.250335,48.938033],[2.249046,48.937414],[2.24856,48.937209],[2.247561,48.93674],[2.247267,48.936597],[2.245868,48.935834],[2.24458,48.93485],[2.244196,48.934594],[2.243496,48.934051],[2.242643,48.933419],[2.241766,48.932853],[2.23888,48.931558],[2.237675,48.931085],[2.236867,48.930723],[2.23609,48.930396],[2.234937,48.929775],[2.23301,48.928772],[2.231747,48.928082],[2.23114,48.927733],[2.230316,48.928387],[2.229281,48.929237],[2.227859,48.930418],[2.226257,48.929546],[2.225662,48.929208],[2.224444,48.930796],[2.224576,48.930839],[2.223215,48.932934],[2.223284,48.932974],[2.222337,48.934206],[2.221998,48.934629],[2.221729,48.934656],[2.22113,48.934776],[2.220024,48.934849],[2.219705,48.934835],[2.2172,48.935966],[2.217404,48.936404],[2.217428,48.936523],[2.217295,48.937223],[2.216251,48.936901],[2.216054,48.937157],[2.215887,48.93716],[2.215855,48.937368],[2.215511,48.937361],[2.215152,48.937206],[2.215047,48.937398],[2.214114,48.93705],[2.213541,48.937699],[2.213519,48.937762],[2.213193,48.937655],[2.212349,48.937804],[2.211028,48.938024],[2.210338,48.938005],[2.210359,48.938929],[2.208316,48.938999],[2.208288,48.939567],[2.207313,48.939481],[2.206901,48.939418],[2.206916,48.940383],[2.206809,48.941382],[2.206644,48.941292],[2.206094,48.940653],[2.205763,48.941354],[2.205281,48.9414],[2.205355,48.942099],[2.205627,48.942977],[2.206012,48.944627],[2.206084,48.946129],[2.20627,48.946122],[2.206059,48.948313],[2.206005,48.948793],[2.205948,48.949516],[2.205867,48.949861],[2.205852,48.950408],[2.205817,48.95074],[2.205705,48.952079],[2.205605,48.953157],[2.205503,48.95413],[2.205337,48.955952],[2.20485,48.956013],[2.204539,48.956114],[2.203319,48.956566],[2.203896,48.957358],[2.204437,48.957972],[2.204956,48.958384],[2.20516,48.958626],[2.205208,48.958731],[2.205697,48.959291],[2.206495,48.96027],[2.206902,48.96062],[2.207765,48.96144],[2.208317,48.961886],[2.208772,48.962309],[2.20922,48.962697],[2.2099,48.963317],[2.210324,48.963688],[2.210937,48.964255],[2.211217,48.964478],[2.211486,48.964749],[2.212788,48.964066],[2.213149,48.963887],[2.213522,48.963727],[2.214542,48.964782],[2.214935,48.965245],[2.217255,48.967642],[2.21778,48.968117],[2.218502,48.969009],[2.218747,48.968893],[2.219513,48.969533],[2.220142,48.97015],[2.220649,48.970028],[2.222715,48.972421],[2.22312,48.972327],[2.223515,48.972185],[2.224065,48.971937],[2.224576,48.971631],[2.22478,48.971473],[2.225431,48.971118],[2.225733,48.971025],[2.230371,48.970131],[2.230295,48.969678],[2.230242,48.969546],[2.230395,48.969447],[2.231146,48.968826],[2.231386,48.968472],[2.231586,48.968005],[2.231618,48.967842],[2.231752,48.967487],[2.233042,48.967875],[2.233752,48.967997],[2.234001,48.968074],[2.234607,48.968205],[2.235558,48.968325],[2.23608,48.9683],[2.236567,48.968215],[2.237617,48.967929],[2.23805,48.967723],[2.238388,48.967628],[2.2387,48.967497],[2.240139,48.967203],[2.240446,48.967165],[2.240969,48.966903],[2.241085,48.966876],[2.241491,48.966904],[2.242048,48.966815],[2.242445,48.966721],[2.242783,48.966577],[2.243025,48.966847],[2.243486,48.967215],[2.243784,48.967067],[2.244213,48.966983],[2.244526,48.966954],[2.24446,48.966867],[2.244961,48.966807],[2.245353,48.966731],[2.245916,48.966676],[2.245884,48.96659],[2.246917,48.966306],[2.247439,48.966063],[2.248065,48.965896],[2.248729,48.965602],[2.249415,48.965332],[2.249268,48.965252],[2.248636,48.964608],[2.248178,48.964161],[2.249122,48.963966],[2.24909,48.963884],[2.250021,48.963698],[2.249993,48.963647],[2.252663,48.963524],[2.253627,48.96349],[2.253701,48.963686],[2.254414,48.963467],[2.254598,48.96373],[2.254712,48.963666],[2.255155,48.963597],[2.255693,48.963552],[2.256854,48.963422],[2.256942,48.963672],[2.258205,48.963523],[2.258792,48.963426],[2.258946,48.963464],[2.260275,48.963088],[2.260741,48.962949],[2.261096,48.962883],[2.261716,48.962697],[2.263166,48.96233],[2.263254,48.962327],[2.263693,48.962006],[2.264046,48.962149],[2.26447,48.962026],[2.264603,48.962155],[2.265055,48.962988],[2.265531,48.962911],[2.265632,48.962945],[2.265726,48.963134],[2.266779,48.963105],[2.267051,48.963112],[2.267794,48.963177],[2.267836,48.963451],[2.267815,48.963658],[2.268425,48.963855],[2.268824,48.963951],[2.269317,48.963998],[2.271163,48.964106],[2.271277,48.964168],[2.271336,48.964296],[2.273081,48.964239],[2.273085,48.963692],[2.273102,48.963654],[2.273676,48.963782],[2.274193,48.963957]]]}},{"type":"Feature","properties":{"nom":"Arnouville","code":"95019","population":15023,"codeDepartement":"95"},"geometry":{"type":"Polygon","coordinates":[[[2.432363,48.980093],[2.432354,48.979882],[2.432172,48.979751],[2.43166,48.979501],[2.430924,48.978943],[2.430472,48.978811],[2.429142,48.97832],[2.427221,48.977592],[2.426799,48.977445],[2.425932,48.9771],[2.425247,48.976792],[2.425224,48.97596],[2.424989,48.975532],[2.424799,48.975222],[2.424812,48.974942],[2.424463,48.974855],[2.424222,48.974915],[2.4239,48.975197],[2.423454,48.975325],[2.423269,48.975458],[2.423022,48.975812],[2.422554,48.976098],[2.42239,48.976253],[2.422335,48.976366],[2.421156,48.976568],[2.421241,48.976764],[2.421092,48.976913],[2.421095,48.97711],[2.420455,48.977307],[2.419674,48.97753],[2.419417,48.977631],[2.418954,48.977772],[2.418659,48.977828],[2.418228,48.97796],[2.418158,48.977828],[2.417787,48.977817],[2.417632,48.977991],[2.417723,48.978125],[2.4166,48.978469],[2.417535,48.979892],[2.417382,48.979931],[2.417482,48.980115],[2.41719,48.980225],[2.416802,48.980468],[2.41621,48.980705],[2.41556,48.980887],[2.415164,48.980948],[2.414454,48.98099],[2.414036,48.980995],[2.41311,48.981034],[2.412268,48.980893],[2.410019,48.981308],[2.409898,48.981383],[2.408773,48.981925],[2.408192,48.982218],[2.407591,48.982254],[2.407385,48.982645],[2.407157,48.982764],[2.404427,48.982865],[2.40413,48.983039],[2.40387,48.982231],[2.401375,48.982721],[2.401763,48.984752],[2.401148,48.984776],[2.401736,48.985695],[2.401936,48.986074],[2.402301,48.98664],[2.403336,48.988033],[2.403527,48.98796],[2.404596,48.989015],[2.404809,48.988914],[2.405722,48.989814],[2.406294,48.989528],[2.407127,48.99054],[2.407683,48.991269],[2.408183,48.99189],[2.408211,48.991926],[2.409314,48.993657],[2.409866,48.993539],[2.410053,48.993837],[2.411046,48.993674],[2.411871,48.993585],[2.411954,48.993809],[2.412739,48.993795],[2.413805,48.993766],[2.414038,48.995042],[2.41403,48.995156],[2.415021,48.995195],[2.415577,48.995228],[2.415046,48.996489],[2.414475,48.998045],[2.414565,48.998059],[2.416423,48.998161],[2.416474,48.998624],[2.416992,48.998374],[2.420435,48.99627],[2.42219,48.994517],[2.421171,48.994315],[2.421807,48.993094],[2.42258,48.993185],[2.423144,48.992541],[2.423314,48.992054],[2.424082,48.989777],[2.42452,48.98873],[2.424934,48.988156],[2.425331,48.987638],[2.425477,48.987397],[2.425969,48.986784],[2.426605,48.985972],[2.426888,48.985377],[2.427285,48.985368],[2.429592,48.983726],[2.430224,48.983226],[2.430622,48.982879],[2.430826,48.982575],[2.431072,48.982153],[2.431182,48.982023],[2.431884,48.980925],[2.432256,48.98033],[2.432363,48.980093]]]}},{"type":"Feature","properties":{"nom":"Arronville","code":"95023","population":618,"codeDepartement":"95"},"geometry":{"type":"Polygon","coordinates":[[[2.072763,49.169935],[2.075098,49.170326],[2.075464,49.171283],[2.075953,49.172433],[2.076226,49.173105],[2.07635,49.173321],[2.076795,49.174774],[2.075499,49.174621],[2.078444,49.177344],[2.081381,49.180072],[2.082709,49.181423],[2.084407,49.183136],[2.085244,49.184703],[2.085337,49.184925],[2.085447,49.185065],[2.085107,49.185289],[2.084004,49.185899],[2.085358,49.186936],[2.08606,49.187969],[2.0875,49.187746],[2.08768,49.187704],[2.088295,49.187623],[2.088897,49.1895],[2.089073,49.189981],[2.089147,49.190338],[2.089855,49.190386],[2.091487,49.19032],[2.091822,49.190318],[2.092253,49.190374],[2.0928,49.190415],[2.093327,49.190403],[2.094477,49.190217],[2.095318,49.19011],[2.09575,49.190073],[2.096771,49.189786],[2.097719,49.189173],[2.101992,49.190436],[2.10206,49.190444],[2.102465,49.189894],[2.103022,49.18908],[2.103617,49.188913],[2.105488,49.18958],[2.106706,49.190053],[2.107645,49.190229],[2.108349,49.190452],[2.108573,49.190543],[2.108884,49.190713],[2.109116,49.190925],[2.109511,49.190762],[2.109495,49.190589],[2.109556,49.190557],[2.109413,49.1901],[2.10937,49.190071],[2.109949,49.189623],[2.10996,49.189383],[2.109836,49.189176],[2.109527,49.188878],[2.1097,49.188792],[2.110059,49.188193],[2.110524,49.187467],[2.110625,49.187426],[2.111044,49.186981],[2.111738,49.18726],[2.112228,49.187391],[2.112817,49.187502],[2.112991,49.187198],[2.113337,49.186544],[2.113912,49.186674],[2.114221,49.186689],[2.11632,49.186957],[2.116355,49.186906],[2.117628,49.187241],[2.117827,49.187318],[2.117938,49.187214],[2.118513,49.187437],[2.118557,49.187399],[2.121764,49.188733],[2.122317,49.188956],[2.123047,49.189469],[2.123868,49.189911],[2.124999,49.190579],[2.125263,49.191259],[2.1255,49.191641],[2.125587,49.191737],[2.125838,49.19178],[2.12599,49.191705],[2.125487,49.192849],[2.127389,49.193221],[2.127972,49.193399],[2.127979,49.193588],[2.129588,49.192924],[2.13065,49.192527],[2.130002,49.19156],[2.131841,49.19066],[2.13522,49.191181],[2.13519,49.190719],[2.135239,49.190487],[2.135147,49.188299],[2.13627,49.183377],[2.136543,49.182379],[2.136838,49.181347],[2.136915,49.180803],[2.136903,49.180575],[2.136822,49.179987],[2.136713,49.179617],[2.136476,49.179005],[2.13804,49.178976],[2.139521,49.17894],[2.140762,49.178919],[2.14082,49.180491],[2.140871,49.181534],[2.141113,49.181513],[2.14108,49.182306],[2.141182,49.183043],[2.141263,49.183291],[2.141306,49.183567],[2.141308,49.183968],[2.141244,49.185893],[2.14178,49.186029],[2.14359,49.186825],[2.143806,49.186913],[2.145367,49.187485],[2.146204,49.187807],[2.146812,49.188021],[2.147284,49.18805],[2.148028,49.185084],[2.148047,49.185031],[2.15209,49.183562],[2.152383,49.183819],[2.153171,49.183564],[2.155761,49.18275],[2.156015,49.182846],[2.156143,49.183116],[2.156911,49.182727],[2.157417,49.182434],[2.15867,49.181804],[2.159165,49.181523],[2.159069,49.181238],[2.160047,49.180633],[2.160724,49.180147],[2.161085,49.179912],[2.161702,49.179588],[2.161811,49.179677],[2.162424,49.17955],[2.164051,49.179767],[2.16451,49.179549],[2.164638,49.179437],[2.165018,49.178924],[2.164073,49.178071],[2.163229,49.177298],[2.162635,49.176846],[2.161498,49.176004],[2.161451,49.175941],[2.160873,49.174776],[2.16084,49.174647],[2.160671,49.174373],[2.160392,49.17414],[2.159303,49.173396],[2.158312,49.172778],[2.158034,49.17263],[2.156316,49.171829],[2.155154,49.171096],[2.154694,49.170741],[2.154403,49.170446],[2.153895,49.170008],[2.153429,49.169518],[2.152783,49.169113],[2.150238,49.16742],[2.148919,49.166344],[2.148366,49.166454],[2.146978,49.166842],[2.14649,49.166916],[2.146323,49.166818],[2.145913,49.166897],[2.14294,49.168229],[2.142102,49.168666],[2.141107,49.169489],[2.139452,49.170839],[2.139386,49.171442],[2.139294,49.171926],[2.139069,49.17237],[2.138831,49.172664],[2.137502,49.174549],[2.134344,49.175073],[2.129011,49.175918],[2.127414,49.173051],[2.126935,49.171782],[2.126974,49.171183],[2.127105,49.17079],[2.127176,49.170435],[2.127279,49.170064],[2.127251,49.169701],[2.127186,49.169504],[2.126915,49.1692],[2.126864,49.169082],[2.126818,49.168804],[2.126832,49.16815],[2.126907,49.167877],[2.126428,49.165347],[2.125903,49.162814],[2.127837,49.160751],[2.128222,49.160326],[2.12692,49.160085],[2.125952,49.159906],[2.124898,49.159742],[2.122361,49.15969],[2.121509,49.157729],[2.118079,49.155146],[2.117767,49.155194],[2.11714,49.153214],[2.114024,49.154282],[2.113753,49.154401],[2.111825,49.155079],[2.111117,49.155346],[2.108633,49.156221],[2.107503,49.156624],[2.106342,49.157026],[2.106221,49.157053],[2.106459,49.157397],[2.106371,49.157414],[2.106094,49.157673],[2.105782,49.15789],[2.105574,49.158005],[2.105198,49.158099],[2.104378,49.15819],[2.103201,49.15835],[2.102269,49.15831],[2.101762,49.158158],[2.097107,49.158356],[2.096656,49.158357],[2.095397,49.15862],[2.094329,49.158946],[2.093947,49.159227],[2.093638,49.159365],[2.093316,49.159601],[2.093185,49.15973],[2.092895,49.160117],[2.092854,49.160684],[2.09268,49.160693],[2.091733,49.160299],[2.088721,49.160315],[2.087092,49.160551],[2.087199,49.161578],[2.087231,49.162589],[2.087233,49.163195],[2.083622,49.162797],[2.08279,49.16296],[2.081541,49.162792],[2.080964,49.162164],[2.08081,49.161795],[2.078772,49.16206],[2.077361,49.162071],[2.077366,49.163393],[2.075541,49.163162],[2.075411,49.163415],[2.075101,49.164179],[2.075105,49.164241],[2.074841,49.165132],[2.073115,49.167362],[2.072801,49.169801],[2.072763,49.169935]]]}},{"type":"Feature","properties":{"nom":"Arthies","code":"95024","population":265,"codeDepartement":"95"},"geometry":{"type":"Polygon","coordinates":[[[1.793125,49.11494],[1.795928,49.11352],[1.796289,49.113968],[1.796496,49.114162],[1.799855,49.112285],[1.800504,49.111927],[1.800786,49.11231],[1.801147,49.112626],[1.804884,49.1113],[1.80825,49.110091],[1.80879,49.110722],[1.80896,49.110952],[1.815348,49.107931],[1.814282,49.107093],[1.813635,49.106599],[1.814559,49.106193],[1.816067,49.105511],[1.818452,49.104416],[1.815158,49.101727],[1.814066,49.101673],[1.813861,49.101618],[1.812764,49.101203],[1.810988,49.100482],[1.8097,49.099975],[1.809515,49.09992],[1.809126,49.099855],[1.807747,49.09981],[1.808256,49.099275],[1.810171,49.097335],[1.805294,49.095278],[1.805841,49.094752],[1.806097,49.094594],[1.806525,49.094298],[1.806059,49.093876],[1.805416,49.093222],[1.804698,49.092509],[1.804407,49.092248],[1.803738,49.091569],[1.804023,49.091139],[1.803913,49.090478],[1.804253,49.090068],[1.804063,49.089647],[1.803167,49.088715],[1.802301,49.086211],[1.80222,49.086171],[1.801167,49.085794],[1.801562,49.08536],[1.801408,49.084907],[1.801629,49.084484],[1.801926,49.083723],[1.802165,49.083569],[1.802444,49.08334],[1.802698,49.082968],[1.802772,49.082778],[1.802876,49.082367],[1.803089,49.082192],[1.803487,49.082032],[1.804076,49.08183],[1.806185,49.081046],[1.806757,49.080865],[1.807688,49.080641],[1.80844,49.080415],[1.80862,49.080332],[1.809719,49.080041],[1.809794,49.079215],[1.810522,49.078655],[1.811194,49.078247],[1.811428,49.078359],[1.812109,49.078851],[1.812382,49.07902],[1.812938,49.079466],[1.813135,49.07918],[1.813351,49.078923],[1.813687,49.078464],[1.814151,49.077913],[1.814249,49.077754],[1.81463,49.077275],[1.814849,49.076951],[1.815052,49.076714],[1.815213,49.076425],[1.815185,49.07632],[1.814788,49.075693],[1.814622,49.075502],[1.814375,49.075296],[1.813413,49.074769],[1.813019,49.074506],[1.812835,49.07442],[1.812414,49.074162],[1.812171,49.073988],[1.811877,49.073815],[1.810915,49.073151],[1.810792,49.073084],[1.810496,49.073028],[1.809645,49.073127],[1.808367,49.073259],[1.807891,49.073273],[1.807097,49.073166],[1.806806,49.073154],[1.806074,49.073205],[1.805492,49.073322],[1.804659,49.073598],[1.804183,49.073817],[1.803907,49.073741],[1.801667,49.073288],[1.800701,49.07306],[1.799859,49.072891],[1.798732,49.072598],[1.798197,49.072434],[1.797405,49.072236],[1.796823,49.07207],[1.796498,49.072504],[1.795719,49.077826],[1.795136,49.078336],[1.795461,49.078547],[1.795278,49.07917],[1.794252,49.080918],[1.7938,49.081637],[1.792915,49.082197],[1.792769,49.082278],[1.791987,49.082465],[1.791017,49.08287],[1.790576,49.083091],[1.789926,49.083379],[1.789498,49.083643],[1.788499,49.08399],[1.783608,49.086311],[1.782367,49.086858],[1.78181,49.08714],[1.779581,49.086988],[1.777489,49.087073],[1.776986,49.088317],[1.777319,49.089211],[1.777335,49.089331],[1.777636,49.089854],[1.7778,49.090488],[1.779961,49.091837],[1.780266,49.092532],[1.780466,49.092832],[1.780796,49.093482],[1.780866,49.093701],[1.78069,49.093715],[1.780668,49.094041],[1.780549,49.094385],[1.780545,49.09459],[1.780726,49.095582],[1.780648,49.095707],[1.779274,49.097387],[1.780237,49.097852],[1.78037,49.097956],[1.781054,49.098703],[1.781829,49.100655],[1.781839,49.104573],[1.791271,49.113301],[1.793125,49.11494]]]}},{"type":"Feature","properties":{"nom":"Asnières-sur-Oise","code":"95026","population":3127,"codeDepartement":"95"},"geometry":{"type":"Polygon","coordinates":[[[2.33888,49.146052],[2.339493,49.146237],[2.34075,49.146391],[2.342356,49.146344],[2.344265,49.146109],[2.347124,49.145666],[2.349393,49.145271],[2.350877,49.145122],[2.352925,49.14527],[2.353828,49.145382],[2.356464,49.146027],[2.357932,49.146645],[2.358816,49.147006],[2.359343,49.147329],[2.359541,49.147461],[2.359792,49.147672],[2.360105,49.14797],[2.360369,49.148252],[2.361058,49.149122],[2.361307,49.149482],[2.361769,49.150188],[2.362007,49.15067],[2.362188,49.151185],[2.362246,49.151476],[2.362267,49.151808],[2.36226,49.152174],[2.362214,49.152539],[2.363082,49.152507],[2.363511,49.152386],[2.363839,49.152479],[2.364017,49.152481],[2.364359,49.152329],[2.364868,49.152286],[2.365037,49.152351],[2.364925,49.152448],[2.365017,49.15286],[2.365001,49.152972],[2.364884,49.153143],[2.365001,49.153329],[2.364871,49.153548],[2.365115,49.153716],[2.365187,49.154031],[2.365304,49.154103],[2.365654,49.154021],[2.365955,49.154],[2.366303,49.153899],[2.366535,49.153968],[2.366543,49.154234],[2.366644,49.154429],[2.36651,49.154523],[2.366336,49.154465],[2.366193,49.154508],[2.366046,49.154803],[2.366208,49.154951],[2.366494,49.154847],[2.366607,49.155276],[2.366985,49.155399],[2.367043,49.155462],[2.36708,49.155796],[2.367164,49.15587],[2.367369,49.155803],[2.367516,49.155698],[2.367622,49.155759],[2.367727,49.156026],[2.367928,49.156077],[2.368268,49.155934],[2.368394,49.156062],[2.368712,49.156283],[2.368885,49.156319],[2.369276,49.156164],[2.369496,49.156186],[2.369619,49.156244],[2.369809,49.156434],[2.369798,49.156581],[2.369699,49.156791],[2.369708,49.156887],[2.369847,49.156915],[2.370055,49.156806],[2.370274,49.156849],[2.370299,49.156926],[2.3702,49.157123],[2.370245,49.157251],[2.370391,49.157384],[2.370498,49.157659],[2.370412,49.157852],[2.370162,49.158066],[2.370191,49.158359],[2.370049,49.15853],[2.370008,49.158713],[2.370103,49.158798],[2.370227,49.158799],[2.370405,49.158674],[2.370708,49.15866],[2.370902,49.158803],[2.370936,49.158972],[2.370925,49.159197],[2.371093,49.159262],[2.372288,49.159375],[2.372763,49.159461],[2.373072,49.159451],[2.373311,49.159373],[2.373805,49.159208],[2.374032,49.159165],[2.374349,49.159168],[2.374707,49.159221],[2.375032,49.159236],[2.375819,49.159131],[2.376364,49.159044],[2.377988,49.158529],[2.378723,49.158262],[2.378976,49.158202],[2.379627,49.158184],[2.37998,49.158147],[2.380456,49.158043],[2.380817,49.15787],[2.381024,49.157721],[2.381428,49.157327],[2.382153,49.156678],[2.383424,49.155602],[2.3835,49.155506],[2.385111,49.154216],[2.386443,49.153138],[2.389708,49.150517],[2.390969,49.14949],[2.3912,49.149314],[2.391299,49.149313],[2.392274,49.149481],[2.395009,49.149941],[2.397065,49.150292],[2.397884,49.150436],[2.399892,49.150779],[2.400024,49.150747],[2.400335,49.150784],[2.400722,49.150932],[2.401281,49.151089],[2.401764,49.151265],[2.402495,49.151468],[2.40275,49.151523],[2.404282,49.151898],[2.40475,49.151962],[2.405481,49.152043],[2.406678,49.15211],[2.40846,49.152194],[2.410059,49.152275],[2.411602,49.152339],[2.413122,49.152418],[2.414757,49.152009],[2.415612,49.151775],[2.415541,49.149891],[2.415816,49.149881],[2.416995,49.149697],[2.417181,49.149702],[2.417497,49.149808],[2.417932,49.149636],[2.418122,49.149596],[2.41852,49.149602],[2.419069,49.149583],[2.419543,49.14945],[2.419845,49.149467],[2.4204,49.149579],[2.420869,49.149543],[2.421218,49.149585],[2.421705,49.149505],[2.422074,49.149384],[2.422227,49.149408],[2.422528,49.149573],[2.422723,49.149598],[2.42303,49.149587],[2.42388,49.149476],[2.424058,49.149473],[2.424544,49.149546],[2.4247,49.149546],[2.425669,49.149443],[2.426216,49.149349],[2.426691,49.149214],[2.427059,49.149165],[2.427665,49.149133],[2.428511,49.148947],[2.429096,49.148853],[2.429665,49.148683],[2.429825,49.148663],[2.430196,49.148555],[2.430723,49.148509],[2.431213,49.148433],[2.431593,49.148311],[2.431976,49.148326],[2.432474,49.148156],[2.432722,49.1482],[2.433434,49.148103],[2.433836,49.14799],[2.434144,49.147768],[2.435099,49.147721],[2.435263,49.147693],[2.435538,49.147384],[2.435728,49.147258],[2.436203,49.14708],[2.43669,49.146983],[2.436826,49.146916],[2.437113,49.146668],[2.437586,49.146513],[2.438084,49.146409],[2.438441,49.146364],[2.439682,49.146373],[2.440304,49.146137],[2.440781,49.14591],[2.440394,49.144813],[2.4389,49.141639],[2.438624,49.141669],[2.43764,49.141694],[2.434596,49.141746],[2.433233,49.141776],[2.432016,49.14179],[2.428296,49.141865],[2.426282,49.139979],[2.423562,49.137254],[2.421879,49.135571],[2.420743,49.134334],[2.419411,49.134731],[2.418122,49.135071],[2.417656,49.135145],[2.416869,49.13523],[2.416016,49.135255],[2.414816,49.135273],[2.413892,49.135303],[2.412748,49.135773],[2.411972,49.136008],[2.411727,49.135434],[2.411275,49.134091],[2.410193,49.134474],[2.408954,49.134878],[2.408107,49.135178],[2.407938,49.1353],[2.40755,49.135353],[2.40717,49.13548],[2.406868,49.135507],[2.406608,49.135599],[2.405823,49.135753],[2.405497,49.135926],[2.405249,49.135965],[2.404959,49.136072],[2.404581,49.136091],[2.404345,49.136141],[2.404021,49.136127],[2.403782,49.136177],[2.403151,49.136198],[2.40277,49.136167],[2.402257,49.136332],[2.401927,49.136358],[2.401601,49.136487],[2.401049,49.136589],[2.400737,49.136616],[2.399497,49.136951],[2.399111,49.137022],[2.398992,49.136663],[2.398787,49.136685],[2.39861,49.13635],[2.398513,49.136258],[2.398255,49.136106],[2.397901,49.136096],[2.397574,49.13612],[2.397269,49.136183],[2.396961,49.136282],[2.396456,49.136271],[2.396457,49.136327],[2.395627,49.136408],[2.395343,49.13647],[2.393671,49.136678],[2.393444,49.136759],[2.392663,49.1369],[2.392041,49.137084],[2.391715,49.137096],[2.391554,49.137144],[2.39132,49.137131],[2.39123,49.137211],[2.390943,49.137344],[2.390862,49.137534],[2.39068,49.137735],[2.390575,49.137903],[2.390321,49.138107],[2.390117,49.13821],[2.389756,49.138439],[2.389547,49.138669],[2.389329,49.138977],[2.389182,49.139264],[2.389208,49.139392],[2.388543,49.139249],[2.387482,49.138941],[2.386855,49.138695],[2.386722,49.138609],[2.385639,49.138139],[2.384988,49.137728],[2.384087,49.137191],[2.383857,49.137079],[2.383106,49.136551],[2.382882,49.136381],[2.382732,49.136219],[2.382386,49.135932],[2.382125,49.135537],[2.37943,49.136808],[2.378401,49.137254],[2.378224,49.137342],[2.377054,49.137722],[2.377137,49.137811],[2.376991,49.137912],[2.375748,49.138676],[2.373916,49.138447],[2.37349,49.138359],[2.373336,49.137935],[2.373245,49.13756],[2.373197,49.137497],[2.372691,49.136113],[2.369586,49.135175],[2.369536,49.135241],[2.368347,49.134769],[2.368365,49.134716],[2.366408,49.13364],[2.364901,49.132815],[2.364284,49.132513],[2.364138,49.132403],[2.363985,49.132361],[2.363161,49.131835],[2.363065,49.131734],[2.362393,49.13089],[2.362171,49.130577],[2.362079,49.130496],[2.359675,49.127347],[2.358263,49.125346],[2.35747,49.124445],[2.356451,49.123253],[2.35574,49.122496],[2.35525,49.122014],[2.354895,49.121804],[2.354587,49.121569],[2.353989,49.121163],[2.353512,49.120887],[2.353007,49.120636],[2.352861,49.120539],[2.352393,49.120292],[2.352291,49.120132],[2.351797,49.11988],[2.35077,49.119188],[2.350549,49.11901],[2.350429,49.118664],[2.350121,49.118418],[2.349885,49.118287],[2.349726,49.118241],[2.349386,49.118013],[2.349153,49.117935],[2.34898,49.117823],[2.348944,49.117671],[2.349014,49.117434],[2.348912,49.117246],[2.348835,49.117002],[2.348826,49.116776],[2.346877,49.117015],[2.34453,49.117244],[2.344323,49.117278],[2.342863,49.117449],[2.342017,49.117573],[2.341336,49.117657],[2.340544,49.118478],[2.339056,49.119879],[2.338415,49.12081],[2.337803,49.121801],[2.337294,49.122592],[2.336786,49.123312],[2.336141,49.124336],[2.336595,49.124549],[2.336592,49.125978],[2.336718,49.126168],[2.336752,49.12629],[2.336699,49.126483],[2.336708,49.126643],[2.33687,49.126913],[2.336942,49.127104],[2.337212,49.127695],[2.337395,49.128171],[2.337563,49.128451],[2.338033,49.129157],[2.338604,49.130174],[2.339243,49.130996],[2.339913,49.131632],[2.340504,49.131908],[2.341103,49.132118],[2.340915,49.133436],[2.341013,49.134107],[2.341108,49.134649],[2.341222,49.135464],[2.340973,49.136838],[2.340858,49.137681],[2.340787,49.138038],[2.340849,49.138762],[2.340871,49.139933],[2.340202,49.141963],[2.340084,49.142977],[2.33888,49.146052]]]}},{"type":"Feature","properties":{"nom":"Attainville","code":"95028","population":1904,"codeDepartement":"95"},"geometry":{"type":"Polygon","coordinates":[[[2.375481,49.063454],[2.373852,49.060332],[2.373075,49.05814],[2.372683,49.057056],[2.372005,49.056266],[2.37174,49.056084],[2.370508,49.055162],[2.369657,49.054563],[2.368352,49.054451],[2.367695,49.054437],[2.366389,49.052863],[2.364064,49.050031],[2.363772,49.049669],[2.351675,49.044851],[2.348576,49.046384],[2.347966,49.046667],[2.347147,49.04709],[2.344662,49.04797],[2.344435,49.047656],[2.339784,49.049297],[2.339455,49.048873],[2.339204,49.048967],[2.337867,49.049432],[2.338372,49.050035],[2.338794,49.05062],[2.337785,49.051006],[2.33735,49.050782],[2.33682,49.050529],[2.336659,49.050473],[2.335755,49.050288],[2.335967,49.050592],[2.336156,49.050816],[2.336523,49.051312],[2.335854,49.051506],[2.335066,49.051408],[2.33413,49.053843],[2.33291,49.0568],[2.332175,49.05857],[2.331956,49.058891],[2.331768,49.059123],[2.331639,49.059557],[2.331168,49.060803],[2.330961,49.061313],[2.330629,49.062235],[2.330351,49.062909],[2.330084,49.063638],[2.329867,49.064112],[2.329624,49.064747],[2.329438,49.065193],[2.329216,49.065636],[2.328819,49.066374],[2.331479,49.066612],[2.331427,49.066824],[2.331127,49.068227],[2.333729,49.067451],[2.334407,49.068648],[2.335581,49.071409],[2.334111,49.071451],[2.33453,49.071636],[2.335061,49.071894],[2.33542,49.072045],[2.335392,49.072202],[2.334965,49.07393],[2.334527,49.075491],[2.335027,49.075615],[2.337324,49.076117],[2.337803,49.076243],[2.337919,49.076302],[2.338325,49.076615],[2.33944,49.076419],[2.341429,49.076066],[2.341704,49.074925],[2.34178,49.074311],[2.34178,49.074077],[2.343991,49.074484],[2.344042,49.074197],[2.344069,49.073704],[2.344146,49.073251],[2.344183,49.072605],[2.345533,49.073714],[2.34605,49.074102],[2.348559,49.07284],[2.349462,49.072365],[2.350634,49.071765],[2.35146,49.071378],[2.352307,49.070964],[2.354154,49.07],[2.353948,49.069778],[2.357287,49.069514],[2.363885,49.068969],[2.364667,49.068903],[2.367256,49.068333],[2.370783,49.066406],[2.373092,49.065021],[2.373817,49.064549],[2.375481,49.063454]]]}},{"type":"Feature","properties":{"nom":"Auvers-sur-Oise","code":"95039","population":6863,"codeDepartement":"95"},"geometry":{"type":"Polygon","coordinates":[[[2.127005,49.063997],[2.125934,49.064953],[2.125845,49.064898],[2.12517,49.065412],[2.125034,49.065344],[2.124828,49.065541],[2.121563,49.063935],[2.120383,49.064699],[2.120669,49.06494],[2.1208,49.065321],[2.120992,49.065621],[2.121441,49.065964],[2.122143,49.066414],[2.122529,49.066678],[2.122899,49.067025],[2.121858,49.067543],[2.122313,49.067964],[2.122153,49.06805],[2.122989,49.068763],[2.124128,49.070292],[2.123923,49.070449],[2.124269,49.070698],[2.123917,49.071112],[2.123567,49.071591],[2.123951,49.07162],[2.125023,49.072313],[2.126119,49.07265],[2.126004,49.072778],[2.125834,49.073073],[2.125757,49.073136],[2.125412,49.07321],[2.125121,49.073339],[2.124966,49.073451],[2.124817,49.073758],[2.124797,49.074197],[2.124866,49.074436],[2.125062,49.074904],[2.12515,49.075494],[2.125306,49.075917],[2.125451,49.076219],[2.125729,49.076993],[2.125864,49.077262],[2.126014,49.077494],[2.126965,49.07795],[2.128322,49.078653],[2.12923,49.07905],[2.129384,49.079127],[2.130056,49.079384],[2.130147,49.079288],[2.131244,49.079714],[2.131276,49.079865],[2.131549,49.079975],[2.13364,49.080758],[2.132609,49.081648],[2.132537,49.081671],[2.130613,49.083178],[2.131208,49.083574],[2.129001,49.084489],[2.130382,49.086063],[2.130887,49.085783],[2.133316,49.087559],[2.132957,49.087644],[2.133785,49.088234],[2.133625,49.08828],[2.137766,49.090695],[2.138206,49.090565],[2.142603,49.092125],[2.143332,49.091351],[2.143962,49.09155],[2.14386,49.091704],[2.145352,49.092058],[2.145818,49.091386],[2.147869,49.092079],[2.14779,49.092167],[2.148743,49.092588],[2.146496,49.094723],[2.146293,49.094882],[2.145881,49.095042],[2.14489,49.095479],[2.144752,49.095554],[2.142392,49.096945],[2.14321,49.097649],[2.143675,49.09803],[2.144669,49.098818],[2.144954,49.099021],[2.145491,49.099344],[2.146614,49.099903],[2.147109,49.100588],[2.147126,49.101427],[2.147666,49.101478],[2.148055,49.102359],[2.148225,49.102614],[2.148508,49.102974],[2.148999,49.103415],[2.149747,49.10405],[2.149807,49.104273],[2.150423,49.104039],[2.150897,49.103835],[2.154556,49.105429],[2.155539,49.105111],[2.156561,49.104756],[2.158769,49.103976],[2.159794,49.103638],[2.160605,49.103352],[2.161438,49.103078],[2.162171,49.102463],[2.162535,49.102142],[2.163566,49.100977],[2.163872,49.100646],[2.164289,49.100263],[2.164977,49.099536],[2.165121,49.09932],[2.16752,49.097509],[2.169317,49.095698],[2.170357,49.094435],[2.170548,49.094217],[2.171108,49.093528],[2.171512,49.093001],[2.172512,49.091179],[2.171735,49.090826],[2.171923,49.090505],[2.172608,49.089543],[2.173114,49.088804],[2.173528,49.088174],[2.173091,49.088048],[2.172162,49.087738],[2.171527,49.087565],[2.171769,49.086893],[2.171944,49.086648],[2.172327,49.086286],[2.173503,49.085129],[2.174466,49.084194],[2.176104,49.082587],[2.176417,49.082294],[2.17672,49.081981],[2.178043,49.08068],[2.178289,49.080452],[2.179428,49.079459],[2.179608,49.079421],[2.179903,49.079104],[2.180191,49.078855],[2.181255,49.077837],[2.181858,49.077217],[2.182301,49.076693],[2.18286,49.076896],[2.183648,49.077143],[2.184202,49.077345],[2.184438,49.077453],[2.184972,49.077818],[2.185248,49.07797],[2.185658,49.078149],[2.186649,49.078545],[2.18779,49.07771],[2.187009,49.077264],[2.188676,49.076097],[2.188882,49.076197],[2.190148,49.075383],[2.190612,49.075616],[2.190957,49.075838],[2.191223,49.075695],[2.191153,49.075644],[2.19168,49.075252],[2.191869,49.075069],[2.191943,49.075109],[2.193384,49.07384],[2.191796,49.073094],[2.190837,49.072697],[2.189245,49.072226],[2.185687,49.071288],[2.184645,49.071104],[2.182076,49.070763],[2.180565,49.070506],[2.179627,49.070292],[2.17897,49.070098],[2.178306,49.069782],[2.177577,49.069332],[2.176562,49.06867],[2.173336,49.066519],[2.1707,49.064772],[2.169936,49.064384],[2.169385,49.064228],[2.168824,49.064161],[2.168275,49.064115],[2.167179,49.064173],[2.165778,49.064318],[2.164384,49.064545],[2.163477,49.064644],[2.162549,49.064667],[2.161215,49.064603],[2.158572,49.06444],[2.158094,49.064682],[2.157531,49.064886],[2.156513,49.065144],[2.154504,49.065541],[2.153707,49.065713],[2.152598,49.065986],[2.151396,49.06626],[2.150274,49.06655],[2.149502,49.06669],[2.148346,49.066834],[2.147241,49.066928],[2.146062,49.066985],[2.145213,49.067012],[2.144618,49.067007],[2.143462,49.066963],[2.142694,49.066914],[2.141997,49.066785],[2.141792,49.066665],[2.141571,49.066455],[2.140987,49.06643],[2.140378,49.066434],[2.139734,49.066473],[2.139253,49.066526],[2.138725,49.066609],[2.136972,49.066988],[2.136373,49.067084],[2.135927,49.067116],[2.135485,49.067125],[2.134699,49.0671],[2.134005,49.067029],[2.132892,49.066805],[2.132172,49.066588],[2.131595,49.066371],[2.13106,49.066122],[2.130527,49.065773],[2.129976,49.065382],[2.129207,49.064902],[2.128683,49.064662],[2.128052,49.064406],[2.127426,49.064181],[2.127005,49.063997]]]}},{"type":"Feature","properties":{"nom":"Avernes","code":"95040","population":871,"codeDepartement":"95"},"geometry":{"type":"Polygon","coordinates":[[[1.840571,49.06934],[1.840187,49.069522],[1.839613,49.069717],[1.8391,49.069767],[1.838745,49.070021],[1.838597,49.070218],[1.838324,49.070449],[1.837521,49.070927],[1.837137,49.071329],[1.83669,49.071707],[1.836295,49.071939],[1.836211,49.071954],[1.835781,49.072215],[1.835452,49.072529],[1.835256,49.072934],[1.835069,49.073217],[1.834753,49.073368],[1.834389,49.073509],[1.832798,49.074002],[1.832171,49.074236],[1.831764,49.074527],[1.831561,49.074649],[1.831217,49.074936],[1.831039,49.075149],[1.830911,49.075188],[1.830292,49.075258],[1.830128,49.075315],[1.829804,49.075618],[1.829436,49.075826],[1.829084,49.076052],[1.82877,49.07622],[1.828483,49.076272],[1.827166,49.076281],[1.825658,49.076307],[1.82445,49.076291],[1.823426,49.076296],[1.822494,49.07829],[1.822325,49.078664],[1.821896,49.079432],[1.821734,49.079797],[1.821168,49.080493],[1.820728,49.081362],[1.820538,49.081785],[1.82057,49.081873],[1.821998,49.082066],[1.82247,49.082108],[1.823505,49.082155],[1.824161,49.082164],[1.825237,49.082204],[1.827965,49.082288],[1.828529,49.082318],[1.828942,49.082377],[1.830071,49.08257],[1.831603,49.08282],[1.83213,49.083241],[1.832727,49.083669],[1.833095,49.084463],[1.833683,49.085946],[1.833931,49.086277],[1.83599,49.087803],[1.836849,49.088482],[1.837491,49.08903],[1.838362,49.090016],[1.839144,49.090916],[1.839998,49.091987],[1.840052,49.091939],[1.840776,49.090854],[1.840989,49.091036],[1.842791,49.092842],[1.843021,49.093102],[1.843891,49.094002],[1.84473,49.094926],[1.844537,49.095093],[1.84381,49.095492],[1.844773,49.096611],[1.844908,49.096791],[1.844469,49.096955],[1.844693,49.097925],[1.844427,49.098072],[1.844132,49.098176],[1.844575,49.099018],[1.845259,49.100368],[1.846186,49.100203],[1.846844,49.100002],[1.847309,49.099831],[1.848557,49.101579],[1.848706,49.101433],[1.84918,49.101026],[1.849628,49.100741],[1.85042,49.10032],[1.851166,49.100845],[1.851641,49.100634],[1.852256,49.10043],[1.852938,49.100254],[1.855367,49.099647],[1.85639,49.100611],[1.857464,49.101718],[1.8584,49.102614],[1.859341,49.103572],[1.860226,49.104412],[1.861031,49.105108],[1.861569,49.10551],[1.861886,49.105786],[1.862203,49.105987],[1.863225,49.106697],[1.863364,49.106822],[1.86359,49.106711],[1.864276,49.107161],[1.864491,49.107345],[1.866752,49.109093],[1.868672,49.110618],[1.870092,49.111692],[1.871678,49.112932],[1.872188,49.11335],[1.868126,49.115606],[1.869055,49.11607],[1.869753,49.116444],[1.870218,49.11675],[1.87064,49.117106],[1.871479,49.117858],[1.876962,49.11475],[1.877229,49.115048],[1.878522,49.116373],[1.879428,49.117208],[1.880115,49.117756],[1.88135,49.118685],[1.886808,49.116047],[1.887084,49.116282],[1.887243,49.116212],[1.887918,49.115833],[1.889342,49.115093],[1.889829,49.114885],[1.890482,49.114538],[1.891479,49.115377],[1.892991,49.116633],[1.893413,49.116443],[1.896388,49.115244],[1.897501,49.114825],[1.898182,49.11458],[1.898796,49.114307],[1.90046,49.113529],[1.901596,49.113054],[1.902488,49.112647],[1.903166,49.112388],[1.90444,49.111828],[1.904897,49.111697],[1.905411,49.111506],[1.905875,49.111314],[1.905368,49.110605],[1.904373,49.109263],[1.904182,49.109023],[1.904018,49.108915],[1.902319,49.108009],[1.901551,49.107619],[1.901323,49.107346],[1.900251,49.10621],[1.899387,49.105419],[1.898864,49.105098],[1.897939,49.104609],[1.897211,49.104245],[1.896274,49.10357],[1.89518,49.102753],[1.893893,49.101755],[1.89349,49.101496],[1.895203,49.10056],[1.895133,49.10044],[1.895156,49.100125],[1.895397,49.09788],[1.89476,49.09742],[1.893593,49.096432],[1.893177,49.096578],[1.892666,49.09596],[1.892207,49.095228],[1.890434,49.095191],[1.889985,49.092929],[1.889996,49.092612],[1.890485,49.092514],[1.891005,49.092507],[1.888299,49.089226],[1.888891,49.089127],[1.889336,49.089026],[1.890011,49.088782],[1.890975,49.088353],[1.89064,49.088064],[1.890553,49.088112],[1.889473,49.086889],[1.889353,49.086712],[1.889963,49.086565],[1.887669,49.084932],[1.886751,49.084252],[1.887543,49.083982],[1.889193,49.083203],[1.892642,49.081688],[1.892658,49.081673],[1.891589,49.080735],[1.891053,49.08025],[1.889904,49.079343],[1.889012,49.078664],[1.887964,49.077748],[1.888557,49.077492],[1.889594,49.077017],[1.890815,49.07643],[1.892386,49.075722],[1.893978,49.075013],[1.890592,49.071874],[1.890156,49.071534],[1.888194,49.072575],[1.883953,49.074856],[1.882269,49.07346],[1.881638,49.072917],[1.879804,49.073464],[1.877234,49.074244],[1.875566,49.074742],[1.87537,49.075889],[1.874087,49.076],[1.873031,49.076083],[1.872316,49.076169],[1.871592,49.077093],[1.871298,49.077576],[1.871293,49.077804],[1.871206,49.078152],[1.871032,49.07843],[1.870723,49.078658],[1.869285,49.077819],[1.868474,49.077151],[1.86839,49.077034],[1.868134,49.076553],[1.867825,49.076611],[1.866753,49.076841],[1.864828,49.077269],[1.863944,49.07666],[1.863585,49.076391],[1.863189,49.076145],[1.86276,49.075819],[1.863098,49.0755],[1.863366,49.075152],[1.863475,49.074853],[1.86371,49.074425],[1.863764,49.07427],[1.864072,49.073592],[1.863671,49.073509],[1.863591,49.073465],[1.862668,49.07328],[1.862558,49.073275],[1.86135,49.073064],[1.85952,49.07278],[1.859076,49.072665],[1.857935,49.072455],[1.857465,49.072351],[1.857469,49.072175],[1.857025,49.07196],[1.855866,49.071332],[1.855685,49.071196],[1.854994,49.071391],[1.854244,49.071665],[1.854045,49.07132],[1.852702,49.068746],[1.852239,49.068899],[1.851897,49.068335],[1.851837,49.06831],[1.849422,49.067932],[1.848371,49.06822],[1.84555,49.068974],[1.844534,49.069259],[1.843731,49.069067],[1.843277,49.069077],[1.841773,49.069016],[1.841525,49.069063],[1.840571,49.06934]]]}},{"type":"Feature","properties":{"nom":"Baillet-en-France","code":"95042","population":2021,"codeDepartement":"95"},"geometry":{"type":"Polygon","coordinates":[[[2.284816,49.049013],[2.284461,49.049271],[2.283902,49.049631],[2.28356,49.049756],[2.283202,49.049823],[2.282799,49.049834],[2.282251,49.049801],[2.282182,49.049628],[2.281738,49.049419],[2.281516,49.049265],[2.280938,49.049266],[2.280717,49.049228],[2.280698,49.04942],[2.280471,49.050137],[2.280351,49.050562],[2.280267,49.050701],[2.27995,49.051003],[2.279806,49.051235],[2.279672,49.051628],[2.279409,49.052145],[2.279162,49.052751],[2.27904,49.052914],[2.278988,49.053057],[2.278984,49.053294],[2.278913,49.054265],[2.278927,49.054427],[2.279133,49.055048],[2.279044,49.055191],[2.279096,49.055552],[2.279092,49.056052],[2.279132,49.057091],[2.279184,49.057807],[2.279177,49.058113],[2.279099,49.058503],[2.279084,49.058782],[2.27888,49.059348],[2.278828,49.059685],[2.278913,49.060363],[2.279033,49.060703],[2.27915,49.060918],[2.279253,49.061207],[2.279485,49.06173],[2.279506,49.061919],[2.279703,49.062255],[2.280114,49.062748],[2.280908,49.064317],[2.280582,49.064354],[2.281167,49.065337],[2.281129,49.065429],[2.281176,49.065805],[2.280437,49.065828],[2.279894,49.065697],[2.279501,49.065541],[2.278929,49.06549],[2.278572,49.065477],[2.278127,49.065399],[2.27748,49.065218],[2.276654,49.064859],[2.275879,49.064628],[2.275348,49.064509],[2.274613,49.06442],[2.273746,49.064292],[2.273124,49.064177],[2.272451,49.064012],[2.272034,49.064009],[2.271696,49.064076],[2.271402,49.064202],[2.271447,49.064524],[2.271587,49.065149],[2.271668,49.065686],[2.272154,49.065798],[2.273453,49.066162],[2.273391,49.066355],[2.273404,49.066659],[2.27352,49.067013],[2.273844,49.067776],[2.274116,49.068276],[2.274427,49.068733],[2.274806,49.069299],[2.275182,49.069914],[2.275277,49.070112],[2.276014,49.072],[2.276073,49.072107],[2.276242,49.072115],[2.278101,49.071743],[2.27838,49.071657],[2.279288,49.071159],[2.279443,49.07099],[2.27953,49.070838],[2.279975,49.07072],[2.280295,49.070722],[2.280505,49.070766],[2.280752,49.070885],[2.28138,49.071256],[2.281982,49.071534],[2.282324,49.07158],[2.28292,49.071502],[2.283321,49.071508],[2.283486,49.07154],[2.283754,49.071648],[2.283874,49.071787],[2.284216,49.072088],[2.284325,49.072257],[2.284701,49.072455],[2.284815,49.07246],[2.285429,49.072393],[2.286008,49.072393],[2.286786,49.072441],[2.287106,49.0724],[2.287246,49.072328],[2.287936,49.071813],[2.288041,49.071688],[2.288148,49.071663],[2.288676,49.070821],[2.288797,49.070655],[2.289099,49.070377],[2.290265,49.069779],[2.290962,49.070393],[2.291701,49.069851],[2.298497,49.067352],[2.298589,49.066831],[2.298618,49.066503],[2.299613,49.06629],[2.299927,49.06618],[2.300009,49.066076],[2.300051,49.065913],[2.300062,49.065548],[2.300383,49.065526],[2.302424,49.065581],[2.303062,49.065573],[2.303713,49.065541],[2.309366,49.065093],[2.309437,49.065274],[2.309543,49.065367],[2.310377,49.06561],[2.310724,49.065672],[2.311387,49.065879],[2.311681,49.066024],[2.312604,49.066559],[2.312903,49.066715],[2.313486,49.066966],[2.31384,49.067098],[2.314151,49.067244],[2.314634,49.067375],[2.315375,49.067522],[2.315542,49.067542],[2.31584,49.067366],[2.317301,49.066412],[2.317723,49.066203],[2.318151,49.066028],[2.319026,49.065789],[2.320178,49.06555],[2.320199,49.06543],[2.323828,49.064771],[2.324339,49.064666],[2.324879,49.064581],[2.330084,49.063638],[2.330351,49.062909],[2.330629,49.062235],[2.330961,49.061313],[2.331168,49.060803],[2.331639,49.059557],[2.331768,49.059123],[2.331956,49.058891],[2.332175,49.05857],[2.33291,49.0568],[2.33413,49.053843],[2.335066,49.051408],[2.335473,49.050361],[2.334537,49.050208],[2.334357,49.050126],[2.334508,49.049703],[2.334723,49.049686],[2.334283,49.049289],[2.333455,49.049624],[2.332476,49.050034],[2.332011,49.050244],[2.330828,49.050716],[2.329389,49.051573],[2.328909,49.051706],[2.32805,49.051885],[2.327415,49.051972],[2.326875,49.051968],[2.326261,49.051861],[2.32539,49.051724],[2.325018,49.051677],[2.324649,49.0517],[2.324078,49.051793],[2.323231,49.052031],[2.323174,49.051171],[2.323124,49.051102],[2.321826,49.050875],[2.321529,49.050817],[2.321077,49.050757],[2.320476,49.050648],[2.319433,49.050399],[2.318068,49.050033],[2.317613,49.049919],[2.317467,49.049844],[2.317235,49.049637],[2.317124,49.049421],[2.316982,49.049387],[2.316112,49.04941],[2.313685,49.049418],[2.312682,49.049417],[2.312555,49.049401],[2.311348,49.048937],[2.310148,49.048427],[2.308668,49.047822],[2.308234,49.047663],[2.306738,49.04721],[2.306801,49.046942],[2.306276,49.046978],[2.304296,49.046982],[2.304074,49.047129],[2.303686,49.047307],[2.303115,49.047522],[2.302515,49.047708],[2.301482,49.048101],[2.300603,49.04848],[2.300713,49.048577],[2.300793,49.048799],[2.300722,49.048981],[2.300513,49.049285],[2.299926,49.050227],[2.299904,49.050299],[2.298921,49.050152],[2.298517,49.050104],[2.297455,49.04981],[2.296979,49.049602],[2.296515,49.049362],[2.295315,49.048656],[2.295113,49.048507],[2.294821,49.048686],[2.293703,49.047995],[2.292298,49.047305],[2.290639,49.046473],[2.290266,49.046305],[2.287425,49.048997],[2.286337,49.050023],[2.286195,49.050234],[2.285946,49.050086],[2.285789,49.049906],[2.285022,49.049183],[2.284816,49.049013]]]}},{"type":"Feature","properties":{"nom":"Banthelu","code":"95046","population":146,"codeDepartement":"95"},"geometry":{"type":"Polygon","coordinates":[[[1.813211,49.141019],[1.81574,49.140027],[1.817137,49.139475],[1.819041,49.13873],[1.820018,49.139931],[1.821062,49.141224],[1.822234,49.142688],[1.822955,49.143624],[1.829582,49.140935],[1.830311,49.141394],[1.830943,49.142291],[1.83118,49.142576],[1.831929,49.142251],[1.833996,49.141379],[1.83571,49.140673],[1.835121,49.139931],[1.834559,49.139093],[1.833535,49.139227],[1.833882,49.137891],[1.835451,49.137432],[1.835913,49.138045],[1.837806,49.137254],[1.837131,49.136668],[1.837711,49.136388],[1.836628,49.135199],[1.837721,49.134785],[1.835383,49.132322],[1.834131,49.130821],[1.835653,49.130155],[1.836623,49.129767],[1.836689,49.129612],[1.836592,49.129492],[1.83596,49.128818],[1.835089,49.127827],[1.833277,49.128329],[1.830625,49.125707],[1.830954,49.125535],[1.831276,49.124867],[1.831503,49.12443],[1.831286,49.124346],[1.831769,49.123753],[1.829514,49.1219],[1.831621,49.120069],[1.830962,49.119394],[1.830542,49.118877],[1.830021,49.118192],[1.82978,49.117975],[1.829408,49.117701],[1.82903,49.117452],[1.827608,49.116587],[1.826788,49.116078],[1.826563,49.11595],[1.826114,49.115759],[1.825689,49.115646],[1.825331,49.115591],[1.824998,49.115574],[1.823902,49.115556],[1.82407,49.115444],[1.824504,49.115213],[1.824734,49.115041],[1.824981,49.114727],[1.825275,49.114289],[1.822444,49.112637],[1.820322,49.111371],[1.817218,49.109524],[1.816217,49.108912],[1.81647,49.108786],[1.815348,49.107931],[1.80896,49.110952],[1.80879,49.110722],[1.80825,49.110091],[1.804884,49.1113],[1.801147,49.112626],[1.800786,49.11231],[1.800504,49.111927],[1.799855,49.112285],[1.796496,49.114162],[1.796289,49.113968],[1.795928,49.11352],[1.793125,49.11494],[1.79471,49.116341],[1.796452,49.117897],[1.792461,49.119673],[1.792311,49.121732],[1.792392,49.122758],[1.792499,49.123296],[1.792657,49.123784],[1.792946,49.124288],[1.792993,49.124267],[1.793854,49.125632],[1.793907,49.125818],[1.794151,49.126409],[1.795792,49.127725],[1.796496,49.128575],[1.797567,49.129435],[1.798235,49.130114],[1.798632,49.131404],[1.799398,49.132297],[1.800855,49.131868],[1.801547,49.131456],[1.802045,49.130889],[1.802564,49.130691],[1.802721,49.1307],[1.803856,49.130214],[1.804767,49.131108],[1.803814,49.131679],[1.805091,49.132626],[1.804772,49.132925],[1.804934,49.133064],[1.804288,49.133526],[1.80606,49.134747],[1.804947,49.135714],[1.804755,49.135863],[1.803712,49.136331],[1.802913,49.136733],[1.802589,49.136948],[1.802288,49.137223],[1.802004,49.1374],[1.802745,49.137854],[1.803987,49.138535],[1.804523,49.138181],[1.805941,49.13903],[1.807981,49.139952],[1.809669,49.140939],[1.810898,49.140201],[1.811661,49.139931],[1.812163,49.139678],[1.812443,49.139976],[1.813211,49.141019]]]}},{"type":"Feature","properties":{"nom":"Beauchamp","code":"95051","population":9849,"codeDepartement":"95"},"geometry":{"type":"Polygon","coordinates":[[[2.213243,49.001688],[2.212356,49.00204],[2.211919,49.002232],[2.210685,49.002658],[2.209519,49.003107],[2.20859,49.003428],[2.208102,49.003609],[2.203927,49.005179],[2.202907,49.005545],[2.20042,49.006472],[2.199229,49.00694],[2.198576,49.007178],[2.197113,49.007677],[2.196983,49.007746],[2.196662,49.007818],[2.195722,49.008095],[2.193642,49.008637],[2.193505,49.008623],[2.192066,49.009012],[2.187897,49.010145],[2.187194,49.010333],[2.184728,49.011013],[2.18183,49.011789],[2.180642,49.012089],[2.176748,49.013147],[2.172982,49.014173],[2.173259,49.0145],[2.173423,49.014812],[2.17452,49.016412],[2.174554,49.016498],[2.17478,49.016788],[2.175032,49.016699],[2.175877,49.017726],[2.176757,49.018773],[2.177478,49.019704],[2.177535,49.019878],[2.17805,49.020457],[2.178524,49.021087],[2.178844,49.021417],[2.1791,49.021639],[2.179583,49.022337],[2.179973,49.022826],[2.18075,49.023748],[2.181161,49.024154],[2.182186,49.024984],[2.182771,49.025436],[2.183138,49.025283],[2.1839,49.024827],[2.184419,49.024493],[2.184745,49.024306],[2.18535,49.024028],[2.185967,49.023667],[2.186727,49.023245],[2.187366,49.022921],[2.189584,49.021843],[2.19211,49.021674],[2.193082,49.021568],[2.194167,49.021419],[2.194965,49.021292],[2.1952,49.021274],[2.195953,49.021159],[2.197896,49.020893],[2.199845,49.020534],[2.202476,49.020029],[2.202876,49.019946],[2.203718,49.019794],[2.204919,49.019653],[2.205756,49.019575],[2.205381,49.018862],[2.205075,49.018338],[2.204777,49.017884],[2.20416,49.016706],[2.203528,49.015592],[2.203467,49.015359],[2.203361,49.014724],[2.203149,49.013755],[2.205503,49.012976],[2.203777,49.010887],[2.203301,49.010265],[2.203129,49.010071],[2.202347,49.009079],[2.201601,49.008147],[2.201469,49.008022],[2.203603,49.007299],[2.206129,49.006428],[2.208762,49.005534],[2.209471,49.005326],[2.210105,49.00508],[2.21252,49.004313],[2.214997,49.003534],[2.214918,49.00342],[2.214483,49.002927],[2.213912,49.002387],[2.213243,49.001688]]]}},{"type":"Feature","properties":{"nom":"Beaumont-sur-Oise","code":"95052","population":10232,"codeDepartement":"95"},"geometry":{"type":"Polygon","coordinates":[[[2.320062,49.124856],[2.319786,49.124781],[2.314568,49.123096],[2.313444,49.122743],[2.312639,49.123531],[2.31171,49.124414],[2.311161,49.124965],[2.309458,49.126622],[2.308617,49.127532],[2.307723,49.128396],[2.306888,49.129175],[2.30396,49.132099],[2.305849,49.132501],[2.305366,49.133052],[2.303868,49.134422],[2.303565,49.134497],[2.302647,49.135282],[2.300356,49.137109],[2.30025,49.13719],[2.299519,49.137852],[2.298742,49.138537],[2.298529,49.138408],[2.297809,49.137441],[2.297677,49.13733],[2.297247,49.136831],[2.29703,49.136617],[2.296595,49.136481],[2.295871,49.136296],[2.296228,49.136203],[2.29675,49.136041],[2.29589,49.134843],[2.295634,49.134472],[2.294021,49.134957],[2.293138,49.135186],[2.293014,49.135195],[2.29286,49.135452],[2.292518,49.135926],[2.292324,49.136158],[2.292142,49.136079],[2.291581,49.135915],[2.290527,49.135747],[2.290136,49.135651],[2.289751,49.135517],[2.289277,49.135313],[2.289101,49.135565],[2.288949,49.135883],[2.288814,49.13625],[2.288733,49.136699],[2.287342,49.136449],[2.287205,49.136663],[2.287021,49.136603],[2.284981,49.136237],[2.28296,49.135868],[2.282902,49.135664],[2.282421,49.135694],[2.28204,49.135958],[2.28119,49.136595],[2.280908,49.136791],[2.278242,49.135256],[2.275755,49.134692],[2.275559,49.134497],[2.275365,49.134414],[2.275261,49.134547],[2.274057,49.13583],[2.273856,49.13573],[2.273673,49.135844],[2.273219,49.136294],[2.272777,49.13656],[2.272491,49.137008],[2.272093,49.136863],[2.271449,49.137307],[2.271719,49.137498],[2.27118,49.137849],[2.270851,49.137586],[2.270503,49.137926],[2.27009,49.137776],[2.267919,49.139404],[2.269282,49.139974],[2.270445,49.140412],[2.2723,49.141029],[2.274192,49.141559],[2.275728,49.141953],[2.277133,49.142334],[2.278053,49.142655],[2.278745,49.143012],[2.279345,49.143369],[2.279868,49.143651],[2.280692,49.143935],[2.282004,49.14428],[2.283616,49.144674],[2.284796,49.145105],[2.285302,49.145375],[2.285676,49.145633],[2.286276,49.14599],[2.287474,49.146987],[2.288129,49.147565],[2.288673,49.148119],[2.289289,49.148648],[2.289871,49.149102],[2.290354,49.149435],[2.291525,49.150105],[2.292461,49.150596],[2.293026,49.150908],[2.293946,49.151265],[2.294674,49.151459],[2.295718,49.151644],[2.296745,49.151685],[2.297897,49.151663],[2.299647,49.151442],[2.301674,49.15111],[2.302934,49.15098],[2.304755,49.150909],[2.306303,49.150867],[2.308042,49.150771],[2.309329,49.150605],[2.310928,49.150292],[2.311998,49.150119],[2.312461,49.150044],[2.314063,49.149876],[2.317665,49.149672],[2.318514,49.14957],[2.31958,49.149341],[2.320194,49.149114],[2.320536,49.148915],[2.320875,49.148645],[2.321433,49.148121],[2.322015,49.147427],[2.32272,49.146552],[2.321103,49.145058],[2.321408,49.144782],[2.321505,49.144577],[2.320666,49.144861],[2.319983,49.145075],[2.319341,49.143947],[2.318728,49.14419],[2.318618,49.144017],[2.318171,49.144135],[2.317939,49.144165],[2.317607,49.144131],[2.317126,49.144132],[2.317001,49.143799],[2.316747,49.143612],[2.316441,49.143273],[2.316338,49.143274],[2.315569,49.143465],[2.31536,49.143499],[2.314986,49.143436],[2.314659,49.143302],[2.314028,49.142974],[2.313626,49.14265],[2.313421,49.142272],[2.313204,49.141715],[2.313143,49.14133],[2.313172,49.140695],[2.314906,49.140755],[2.315051,49.139974],[2.315274,49.139247],[2.315644,49.139259],[2.315747,49.139048],[2.31596,49.139065],[2.316509,49.13766],[2.315986,49.13772],[2.31595,49.13687],[2.315725,49.136233],[2.315512,49.13552],[2.315525,49.135068],[2.315591,49.134882],[2.31582,49.13455],[2.316217,49.133923],[2.31699,49.133069],[2.317304,49.132777],[2.31816,49.131644],[2.316804,49.130375],[2.315956,49.12961],[2.318006,49.127106],[2.318881,49.126097],[2.31995,49.124941],[2.320062,49.124856]]]}},{"type":"Feature","properties":{"nom":"Le Bellay-en-Vexin","code":"95054","population":224,"codeDepartement":"95"},"geometry":{"type":"Polygon","coordinates":[[[1.882878,49.137915],[1.881159,49.137813],[1.880557,49.138771],[1.879973,49.138672],[1.879856,49.139052],[1.8794,49.138966],[1.87942,49.138897],[1.876715,49.138357],[1.876553,49.138617],[1.876168,49.139049],[1.875228,49.140152],[1.874679,49.140659],[1.873158,49.140113],[1.87271,49.140672],[1.872242,49.1407],[1.87157,49.140503],[1.870795,49.139933],[1.870355,49.13966],[1.867033,49.138282],[1.865722,49.139695],[1.862502,49.139932],[1.858549,49.140093],[1.855205,49.14021],[1.855859,49.141114],[1.856286,49.14164],[1.856765,49.1423],[1.85752,49.143295],[1.857879,49.143785],[1.857893,49.143899],[1.857668,49.144963],[1.857622,49.145103],[1.858738,49.145546],[1.860466,49.146195],[1.861413,49.146502],[1.860847,49.147121],[1.862835,49.150095],[1.862848,49.151651],[1.862852,49.153216],[1.866093,49.154764],[1.868683,49.155992],[1.869391,49.156281],[1.870017,49.156564],[1.870332,49.156649],[1.871947,49.157117],[1.872697,49.157319],[1.872255,49.158848],[1.872033,49.1595],[1.871818,49.160205],[1.873072,49.160427],[1.873523,49.160519],[1.874274,49.160707],[1.875779,49.161144],[1.876156,49.161241],[1.877247,49.161448],[1.877623,49.161496],[1.878348,49.161557],[1.878918,49.16157],[1.880285,49.161514],[1.881087,49.161456],[1.881644,49.161429],[1.882839,49.161408],[1.88285,49.161524],[1.882987,49.161538],[1.886151,49.162285],[1.887133,49.162482],[1.887508,49.162534],[1.887922,49.162567],[1.88893,49.16268],[1.889361,49.162743],[1.890114,49.162909],[1.891233,49.163247],[1.891917,49.161827],[1.892673,49.161985],[1.892927,49.161526],[1.893713,49.161703],[1.893723,49.16137],[1.893946,49.160559],[1.894701,49.160655],[1.894913,49.160016],[1.895627,49.16005],[1.89715,49.16015],[1.897192,49.159017],[1.895298,49.158826],[1.895295,49.158621],[1.894677,49.15855],[1.892074,49.158849],[1.892081,49.159542],[1.891931,49.159551],[1.891664,49.159021],[1.891074,49.158988],[1.891276,49.156787],[1.892642,49.156974],[1.893088,49.149311],[1.892577,49.149104],[1.890931,49.1494],[1.891858,49.147331],[1.892128,49.146696],[1.892518,49.145863],[1.893263,49.144018],[1.89106,49.143764],[1.889146,49.14355],[1.888175,49.143188],[1.888373,49.142449],[1.888646,49.1417],[1.888857,49.141179],[1.888933,49.140662],[1.886128,49.139932],[1.885155,49.139668],[1.885773,49.138714],[1.882878,49.137915]]]}},{"type":"Feature","properties":{"nom":"Bellefontaine","code":"95055","population":474,"codeDepartement":"95"},"geometry":{"type":"Polygon","coordinates":[[[2.454239,49.089745],[2.455106,49.090117],[2.455427,49.090276],[2.4557,49.090376],[2.456368,49.090794],[2.456894,49.091033],[2.457189,49.091231],[2.457333,49.091547],[2.457497,49.091742],[2.457664,49.091873],[2.457912,49.092161],[2.459162,49.093022],[2.459807,49.09341],[2.460956,49.094034],[2.461579,49.094348],[2.462044,49.094513],[2.462279,49.094529],[2.462021,49.094846],[2.460933,49.095261],[2.461052,49.095356],[2.461258,49.095446],[2.461833,49.095531],[2.462244,49.095517],[2.46283,49.095327],[2.463045,49.095581],[2.463181,49.095784],[2.463382,49.09596],[2.463159,49.096002],[2.463051,49.095865],[2.462185,49.096058],[2.462389,49.096385],[2.462904,49.096643],[2.464218,49.096226],[2.464275,49.096024],[2.465186,49.096298],[2.46514,49.09651],[2.464957,49.096777],[2.46473,49.09696],[2.465207,49.097039],[2.465276,49.097193],[2.465132,49.097241],[2.465322,49.097433],[2.46542,49.097624],[2.465388,49.09801],[2.465137,49.098083],[2.465195,49.098211],[2.465415,49.098293],[2.465399,49.098607],[2.462793,49.099229],[2.462336,49.099319],[2.460924,49.09951],[2.459971,49.099591],[2.45922,49.099596],[2.458529,49.099544],[2.457836,49.099894],[2.457716,49.099976],[2.457407,49.100365],[2.457098,49.100851],[2.456922,49.101037],[2.456432,49.101104],[2.455608,49.101153],[2.454686,49.101159],[2.454257,49.101139],[2.453772,49.101094],[2.453388,49.101017],[2.452968,49.100974],[2.451616,49.100901],[2.450476,49.100862],[2.450077,49.100834],[2.449782,49.100784],[2.449974,49.101025],[2.450264,49.101218],[2.450755,49.101397],[2.4512,49.101514],[2.451415,49.102062],[2.451683,49.102425],[2.451868,49.102736],[2.452126,49.103373],[2.452492,49.103995],[2.452856,49.104428],[2.453407,49.105044],[2.453785,49.105391],[2.454559,49.10605],[2.454691,49.106118],[2.45543,49.106749],[2.455575,49.106722],[2.456343,49.10701],[2.457158,49.107294],[2.458838,49.107842],[2.458266,49.108325],[2.457904,49.10871],[2.458238,49.10899],[2.45844,49.109123],[2.458924,49.109527],[2.460239,49.110452],[2.460496,49.110621],[2.462132,49.111477],[2.46316,49.111836],[2.463688,49.111478],[2.464184,49.111026],[2.465243,49.110595],[2.465675,49.111003],[2.466603,49.111472],[2.466866,49.111844],[2.475561,49.112271],[2.479203,49.112122],[2.481785,49.112021],[2.483238,49.111724],[2.483343,49.110688],[2.483636,49.110119],[2.483823,49.109231],[2.483966,49.108251],[2.484057,49.107455],[2.48409,49.107008],[2.484011,49.106878],[2.483212,49.106704],[2.481749,49.106439],[2.480286,49.106234],[2.479928,49.105042],[2.479787,49.104437],[2.47972,49.104002],[2.479625,49.103655],[2.478944,49.102372],[2.478161,49.100279],[2.478349,49.100217],[2.478702,49.100174],[2.478505,49.099633],[2.478424,49.099469],[2.478274,49.099029],[2.477939,49.098248],[2.477436,49.097227],[2.478394,49.097176],[2.478341,49.09695],[2.478111,49.096971],[2.477979,49.09652],[2.477816,49.096042],[2.477816,49.095796],[2.478209,49.095768],[2.478253,49.094246],[2.478545,49.094099],[2.479227,49.094129],[2.479266,49.094049],[2.479461,49.094101],[2.479747,49.094256],[2.480124,49.094358],[2.480301,49.094359],[2.480269,49.094478],[2.48038,49.094635],[2.480515,49.094643],[2.480748,49.09455],[2.48092,49.094591],[2.481079,49.09469],[2.482172,49.094499],[2.482642,49.094497],[2.482871,49.094574],[2.483448,49.09454],[2.483818,49.094495],[2.483853,49.094388],[2.484148,49.094351],[2.484657,49.094331],[2.485041,49.094342],[2.485222,49.094311],[2.485634,49.094489],[2.485758,49.094489],[2.486833,49.094335],[2.487144,49.094332],[2.48728,49.094249],[2.487666,49.094308],[2.487811,49.094046],[2.488052,49.093783],[2.488173,49.093711],[2.488507,49.093603],[2.488953,49.093569],[2.48797,49.091411],[2.488174,49.091355],[2.487716,49.090634],[2.487592,49.090375],[2.487075,49.089919],[2.486736,49.089584],[2.486496,49.0894],[2.486192,49.089352],[2.485921,49.089385],[2.485205,49.08923],[2.484402,49.089163],[2.484052,49.089094],[2.483906,49.088923],[2.483856,49.088744],[2.483872,49.087919],[2.48382,49.087502],[2.48374,49.087224],[2.483516,49.086575],[2.483234,49.085931],[2.482956,49.084963],[2.482786,49.084522],[2.48222,49.083411],[2.481766,49.082618],[2.481524,49.082254],[2.481364,49.081922],[2.481194,49.081511],[2.480984,49.080946],[2.480722,49.080339],[2.480436,49.079767],[2.480341,49.0795],[2.480046,49.078889],[2.479789,49.078441],[2.479476,49.078148],[2.478363,49.077336],[2.477731,49.076911],[2.477307,49.076596],[2.476746,49.07608],[2.47617,49.075511],[2.475668,49.074949],[2.475341,49.074418],[2.474876,49.073554],[2.474766,49.073399],[2.47456,49.073196],[2.474121,49.072895],[2.473473,49.072577],[2.473068,49.072287],[2.472783,49.071974],[2.472628,49.071678],[2.472342,49.071063],[2.47227,49.07102],[2.472047,49.071411],[2.470213,49.071125],[2.470216,49.070951],[2.463764,49.071711],[2.463631,49.072204],[2.46191,49.072698],[2.462081,49.073214],[2.46211,49.073365],[2.462358,49.074109],[2.46278,49.075422],[2.460613,49.07607],[2.459653,49.076305],[2.458016,49.076766],[2.457751,49.07678],[2.457779,49.077101],[2.457798,49.077647],[2.457823,49.077898],[2.457843,49.078654],[2.457742,49.078946],[2.458093,49.079265],[2.458138,49.079566],[2.458347,49.079861],[2.457346,49.080295],[2.457605,49.080516],[2.457549,49.080587],[2.457334,49.081022],[2.457004,49.081568],[2.456942,49.08173],[2.456948,49.081916],[2.456828,49.082207],[2.456729,49.082337],[2.456664,49.082562],[2.456627,49.082834],[2.456635,49.083089],[2.45642,49.083195],[2.455925,49.083271],[2.455671,49.083329],[2.455573,49.083411],[2.455378,49.084112],[2.455268,49.084847],[2.455253,49.08554],[2.455382,49.085957],[2.455491,49.086461],[2.455466,49.086728],[2.455312,49.086785],[2.454847,49.086783],[2.454709,49.086969],[2.45462,49.087597],[2.454562,49.087691],[2.454159,49.087692],[2.453982,49.087485],[2.453698,49.087433],[2.453485,49.087559],[2.453351,49.087731],[2.45305,49.088026],[2.452981,49.088311],[2.452546,49.08894],[2.452768,49.089059],[2.454239,49.089745]]]}},{"type":"Feature","properties":{"nom":"Belloy-en-France","code":"95056","population":2250,"codeDepartement":"95"},"geometry":{"type":"Polygon","coordinates":[[[2.349666,49.081063],[2.349823,49.081335],[2.349892,49.081512],[2.350089,49.081871],[2.350466,49.081781],[2.35033,49.082031],[2.349998,49.082419],[2.349545,49.082859],[2.34928,49.083039],[2.349024,49.083175],[2.348545,49.083371],[2.348388,49.083457],[2.347746,49.084631],[2.34678,49.086152],[2.346841,49.086524],[2.346318,49.086179],[2.344407,49.087672],[2.344676,49.087838],[2.344589,49.08789],[2.345117,49.088355],[2.345641,49.088756],[2.343874,49.088816],[2.343882,49.089155],[2.343707,49.089148],[2.343844,49.089974],[2.344776,49.090035],[2.344936,49.090024],[2.346018,49.089877],[2.346814,49.090493],[2.346616,49.090868],[2.347558,49.091429],[2.34728,49.091976],[2.351754,49.094375],[2.351938,49.094587],[2.352211,49.094972],[2.352555,49.095378],[2.352577,49.095464],[2.353249,49.09628],[2.354593,49.097961],[2.355826,49.099478],[2.356337,49.100219],[2.358016,49.102622],[2.358277,49.103217],[2.35909,49.104627],[2.36002,49.106146],[2.360045,49.106207],[2.36213,49.106759],[2.361489,49.107066],[2.362019,49.107205],[2.362747,49.107358],[2.363528,49.107498],[2.3647,49.107783],[2.365134,49.107912],[2.365419,49.108027],[2.365788,49.108089],[2.366676,49.108281],[2.366848,49.108329],[2.367269,49.108393],[2.367422,49.108379],[2.368276,49.10854],[2.36851,49.108552],[2.369453,49.108505],[2.370026,49.108439],[2.369741,49.106344],[2.376041,49.108162],[2.378088,49.108761],[2.378766,49.108965],[2.379402,49.109174],[2.380259,49.109435],[2.382402,49.110007],[2.382937,49.110159],[2.383472,49.109558],[2.383521,49.109342],[2.383689,49.108989],[2.384368,49.109042],[2.387385,49.109815],[2.389161,49.109868],[2.389756,49.109952],[2.391454,49.110241],[2.391221,49.1101],[2.390807,49.109683],[2.390434,49.109328],[2.389796,49.108663],[2.389484,49.10836],[2.389312,49.10812],[2.388749,49.106836],[2.388424,49.106077],[2.3892,49.10534],[2.389933,49.104479],[2.390762,49.10328],[2.391153,49.102749],[2.391247,49.102403],[2.391334,49.101731],[2.391281,49.101408],[2.39137,49.100694],[2.392758,49.099076],[2.393557,49.098087],[2.392976,49.097802],[2.392596,49.097503],[2.392246,49.097293],[2.39198,49.097087],[2.391686,49.096826],[2.390962,49.096214],[2.390408,49.095699],[2.390165,49.095415],[2.38989,49.095051],[2.389391,49.094285],[2.389134,49.093793],[2.388921,49.093303],[2.388689,49.092672],[2.388424,49.091752],[2.388321,49.091452],[2.388141,49.090712],[2.388035,49.090488],[2.388507,49.090529],[2.39042,49.090654],[2.391707,49.090732],[2.390323,49.089115],[2.391124,49.088881],[2.391933,49.088631],[2.39308,49.088199],[2.393903,49.087785],[2.394892,49.087309],[2.39562,49.086987],[2.396202,49.086686],[2.38469,49.08078],[2.379637,49.078179],[2.375087,49.075048],[2.375538,49.074243],[2.375715,49.073806],[2.375776,49.073581],[2.375859,49.073072],[2.375833,49.072609],[2.375718,49.072197],[2.375596,49.071849],[2.375515,49.071753],[2.374444,49.071966],[2.373017,49.07221],[2.371334,49.072529],[2.370261,49.072757],[2.368661,49.073103],[2.370367,49.075656],[2.36696,49.077127],[2.362801,49.078885],[2.360562,49.079852],[2.361546,49.080787],[2.362182,49.081361],[2.362639,49.081822],[2.362321,49.081752],[2.361376,49.081453],[2.359983,49.081082],[2.35906,49.080788],[2.358662,49.080632],[2.358015,49.080415],[2.357581,49.080291],[2.357054,49.080186],[2.355981,49.080041],[2.355375,49.079911],[2.354708,49.079805],[2.353351,49.079615],[2.352931,49.079525],[2.352595,49.079575],[2.352445,49.079455],[2.352022,49.079748],[2.35157,49.079983],[2.351299,49.080101],[2.351353,49.080141],[2.350145,49.080789],[2.349666,49.081063]]]}},{"type":"Feature","properties":{"nom":"Bernes-sur-Oise","code":"95058","population":2684,"codeDepartement":"95"},"geometry":{"type":"Polygon","coordinates":[[[2.286479,49.159873],[2.286231,49.160207],[2.28572,49.161091],[2.285477,49.161591],[2.285364,49.162032],[2.285296,49.162513],[2.285274,49.163445],[2.285199,49.163445],[2.285013,49.164809],[2.285085,49.165711],[2.286486,49.165656],[2.286415,49.165824],[2.287561,49.165885],[2.28697,49.167175],[2.288131,49.167367],[2.287871,49.167947],[2.289488,49.168037],[2.289293,49.169027],[2.289059,49.169887],[2.288806,49.17071],[2.29026,49.170744],[2.290184,49.171544],[2.292464,49.171662],[2.292452,49.17185],[2.294154,49.171713],[2.294365,49.172415],[2.294544,49.172363],[2.294819,49.173411],[2.295678,49.173327],[2.296168,49.174799],[2.296626,49.17621],[2.299516,49.175964],[2.299575,49.176557],[2.299575,49.176968],[2.299544,49.178221],[2.299638,49.178824],[2.299973,49.179795],[2.300033,49.179996],[2.300078,49.1803],[2.300104,49.181244],[2.300484,49.182427],[2.300766,49.18323],[2.301273,49.184041],[2.302394,49.184001],[2.303027,49.183993],[2.304446,49.183941],[2.30433,49.183653],[2.304792,49.183614],[2.305746,49.183429],[2.30621,49.184825],[2.306636,49.184774],[2.308228,49.184606],[2.308461,49.185405],[2.310412,49.184958],[2.310425,49.184989],[2.31052,49.184956],[2.311473,49.184464],[2.311594,49.184379],[2.312059,49.183736],[2.312238,49.183515],[2.312384,49.183425],[2.312167,49.183279],[2.30954,49.181341],[2.309018,49.181209],[2.313055,49.175794],[2.31274,49.175641],[2.3132,49.173627],[2.313867,49.171292],[2.31436,49.169609],[2.313228,49.169549],[2.312698,49.169487],[2.312724,49.169223],[2.313039,49.165286],[2.313008,49.162689],[2.313227,49.16267],[2.312784,49.159003],[2.313907,49.158878],[2.313938,49.158712],[2.313622,49.154093],[2.313281,49.154184],[2.312609,49.152739],[2.313029,49.15259],[2.311998,49.150119],[2.310928,49.150292],[2.309329,49.150605],[2.308042,49.150771],[2.306303,49.150867],[2.304755,49.150909],[2.302934,49.15098],[2.301674,49.15111],[2.299647,49.151442],[2.297897,49.151663],[2.296745,49.151685],[2.295718,49.151644],[2.294674,49.151459],[2.293946,49.151265],[2.292903,49.152593],[2.292713,49.152881],[2.292385,49.153249],[2.29082,49.15506],[2.290532,49.15533],[2.290106,49.155773],[2.289418,49.15653],[2.288851,49.157186],[2.288783,49.157342],[2.288491,49.15754],[2.288261,49.157793],[2.287405,49.157658],[2.287153,49.158967],[2.287102,49.159089],[2.286864,49.15935],[2.286514,49.159768],[2.286479,49.159873]]]}},{"type":"Feature","properties":{"nom":"Berville","code":"95059","population":374,"codeDepartement":"95"},"geometry":{"type":"Polygon","coordinates":[[[2.037998,49.19217],[2.038239,49.192382],[2.038633,49.192531],[2.038528,49.192644],[2.038801,49.192892],[2.039056,49.193091],[2.039441,49.193442],[2.03966,49.193162],[2.041159,49.193716],[2.04281,49.194385],[2.042461,49.194794],[2.042475,49.194851],[2.042998,49.194761],[2.043495,49.194842],[2.044802,49.195607],[2.04493,49.195669],[2.046227,49.196424],[2.04691,49.195936],[2.047,49.195903],[2.047116,49.196673],[2.047265,49.197969],[2.047324,49.19869],[2.04906,49.198735],[2.050119,49.198771],[2.053351,49.198861],[2.055789,49.198937],[2.05604,49.199035],[2.058864,49.200042],[2.062743,49.201414],[2.063326,49.201615],[2.066842,49.202861],[2.067208,49.202961],[2.06994,49.203578],[2.070891,49.203813],[2.072282,49.204138],[2.072507,49.204184],[2.072138,49.20434],[2.072633,49.206183],[2.073543,49.20743],[2.074806,49.208844],[2.077104,49.208743],[2.077263,49.209907],[2.080737,49.210715],[2.080694,49.209797],[2.080544,49.20907],[2.080475,49.208846],[2.080384,49.208696],[2.07924,49.206574],[2.078967,49.205918],[2.080332,49.205822],[2.080686,49.206944],[2.08267,49.206853],[2.082362,49.205658],[2.083431,49.205563],[2.084705,49.205865],[2.087101,49.207728],[2.087918,49.209132],[2.090932,49.208642],[2.09036,49.20606],[2.091372,49.204993],[2.091006,49.203575],[2.090455,49.201687],[2.092184,49.201198],[2.091267,49.199885],[2.090332,49.198229],[2.092526,49.197474],[2.091852,49.196657],[2.092717,49.196251],[2.092653,49.19532],[2.090935,49.195606],[2.088898,49.19615],[2.088999,49.194706],[2.089048,49.193784],[2.090814,49.193815],[2.092276,49.194178],[2.092477,49.193629],[2.092467,49.193407],[2.093624,49.192791],[2.095825,49.191642],[2.095318,49.19011],[2.094477,49.190217],[2.093327,49.190403],[2.0928,49.190415],[2.092253,49.190374],[2.091822,49.190318],[2.091487,49.19032],[2.089855,49.190386],[2.089147,49.190338],[2.089073,49.189981],[2.088897,49.1895],[2.088295,49.187623],[2.08768,49.187704],[2.0875,49.187746],[2.08606,49.187969],[2.085358,49.186936],[2.084004,49.185899],[2.085107,49.185289],[2.085447,49.185065],[2.085337,49.184925],[2.085244,49.184703],[2.084407,49.183136],[2.082709,49.181423],[2.081381,49.180072],[2.078444,49.177344],[2.075499,49.174621],[2.076795,49.174774],[2.07635,49.173321],[2.07384,49.174039],[2.073223,49.174244],[2.073038,49.174207],[2.072894,49.174398],[2.072291,49.174936],[2.072026,49.175112],[2.071588,49.175448],[2.071198,49.17572],[2.07044,49.176149],[2.069686,49.176493],[2.069405,49.176637],[2.068039,49.17725],[2.067222,49.1776],[2.065155,49.178557],[2.064704,49.178735],[2.064259,49.178941],[2.062264,49.17982],[2.061368,49.180236],[2.060636,49.180599],[2.059868,49.180944],[2.058385,49.181575],[2.058275,49.181605],[2.057771,49.181946],[2.056242,49.183218],[2.055916,49.183531],[2.055325,49.183933],[2.053298,49.184281],[2.052038,49.185077],[2.050969,49.184583],[2.050532,49.184403],[2.048704,49.183811],[2.048615,49.183982],[2.048403,49.184253],[2.046412,49.185601],[2.045858,49.187631],[2.045741,49.188144],[2.045732,49.188552],[2.045808,49.189024],[2.046005,49.190095],[2.043382,49.190377],[2.041838,49.19058],[2.041578,49.190026],[2.041075,49.190085],[2.040492,49.190228],[2.040418,49.190067],[2.039192,49.190652],[2.039524,49.191296],[2.038214,49.191403],[2.038181,49.191837],[2.037998,49.19217]]]}},{"type":"Feature","properties":{"nom":"Bessancourt","code":"95060","population":8869,"codeDepartement":"95"},"geometry":{"type":"Polygon","coordinates":[[[2.182771,49.025436],[2.182555,49.025609],[2.182278,49.02578],[2.181966,49.025917],[2.180742,49.026596],[2.180566,49.026736],[2.180326,49.026811],[2.180063,49.026984],[2.179514,49.027215],[2.179125,49.027357],[2.178771,49.027507],[2.177663,49.027864],[2.177318,49.028013],[2.177092,49.028083],[2.176061,49.028452],[2.175802,49.028575],[2.173623,49.029462],[2.171957,49.03008],[2.168187,49.031456],[2.168313,49.031699],[2.16849,49.032325],[2.168665,49.033007],[2.168655,49.033193],[2.168702,49.033694],[2.168799,49.034101],[2.169299,49.034924],[2.169485,49.035154],[2.169826,49.035489],[2.170444,49.036026],[2.170662,49.036068],[2.170974,49.036293],[2.171334,49.03662],[2.171867,49.03707],[2.172356,49.037546],[2.173213,49.038287],[2.173447,49.03847],[2.173727,49.038642],[2.174134,49.038912],[2.174347,49.039139],[2.174559,49.039286],[2.175666,49.039992],[2.176914,49.040775],[2.1778,49.041312],[2.178201,49.04159],[2.178618,49.041938],[2.17899,49.042374],[2.179199,49.042704],[2.179473,49.043026],[2.179964,49.043484],[2.180911,49.044217],[2.181133,49.044376],[2.181575,49.044618],[2.182099,49.044879],[2.182361,49.045037],[2.183136,49.045465],[2.190037,49.043419],[2.189877,49.043228],[2.189743,49.042971],[2.189526,49.042675],[2.189202,49.042366],[2.188959,49.042073],[2.189034,49.042043],[2.190472,49.041564],[2.190666,49.041509],[2.190877,49.041702],[2.191279,49.042143],[2.191671,49.04245],[2.191829,49.042537],[2.192444,49.042994],[2.192899,49.043256],[2.193591,49.043617],[2.19434,49.04406],[2.194571,49.044048],[2.195379,49.043633],[2.195947,49.043326],[2.196789,49.042844],[2.196918,49.04298],[2.197331,49.043295],[2.197492,49.043506],[2.198347,49.044162],[2.199012,49.044722],[2.1997,49.045225],[2.199817,49.04526],[2.200079,49.045158],[2.200214,49.045145],[2.200768,49.045545],[2.201205,49.045827],[2.201758,49.046339],[2.202109,49.046752],[2.202204,49.046808],[2.202843,49.04595],[2.20305,49.045687],[2.203243,49.045493],[2.203935,49.044986],[2.20413,49.045083],[2.204582,49.045239],[2.204886,49.045294],[2.205672,49.045499],[2.205961,49.045614],[2.206344,49.045959],[2.207488,49.046069],[2.208473,49.046193],[2.209405,49.046244],[2.209363,49.046783],[2.210965,49.046768],[2.210979,49.046897],[2.211399,49.047149],[2.212167,49.046798],[2.212655,49.047274],[2.213356,49.047016],[2.213929,49.047403],[2.214206,49.047278],[2.214686,49.047099],[2.214901,49.047057],[2.216398,49.046855],[2.216582,49.0468],[2.21693,49.046607],[2.217152,49.046458],[2.217576,49.046285],[2.217842,49.046245],[2.218193,49.046295],[2.219559,49.046322],[2.219982,49.046342],[2.220824,49.046295],[2.221451,49.046082],[2.221655,49.04608],[2.221789,49.045991],[2.222674,49.045695],[2.223543,49.045367],[2.225177,49.044874],[2.225733,49.044678],[2.226556,49.044411],[2.227159,49.044249],[2.227591,49.044163],[2.22784,49.044153],[2.227844,49.04397],[2.229872,49.043219],[2.230249,49.043029],[2.230587,49.042935],[2.231367,49.042924],[2.231379,49.04287],[2.230537,49.042809],[2.230202,49.042743],[2.229737,49.042589],[2.229463,49.042456],[2.229286,49.042323],[2.229168,49.042184],[2.228749,49.041368],[2.228469,49.040797],[2.227725,49.039456],[2.227487,49.039222],[2.226968,49.038895],[2.226729,49.038688],[2.226307,49.038095],[2.226137,49.037765],[2.226088,49.037517],[2.22606,49.036746],[2.225931,49.036406],[2.225753,49.036075],[2.225113,49.034952],[2.224967,49.03465],[2.224807,49.034241],[2.222356,49.03359],[2.221058,49.033154],[2.221196,49.033081],[2.220467,49.032708],[2.220551,49.032642],[2.220101,49.032406],[2.218849,49.03188],[2.218749,49.031988],[2.217412,49.031259],[2.217244,49.031225],[2.214312,49.031136],[2.211012,49.030957],[2.206407,49.031414],[2.199103,49.032134],[2.198207,49.03225],[2.197507,49.031899],[2.196848,49.03162],[2.196412,49.031525],[2.195727,49.031473],[2.194677,49.03147],[2.194464,49.031429],[2.193804,49.031235],[2.191781,49.030775],[2.191057,49.030197],[2.190889,49.030082],[2.187677,49.028715],[2.186673,49.028231],[2.186435,49.028003],[2.186123,49.027746],[2.185417,49.027258],[2.183567,49.025998],[2.182771,49.025436]]]}},{"type":"Feature","properties":{"nom":"Béthemont-la-Forêt","code":"95061","population":435,"codeDepartement":"95"},"geometry":{"type":"Polygon","coordinates":[[[2.234448,49.049541],[2.23536,49.049861],[2.235858,49.050119],[2.235773,49.050257],[2.234571,49.051437],[2.236099,49.052438],[2.236589,49.051904],[2.23699,49.052065],[2.237992,49.052552],[2.238308,49.052183],[2.240331,49.053199],[2.239736,49.054833],[2.239469,49.054877],[2.238906,49.05612],[2.239287,49.056173],[2.240112,49.056263],[2.240563,49.056322],[2.241056,49.056344],[2.242601,49.056549],[2.242526,49.057092],[2.243743,49.057124],[2.2438,49.057514],[2.243883,49.057557],[2.246361,49.058744],[2.246124,49.058799],[2.246399,49.059237],[2.247046,49.060144],[2.247607,49.0609],[2.247672,49.061958],[2.248172,49.061939],[2.248179,49.062078],[2.248352,49.062647],[2.248425,49.062803],[2.248779,49.063222],[2.249444,49.063852],[2.249453,49.063904],[2.250161,49.064608],[2.250933,49.065356],[2.251523,49.065914],[2.251922,49.066306],[2.25195,49.066693],[2.251879,49.067669],[2.251775,49.067924],[2.251457,49.068341],[2.251294,49.068483],[2.251225,49.06864],[2.251214,49.069308],[2.251251,49.06981],[2.251207,49.07028],[2.251734,49.070357],[2.251659,49.070689],[2.25247,49.070737],[2.253175,49.070739],[2.253837,49.070784],[2.253861,49.070895],[2.255286,49.071104],[2.255256,49.07097],[2.255451,49.070835],[2.256683,49.070782],[2.257199,49.070687],[2.257772,49.070455],[2.257925,49.070353],[2.258056,49.0702],[2.258206,49.069876],[2.258631,49.069369],[2.258912,49.06913],[2.259069,49.069063],[2.259761,49.068879],[2.260272,49.06878],[2.260319,49.068516],[2.260373,49.068038],[2.260391,49.06711],[2.260419,49.066896],[2.260538,49.06632],[2.260605,49.065812],[2.260746,49.065272],[2.260863,49.064729],[2.260995,49.064331],[2.261235,49.063798],[2.261401,49.063],[2.261485,49.062358],[2.261459,49.062109],[2.261364,49.061741],[2.261177,49.06113],[2.261134,49.06105],[2.261086,49.060697],[2.261105,49.060206],[2.261195,49.060032],[2.262045,49.060025],[2.262184,49.059668],[2.262349,49.059171],[2.262469,49.058719],[2.262507,49.058372],[2.262457,49.057829],[2.262334,49.057554],[2.262138,49.057261],[2.261773,49.056832],[2.261687,49.056661],[2.261635,49.056376],[2.261662,49.055999],[2.261765,49.055771],[2.261971,49.055613],[2.262306,49.055472],[2.261717,49.055099],[2.261399,49.054838],[2.261114,49.054724],[2.260729,49.054369],[2.260364,49.053935],[2.259993,49.053759],[2.259231,49.053481],[2.259523,49.053088],[2.259536,49.052992],[2.259549,49.052205],[2.259538,49.050796],[2.259517,49.050009],[2.259524,49.04961],[2.259551,49.049493],[2.259556,49.048541],[2.259541,49.047585],[2.259495,49.045433],[2.259503,49.044966],[2.259449,49.043581],[2.258892,49.043382],[2.257914,49.043086],[2.256627,49.042657],[2.25628,49.042534],[2.253777,49.041726],[2.253437,49.041606],[2.25292,49.04138],[2.247965,49.042672],[2.246452,49.043072],[2.245986,49.043207],[2.24523,49.043393],[2.244953,49.043475],[2.244449,49.043583],[2.244164,49.043683],[2.243452,49.043857],[2.242955,49.043991],[2.242881,49.044103],[2.242912,49.044365],[2.242499,49.044284],[2.241995,49.04427],[2.24166,49.044313],[2.241133,49.044466],[2.240826,49.044585],[2.24044,49.044776],[2.239466,49.045441],[2.239211,49.045763],[2.239047,49.046026],[2.239032,49.046234],[2.238917,49.046506],[2.238737,49.046744],[2.238093,49.047372],[2.237932,49.047565],[2.237752,49.047693],[2.237506,49.04777],[2.237368,49.047899],[2.236726,49.04841],[2.236278,49.048556],[2.234762,49.049231],[2.23454,49.049421],[2.234448,49.049541]]]}},{"type":"Feature","properties":{"nom":"Bezons","code":"95063","population":36434,"codeDepartement":"95"},"geometry":{"type":"Polygon","coordinates":[[[2.23114,48.927733],[2.230269,48.927133],[2.227842,48.9255],[2.226748,48.924736],[2.224604,48.923289],[2.224062,48.922934],[2.222967,48.922236],[2.220398,48.920613],[2.219099,48.919794],[2.216718,48.918219],[2.215471,48.917413],[2.214197,48.916557],[2.213859,48.916285],[2.213165,48.915702],[2.212572,48.915097],[2.212139,48.914695],[2.211204,48.913984],[2.210995,48.913855],[2.209721,48.912993],[2.20829,48.912062],[2.207672,48.911689],[2.206798,48.911235],[2.205976,48.91084],[2.205445,48.910636],[2.204468,48.910242],[2.20357,48.909901],[2.202199,48.909326],[2.201212,48.908959],[2.200468,48.908625],[2.198213,48.912045],[2.199424,48.91262],[2.200232,48.91296],[2.200644,48.913253],[2.201128,48.913409],[2.202301,48.913883],[2.203862,48.914539],[2.20222,48.916414],[2.201502,48.917256],[2.201116,48.917693],[2.200816,48.918006],[2.200428,48.918301],[2.199798,48.918728],[2.199194,48.918971],[2.19956,48.919193],[2.201047,48.920146],[2.202091,48.920807],[2.202389,48.920975],[2.203635,48.921436],[2.204723,48.921828],[2.20517,48.922034],[2.205012,48.922246],[2.205114,48.922249],[2.204786,48.922712],[2.204918,48.922752],[2.204375,48.923619],[2.204622,48.923683],[2.20407,48.924548],[2.204322,48.924511],[2.203983,48.925069],[2.204618,48.92522],[2.203673,48.926591],[2.203626,48.92657],[2.203067,48.92741],[2.203171,48.927409],[2.203781,48.9276],[2.202985,48.928684],[2.202559,48.929236],[2.202836,48.929317],[2.202212,48.930218],[2.202506,48.930319],[2.201755,48.931286],[2.201931,48.931352],[2.201753,48.931554],[2.201334,48.932085],[2.200087,48.933909],[2.199284,48.93527],[2.201022,48.936089],[2.201587,48.93591],[2.201816,48.93581],[2.202083,48.935652],[2.202099,48.935906],[2.201766,48.937212],[2.201644,48.937718],[2.202082,48.937625],[2.202149,48.937702],[2.202985,48.937752],[2.202783,48.939963],[2.204799,48.940056],[2.205067,48.940063],[2.205438,48.940144],[2.205611,48.940221],[2.205929,48.940471],[2.206094,48.940653],[2.206644,48.941292],[2.206809,48.941382],[2.206916,48.940383],[2.206901,48.939418],[2.207313,48.939481],[2.208288,48.939567],[2.208316,48.938999],[2.210359,48.938929],[2.210338,48.938005],[2.211028,48.938024],[2.212349,48.937804],[2.213193,48.937655],[2.213519,48.937762],[2.213541,48.937699],[2.214114,48.93705],[2.215047,48.937398],[2.215152,48.937206],[2.215511,48.937361],[2.215855,48.937368],[2.215887,48.93716],[2.216054,48.937157],[2.216251,48.936901],[2.217295,48.937223],[2.217428,48.936523],[2.217404,48.936404],[2.2172,48.935966],[2.219705,48.934835],[2.220024,48.934849],[2.22113,48.934776],[2.221729,48.934656],[2.221998,48.934629],[2.222337,48.934206],[2.223284,48.932974],[2.223215,48.932934],[2.224576,48.930839],[2.224444,48.930796],[2.225662,48.929208],[2.226257,48.929546],[2.227859,48.930418],[2.229281,48.929237],[2.230316,48.928387],[2.23114,48.927733]]]}},{"type":"Feature","properties":{"nom":"Boisemont","code":"95074","population":892,"codeDepartement":"95"},"geometry":{"type":"Polygon","coordinates":[[[2.007279,49.008364],[2.006702,49.008899],[2.006178,49.009359],[2.005758,49.009616],[2.005241,49.009906],[2.00486,49.010095],[2.004515,49.01019],[2.002705,49.011759],[2.002049,49.012335],[2.001451,49.012845],[1.996205,49.01739],[1.994148,49.019217],[1.993717,49.019645],[1.992191,49.021045],[1.991436,49.023762],[1.9918,49.023797],[1.992414,49.023884],[1.993195,49.023909],[1.993843,49.02385],[1.995141,49.023718],[1.995638,49.023674],[1.996614,49.023631],[1.997247,49.023632],[1.997666,49.023661],[1.99847,49.023668],[1.998475,49.023923],[1.998912,49.023931],[1.998887,49.024087],[1.999348,49.024094],[1.999084,49.027193],[2.000268,49.02717],[2.000696,49.027175],[2.004502,49.027787],[2.010017,49.027341],[2.010072,49.026882],[2.010836,49.020658],[2.011019,49.019177],[2.011587,49.017573],[2.012287,49.017433],[2.013699,49.017504],[2.013835,49.017364],[2.013741,49.01557],[2.013898,49.015401],[2.014977,49.014423],[2.015124,49.0142],[2.014684,49.014015],[2.013434,49.013572],[2.011184,49.012593],[2.009274,49.011692],[2.008702,49.011483],[2.009397,49.010799],[2.010227,49.009735],[2.010394,49.009488],[2.01022,49.009468],[2.009965,49.009361],[2.009376,49.00896],[2.008611,49.00851],[2.008224,49.008375],[2.007849,49.008355],[2.007279,49.008364]]]}},{"type":"Feature","properties":{"nom":"Boissy-l'Aillerie","code":"95078","population":2120,"codeDepartement":"95"},"geometry":{"type":"Polygon","coordinates":[[[2.027073,49.096552],[2.028672,49.09855],[2.029702,49.098249],[2.030537,49.097956],[2.031391,49.099291],[2.032506,49.099132],[2.033282,49.101434],[2.036141,49.101049],[2.036004,49.100594],[2.037004,49.100444],[2.039586,49.100071],[2.04028,49.099904],[2.040105,49.099514],[2.039974,49.099341],[2.04097,49.099124],[2.040859,49.098943],[2.040853,49.098805],[2.043668,49.097924],[2.04424,49.097596],[2.044196,49.097465],[2.042963,49.095803],[2.042384,49.095983],[2.041399,49.094732],[2.046586,49.093312],[2.045844,49.091682],[2.047507,49.091348],[2.046343,49.089882],[2.046254,49.089423],[2.046003,49.087529],[2.045679,49.087566],[2.045545,49.087094],[2.045484,49.086765],[2.045053,49.086804],[2.044433,49.085248],[2.043895,49.082686],[2.044515,49.082764],[2.045334,49.082734],[2.04503,49.081621],[2.044803,49.081227],[2.043898,49.079527],[2.042758,49.076764],[2.042507,49.076792],[2.041799,49.076073],[2.040894,49.07512],[2.041417,49.074141],[2.040805,49.073577],[2.039919,49.072575],[2.04012,49.072411],[2.037571,49.069811],[2.037685,49.069646],[2.037562,49.069174],[2.037274,49.068719],[2.037223,49.068512],[2.037275,49.067953],[2.037038,49.067742],[2.03689,49.067763],[2.036665,49.067612],[2.036595,49.067456],[2.036548,49.067124],[2.036361,49.066657],[2.036215,49.06637],[2.035972,49.065725],[2.035861,49.065475],[2.035509,49.064861],[2.035304,49.064466],[2.035088,49.063702],[2.034549,49.062743],[2.033964,49.062943],[2.033179,49.06314],[2.032567,49.063308],[2.032833,49.0635],[2.033095,49.063747],[2.033574,49.064348],[2.033832,49.06475],[2.034275,49.065491],[2.03446,49.065839],[2.031863,49.067299],[2.031344,49.067284],[2.031216,49.066766],[2.031125,49.066645],[2.030461,49.066223],[2.030224,49.065927],[2.029749,49.065499],[2.029603,49.065284],[2.029442,49.064888],[2.029306,49.064705],[2.029211,49.064507],[2.02889,49.064081],[2.028614,49.063789],[2.028508,49.063587],[2.028225,49.063801],[2.028003,49.064139],[2.027728,49.064696],[2.027605,49.064858],[2.027313,49.065057],[2.026997,49.06516],[2.02674,49.06521],[2.026319,49.065381],[2.025905,49.065528],[2.025554,49.065621],[2.024039,49.066108],[2.022815,49.066536],[2.022282,49.0667],[2.022478,49.066851],[2.0233,49.067303],[2.024692,49.068035],[2.025002,49.068208],[2.025604,49.068633],[2.025831,49.068881],[2.026166,49.069344],[2.026289,49.069558],[2.026361,49.069803],[2.026363,49.069988],[2.026296,49.070726],[2.026298,49.071115],[2.026367,49.071382],[2.026478,49.071679],[2.026627,49.07193],[2.027128,49.072469],[2.026341,49.072622],[2.026503,49.07285],[2.026027,49.072869],[2.025455,49.072932],[2.025482,49.073625],[2.026746,49.073635],[2.026725,49.073871],[2.027218,49.073859],[2.027318,49.074024],[2.026945,49.07397],[2.026191,49.073917],[2.025152,49.073951],[2.024202,49.074028],[2.023431,49.074135],[2.022836,49.07428],[2.022325,49.074429],[2.021847,49.074616],[2.021288,49.074857],[2.020991,49.074946],[2.02069,49.074994],[2.020407,49.075116],[2.019884,49.075406],[2.019584,49.07542],[2.019013,49.075651],[2.018869,49.075755],[2.018341,49.076229],[2.017876,49.076497],[2.017591,49.076526],[2.017379,49.076667],[2.017211,49.076734],[2.016954,49.076773],[2.016769,49.076855],[2.016447,49.077072],[2.016033,49.077411],[2.016238,49.077703],[2.016572,49.078371],[2.015704,49.078566],[2.015909,49.078863],[2.016364,49.079652],[2.016582,49.080231],[2.016779,49.081152],[2.017061,49.082667],[2.017354,49.083223],[2.017731,49.083846],[2.018543,49.084942],[2.018711,49.085234],[2.018884,49.085865],[2.018966,49.086257],[2.019092,49.086477],[2.019553,49.086937],[2.019742,49.087201],[2.019783,49.087372],[2.019502,49.087496],[2.020533,49.088531],[2.020324,49.088783],[2.02018,49.089149],[2.020061,49.089544],[2.021074,49.0902],[2.02422,49.092325],[2.02543,49.093122],[2.024438,49.09358],[2.028396,49.096039],[2.027073,49.096552]]]}},{"type":"Feature","properties":{"nom":"Bonneuil-en-France","code":"95088","population":1185,"codeDepartement":"95"},"geometry":{"type":"Polygon","coordinates":[[[2.418812,48.957713],[2.418447,48.958206],[2.418381,48.958406],[2.418121,48.959059],[2.418018,48.959356],[2.417961,48.959647],[2.417648,48.959817],[2.417672,48.960027],[2.417518,48.960208],[2.417182,48.960328],[2.41713,48.960381],[2.417079,48.960794],[2.417085,48.961058],[2.417259,48.961601],[2.417212,48.961691],[2.417048,48.961813],[2.417432,48.961907],[2.418935,48.962123],[2.419258,48.962117],[2.419273,48.962191],[2.419059,48.962594],[2.418945,48.962754],[2.418663,48.963013],[2.418241,48.96346],[2.418105,48.963574],[2.417959,48.96398],[2.417857,48.964327],[2.417693,48.964743],[2.417732,48.965611],[2.417823,48.965938],[2.418137,48.966528],[2.418362,48.966714],[2.418458,48.96692],[2.418679,48.967207],[2.418974,48.967652],[2.419047,48.967858],[2.417982,48.968281],[2.417411,48.968523],[2.416809,48.968763],[2.416993,48.96914],[2.417293,48.969342],[2.417376,48.969449],[2.417683,48.969724],[2.41787,48.969924],[2.418042,48.970051],[2.418289,48.970147],[2.418887,48.970512],[2.419296,48.970782],[2.41973,48.970806],[2.42007,48.970893],[2.420152,48.971014],[2.420171,48.971263],[2.420391,48.971402],[2.420543,48.971708],[2.420824,48.971907],[2.421094,48.972005],[2.422258,48.972537],[2.422583,48.972732],[2.422895,48.972868],[2.423088,48.972921],[2.422647,48.973132],[2.422137,48.973415],[2.423222,48.973774],[2.423464,48.973898],[2.423747,48.974096],[2.423923,48.974258],[2.424309,48.974528],[2.424471,48.974741],[2.424463,48.974855],[2.424812,48.974942],[2.424799,48.975222],[2.424989,48.975532],[2.425224,48.97596],[2.425247,48.976792],[2.425932,48.9771],[2.426799,48.977445],[2.427221,48.977592],[2.429142,48.97832],[2.430472,48.978811],[2.430924,48.978943],[2.43166,48.979501],[2.432172,48.979751],[2.432354,48.979882],[2.432363,48.980093],[2.43246,48.980052],[2.433654,48.979349],[2.434318,48.978974],[2.434868,48.978605],[2.434843,48.978499],[2.436076,48.978192],[2.436943,48.977983],[2.440596,48.977089],[2.440235,48.976724],[2.439706,48.976225],[2.437865,48.974463],[2.437142,48.973715],[2.439141,48.973262],[2.440733,48.972949],[2.443499,48.972465],[2.444355,48.972302],[2.444825,48.972392],[2.445465,48.971326],[2.445631,48.970336],[2.445894,48.968872],[2.445943,48.968222],[2.446021,48.967788],[2.446159,48.967156],[2.4463,48.966616],[2.446809,48.966068],[2.447695,48.96517],[2.448006,48.96488],[2.448566,48.964582],[2.449167,48.964342],[2.451521,48.963465],[2.451018,48.962878],[2.451468,48.962661],[2.453326,48.961896],[2.454743,48.961307],[2.455787,48.960776],[2.456964,48.960154],[2.457794,48.959752],[2.457365,48.95885],[2.455879,48.955668],[2.454176,48.955659],[2.453836,48.955618],[2.453189,48.955475],[2.452896,48.955342],[2.452629,48.955286],[2.451467,48.955153],[2.451054,48.955053],[2.450307,48.954944],[2.450042,48.954971],[2.449226,48.955106],[2.448912,48.955245],[2.448572,48.955469],[2.448013,48.955939],[2.447486,48.955777],[2.445179,48.956741],[2.445017,48.956731],[2.444789,48.956574],[2.444573,48.956721],[2.444458,48.956637],[2.444032,48.956723],[2.443925,48.9567],[2.443835,48.956529],[2.443745,48.956513],[2.443486,48.956608],[2.443334,48.956498],[2.442772,48.95655],[2.442272,48.956524],[2.441852,48.956557],[2.441654,48.956424],[2.441157,48.956395],[2.440813,48.956253],[2.439824,48.956034],[2.439132,48.955863],[2.43807,48.955777],[2.437088,48.955753],[2.436824,48.955598],[2.436482,48.955441],[2.436157,48.955386],[2.435927,48.955119],[2.435771,48.955075],[2.43564,48.955186],[2.435644,48.955427],[2.435379,48.955461],[2.43531,48.955626],[2.435024,48.955663],[2.434349,48.955898],[2.434101,48.955943],[2.433935,48.956415],[2.433761,48.956592],[2.433386,48.956759],[2.43318,48.956777],[2.433032,48.957163],[2.432851,48.957203],[2.432826,48.95742],[2.432645,48.957395],[2.432632,48.957564],[2.432466,48.957585],[2.431785,48.957735],[2.431605,48.957802],[2.431374,48.957941],[2.431027,48.958058],[2.430695,48.958144],[2.430408,48.958252],[2.430019,48.958332],[2.429877,48.958557],[2.429306,48.958662],[2.429024,48.958908],[2.428844,48.959001],[2.428496,48.95903],[2.428234,48.959246],[2.428042,48.959235],[2.427355,48.959331],[2.427022,48.959413],[2.426527,48.959377],[2.425841,48.959402],[2.425655,48.959337],[2.425423,48.959147],[2.425318,48.959114],[2.424989,48.959137],[2.424436,48.959045],[2.423512,48.95897],[2.422702,48.958895],[2.422395,48.958817],[2.422246,48.958748],[2.421598,48.958528],[2.418812,48.957713]]]}},{"type":"Feature","properties":{"nom":"Bouffémont","code":"95091","population":6593,"codeDepartement":"95"},"geometry":{"type":"Polygon","coordinates":[[[2.321826,49.050875],[2.322198,49.050033],[2.324403,49.044585],[2.323114,49.044124],[2.322774,49.043991],[2.322145,49.043715],[2.321786,49.04354],[2.321345,49.043028],[2.32107,49.04287],[2.32015,49.042095],[2.31939,49.041469],[2.31898,49.04121],[2.318362,49.040992],[2.317677,49.040769],[2.317027,49.040483],[2.315192,49.039323],[2.312531,49.037636],[2.31226,49.03743],[2.311862,49.0379],[2.311313,49.038508],[2.310877,49.039077],[2.31027,49.039977],[2.310141,49.039902],[2.309222,49.039208],[2.308755,49.038888],[2.308359,49.038587],[2.307613,49.038286],[2.307251,49.038497],[2.306917,49.038776],[2.306118,49.038199],[2.305708,49.037247],[2.304275,49.037126],[2.30291,49.036961],[2.302248,49.03691],[2.301532,49.0368],[2.301539,49.036564],[2.301504,49.036324],[2.301271,49.035151],[2.301169,49.034725],[2.301148,49.03433],[2.301085,49.034159],[2.300974,49.034051],[2.299446,49.034967],[2.299195,49.035105],[2.298371,49.034109],[2.298215,49.033107],[2.297312,49.032397],[2.295775,49.032094],[2.295557,49.032],[2.295338,49.031854],[2.295139,49.031679],[2.295009,49.031498],[2.294861,49.031404],[2.294164,49.030855],[2.293689,49.030408],[2.293306,49.030548],[2.292603,49.030757],[2.290595,49.031393],[2.290077,49.031577],[2.287913,49.032201],[2.287034,49.032494],[2.286455,49.03267],[2.285587,49.03304],[2.285301,49.03311],[2.284444,49.033106],[2.283427,49.033118],[2.283262,49.033536],[2.283181,49.033626],[2.282908,49.033768],[2.282434,49.033913],[2.280688,49.034473],[2.27946,49.034839],[2.278419,49.035169],[2.277281,49.03554],[2.276849,49.035736],[2.276599,49.035816],[2.276472,49.035818],[2.275751,49.036002],[2.275106,49.036208],[2.27462,49.036341],[2.274702,49.036746],[2.274817,49.037431],[2.274834,49.037621],[2.274927,49.038051],[2.2752,49.03981],[2.275198,49.039852],[2.275733,49.040535],[2.276707,49.041854],[2.277277,49.041955],[2.277653,49.042052],[2.278055,49.042188],[2.278325,49.042319],[2.278861,49.04265],[2.27921,49.042815],[2.279388,49.042933],[2.279983,49.04311],[2.280243,49.043217],[2.281041,49.043614],[2.281292,49.043766],[2.281636,49.044134],[2.28193,49.044374],[2.282398,49.044716],[2.283049,49.045249],[2.283544,49.045533],[2.283705,49.045662],[2.283975,49.04596],[2.284266,49.046167],[2.284622,49.046553],[2.284581,49.046736],[2.284492,49.047498],[2.284469,49.047807],[2.284461,49.048443],[2.284482,49.048554],[2.284615,49.0488],[2.284816,49.049013],[2.285022,49.049183],[2.285789,49.049906],[2.285946,49.050086],[2.286195,49.050234],[2.286337,49.050023],[2.287425,49.048997],[2.290266,49.046305],[2.290639,49.046473],[2.292298,49.047305],[2.293703,49.047995],[2.294821,49.048686],[2.295113,49.048507],[2.295315,49.048656],[2.296515,49.049362],[2.296979,49.049602],[2.297455,49.04981],[2.298517,49.050104],[2.298921,49.050152],[2.299904,49.050299],[2.299926,49.050227],[2.300513,49.049285],[2.300722,49.048981],[2.300793,49.048799],[2.300713,49.048577],[2.300603,49.04848],[2.301482,49.048101],[2.302515,49.047708],[2.303115,49.047522],[2.303686,49.047307],[2.304074,49.047129],[2.304296,49.046982],[2.306276,49.046978],[2.306801,49.046942],[2.306738,49.04721],[2.308234,49.047663],[2.308668,49.047822],[2.310148,49.048427],[2.311348,49.048937],[2.312555,49.049401],[2.312682,49.049417],[2.313685,49.049418],[2.316112,49.04941],[2.316982,49.049387],[2.317124,49.049421],[2.317235,49.049637],[2.317467,49.049844],[2.317613,49.049919],[2.318068,49.050033],[2.319433,49.050399],[2.320476,49.050648],[2.321077,49.050757],[2.321529,49.050817],[2.321826,49.050875]]]}},{"type":"Feature","properties":{"nom":"Bouqueval","code":"95094","population":314,"codeDepartement":"95"},"geometry":{"type":"Polygon","coordinates":[[[2.434482,49.034519],[2.434927,49.03424],[2.435829,49.0337],[2.436062,49.033536],[2.435038,49.030723],[2.434251,49.029772],[2.434422,49.029644],[2.434569,49.02947],[2.434731,49.029165],[2.434842,49.028856],[2.43496,49.028731],[2.435125,49.028719],[2.436191,49.028816],[2.436987,49.028879],[2.437518,49.028894],[2.438073,49.02889],[2.438344,49.028186],[2.438572,49.027668],[2.439103,49.026615],[2.439193,49.02648],[2.440944,49.023121],[2.441054,49.02275],[2.441199,49.022427],[2.441897,49.020462],[2.442186,49.019716],[2.442228,49.019503],[2.442357,49.01923],[2.443011,49.017488],[2.443165,49.017187],[2.443346,49.01663],[2.4434,49.016396],[2.44357,49.01605],[2.444014,49.014864],[2.442978,49.013847],[2.442964,49.013403],[2.442907,49.012964],[2.442918,49.012672],[2.442729,49.012673],[2.442562,49.0126],[2.438587,49.014375],[2.438799,49.014727],[2.438215,49.01486],[2.436597,49.015051],[2.436396,49.015057],[2.436269,49.014914],[2.436066,49.01488],[2.435254,49.014969],[2.434254,49.015052],[2.433404,49.015195],[2.432501,49.015374],[2.431223,49.015664],[2.430927,49.015773],[2.430727,49.015415],[2.427825,49.01624],[2.427107,49.014527],[2.425562,49.014852],[2.424908,49.01409],[2.423164,49.014475],[2.423494,49.015044],[2.42136,49.015907],[2.421797,49.016871],[2.422937,49.018876],[2.421894,49.019046],[2.421022,49.019207],[2.420177,49.019339],[2.418294,49.019713],[2.417927,49.020198],[2.416974,49.020521],[2.416298,49.020721],[2.41605,49.020765],[2.415924,49.020743],[2.415929,49.021168],[2.41575,49.021039],[2.413075,49.022334],[2.41319,49.022541],[2.412862,49.022669],[2.412375,49.022788],[2.412158,49.022818],[2.412232,49.023102],[2.410544,49.023935],[2.410756,49.024118],[2.411258,49.024603],[2.41237,49.024202],[2.412642,49.02408],[2.412806,49.024728],[2.412925,49.024983],[2.413284,49.025522],[2.413559,49.025807],[2.414008,49.026143],[2.414484,49.02643],[2.414726,49.026553],[2.415,49.026744],[2.415336,49.027016],[2.416174,49.027724],[2.416474,49.028018],[2.416918,49.028601],[2.417192,49.028321],[2.417573,49.027886],[2.41777,49.027706],[2.418008,49.027567],[2.418363,49.027405],[2.418662,49.027224],[2.41895,49.026974],[2.419242,49.02667],[2.419644,49.026351],[2.420152,49.025886],[2.420506,49.025508],[2.420717,49.025254],[2.421079,49.025787],[2.421326,49.026097],[2.421744,49.026446],[2.421984,49.026617],[2.422548,49.026977],[2.422927,49.027309],[2.423077,49.027469],[2.423306,49.027803],[2.423446,49.02809],[2.423598,49.028655],[2.42361,49.028838],[2.423694,49.029244],[2.428342,49.02803],[2.429948,49.029746],[2.432559,49.032598],[2.433584,49.034229],[2.434153,49.033943],[2.434482,49.034519]]]}},{"type":"Feature","properties":{"nom":"Bray-et-Lû","code":"95101","population":954,"codeDepartement":"95"},"geometry":{"type":"Polygon","coordinates":[[[1.671208,49.127434],[1.67076,49.127542],[1.670751,49.127592],[1.670021,49.127822],[1.669998,49.127863],[1.667297,49.128564],[1.666226,49.128805],[1.665392,49.128969],[1.664028,49.129373],[1.663164,49.129591],[1.662789,49.12973],[1.662148,49.129893],[1.661785,49.130034],[1.661402,49.13013],[1.661235,49.130209],[1.659688,49.130282],[1.659561,49.130225],[1.659093,49.130239],[1.658618,49.130276],[1.657206,49.130442],[1.65573,49.130757],[1.655648,49.130762],[1.655658,49.131079],[1.655987,49.131321],[1.656271,49.131422],[1.656621,49.1315],[1.657095,49.13158],[1.65742,49.131598],[1.657718,49.131775],[1.657848,49.131941],[1.657876,49.132461],[1.657858,49.133096],[1.657033,49.133644],[1.656881,49.133797],[1.656786,49.133949],[1.657203,49.134587],[1.657377,49.134627],[1.65784,49.134558],[1.658047,49.134581],[1.658212,49.134665],[1.658327,49.134824],[1.65836,49.134951],[1.658322,49.135191],[1.658196,49.135311],[1.657584,49.135587],[1.657475,49.135657],[1.657385,49.135848],[1.657403,49.136383],[1.657336,49.136629],[1.657215,49.136866],[1.656846,49.137368],[1.656672,49.137572],[1.655012,49.13744],[1.654745,49.137324],[1.654687,49.137231],[1.654602,49.136699],[1.654076,49.136638],[1.653979,49.136215],[1.653778,49.135657],[1.653425,49.13493],[1.652655,49.135002],[1.652879,49.135971],[1.653061,49.13665],[1.65315,49.13693],[1.653004,49.137422],[1.65302,49.137722],[1.652826,49.137703],[1.652959,49.138224],[1.651481,49.138081],[1.651421,49.138748],[1.652925,49.139524],[1.652556,49.14034],[1.652406,49.140703],[1.652272,49.141129],[1.652406,49.141128],[1.652478,49.141331],[1.652579,49.141492],[1.652664,49.141483],[1.652945,49.141973],[1.653167,49.142499],[1.653218,49.142735],[1.653216,49.142937],[1.65301,49.143595],[1.652981,49.144046],[1.652973,49.144678],[1.653059,49.144873],[1.653133,49.14493],[1.654017,49.145093],[1.654429,49.145326],[1.654545,49.145699],[1.654461,49.146201],[1.65446,49.146331],[1.654599,49.146561],[1.654782,49.146769],[1.65514,49.147009],[1.655694,49.147198],[1.6559,49.147343],[1.656071,49.147617],[1.656012,49.147947],[1.655844,49.148182],[1.65583,49.14847],[1.656025,49.14862],[1.656189,49.148651],[1.657107,49.148642],[1.657513,49.148659],[1.657773,49.148704],[1.658133,49.148827],[1.658339,49.148936],[1.658501,49.149095],[1.658786,49.149814],[1.659238,49.151173],[1.659475,49.151489],[1.659606,49.151555],[1.660171,49.151752],[1.660399,49.151861],[1.661149,49.152289],[1.661421,49.152347],[1.662097,49.152438],[1.662709,49.152534],[1.663558,49.152899],[1.664101,49.153167],[1.664274,49.153268],[1.664457,49.153428],[1.664444,49.153607],[1.664277,49.153872],[1.664066,49.15414],[1.664537,49.15406],[1.667531,49.15383],[1.667641,49.154035],[1.667806,49.154674],[1.66793,49.154963],[1.668491,49.155661],[1.668561,49.155809],[1.668647,49.156204],[1.66882,49.156504],[1.668968,49.156704],[1.669418,49.157222],[1.669703,49.157497],[1.670207,49.158153],[1.670499,49.158376],[1.67116,49.158113],[1.671376,49.158386],[1.671696,49.158311],[1.671847,49.158209],[1.672356,49.158026],[1.672845,49.157897],[1.673424,49.157651],[1.67369,49.157561],[1.674138,49.157446],[1.674017,49.157219],[1.674703,49.157083],[1.674929,49.157022],[1.67516,49.15728],[1.67549,49.157146],[1.676051,49.157008],[1.675916,49.156807],[1.676513,49.156709],[1.677123,49.156464],[1.677339,49.156409],[1.677659,49.156369],[1.677733,49.156419],[1.678529,49.156334],[1.678727,49.156339],[1.678609,49.156174],[1.677458,49.155084],[1.676742,49.154393],[1.676166,49.153865],[1.675496,49.153203],[1.674849,49.152546],[1.674446,49.152077],[1.674326,49.151834],[1.673987,49.151309],[1.673463,49.150692],[1.673129,49.150225],[1.672863,49.149917],[1.672765,49.149742],[1.672907,49.149663],[1.673119,49.149277],[1.67327,49.149165],[1.673898,49.148998],[1.674557,49.148849],[1.67501,49.148776],[1.67517,49.148684],[1.676455,49.146524],[1.676646,49.14655],[1.676977,49.14598],[1.676832,49.145933],[1.676889,49.14584],[1.675592,49.145593],[1.674752,49.145213],[1.674709,49.145112],[1.674318,49.145015],[1.671639,49.144993],[1.671481,49.144782],[1.671622,49.144482],[1.671184,49.144665],[1.670793,49.143924],[1.670464,49.143339],[1.670318,49.143009],[1.670028,49.142617],[1.669791,49.142455],[1.669604,49.142251],[1.669677,49.142085],[1.669907,49.142239],[1.670183,49.142355],[1.670367,49.142379],[1.670647,49.142364],[1.671716,49.142254],[1.672262,49.142133],[1.672603,49.141985],[1.674093,49.141141],[1.675131,49.140562],[1.6754,49.140438],[1.675431,49.140128],[1.675203,49.140006],[1.674535,49.139706],[1.674442,49.139624],[1.67448,49.139315],[1.673461,49.139381],[1.670731,49.139159],[1.670015,49.138802],[1.670098,49.138621],[1.670273,49.138473],[1.670861,49.137606],[1.671497,49.136586],[1.671656,49.136364],[1.671847,49.136155],[1.672082,49.136015],[1.672606,49.135788],[1.674831,49.134918],[1.674299,49.13434],[1.675769,49.13378],[1.674068,49.132081],[1.673634,49.131761],[1.673262,49.131449],[1.672505,49.13096],[1.672269,49.130832],[1.672495,49.130466],[1.672513,49.130372],[1.672289,49.130277],[1.672071,49.130226],[1.671933,49.130117],[1.67168,49.129502],[1.671541,49.129059],[1.67138,49.128274],[1.671223,49.127611],[1.671208,49.127434]]]}},{"type":"Feature","properties":{"nom":"Bréançon","code":"95102","population":432,"codeDepartement":"95"},"geometry":{"type":"Polygon","coordinates":[[[2.030269,49.130804],[2.028248,49.131043],[2.02733,49.131172],[2.027123,49.130254],[2.027122,49.13012],[2.027216,49.130086],[2.026787,49.129172],[2.025777,49.129539],[2.024991,49.129854],[2.025226,49.130364],[2.025254,49.130478],[2.024919,49.130617],[2.023737,49.131071],[2.021834,49.12943],[2.021897,49.129667],[2.022013,49.130496],[2.013843,49.132543],[2.013133,49.13121],[2.011423,49.131608],[2.011882,49.131919],[2.012041,49.132054],[2.012122,49.132188],[2.009747,49.133977],[2.00745,49.131991],[2.006753,49.132351],[2.006159,49.132697],[2.004718,49.133563],[2.002064,49.135],[2.002185,49.135103],[2.000356,49.135993],[2.004995,49.138651],[2.003334,49.138782],[2.003339,49.139932],[2.003321,49.140583],[2.00066,49.140301],[2.001176,49.142001],[2.00111,49.142333],[2.000883,49.143278],[2.002079,49.143725],[2.002067,49.144084],[2.001406,49.145741],[2.000956,49.146102],[2.000911,49.147738],[2.001242,49.148142],[2.001274,49.148933],[2.000277,49.149403],[1.999868,49.149728],[2.000514,49.150051],[2.001607,49.149598],[2.002907,49.149776],[2.002807,49.150202],[2.002909,49.150515],[2.003139,49.150777],[2.003306,49.151008],[2.001056,49.152346],[1.995569,49.155583],[1.996326,49.156076],[1.997139,49.156658],[1.998021,49.157241],[1.996901,49.157909],[1.996491,49.158404],[1.996381,49.158396],[1.995857,49.158898],[1.996065,49.159241],[1.999035,49.160193],[1.999938,49.16038],[2.001191,49.160569],[2.001356,49.160571],[2.001886,49.160648],[2.00208,49.160775],[2.002496,49.160777],[2.003665,49.160824],[2.006579,49.161573],[2.0093,49.162897],[2.012298,49.1662],[2.012435,49.16603],[2.012744,49.165569],[2.013313,49.16514],[2.01382,49.164865],[2.014294,49.164635],[2.014963,49.164281],[2.015509,49.164008],[2.016106,49.163689],[2.016501,49.163439],[2.016863,49.163176],[2.017637,49.163616],[2.021268,49.163597],[2.021601,49.163417],[2.022099,49.16305],[2.022751,49.162495],[2.022811,49.162567],[2.024478,49.162697],[2.024479,49.162518],[2.024987,49.162497],[2.026121,49.162345],[2.027449,49.162146],[2.027949,49.162178],[2.028758,49.162164],[2.028919,49.162252],[2.029515,49.162212],[2.029571,49.162296],[2.030829,49.161995],[2.032118,49.162243],[2.032554,49.162086],[2.033569,49.162451],[2.033752,49.162128],[2.034047,49.161796],[2.034327,49.161553],[2.034616,49.161387],[2.035037,49.16124],[2.035501,49.16113],[2.035958,49.160996],[2.036352,49.160853],[2.037161,49.160531],[2.037706,49.160334],[2.038202,49.160797],[2.038467,49.161085],[2.038894,49.161367],[2.03958,49.161778],[2.039805,49.161884],[2.03992,49.162005],[2.040592,49.162581],[2.04111,49.162925],[2.041344,49.163118],[2.041728,49.163489],[2.042262,49.163911],[2.042707,49.164319],[2.043133,49.164854],[2.043929,49.164595],[2.04401,49.164735],[2.046266,49.164072],[2.046308,49.164197],[2.046882,49.164101],[2.0469,49.163465],[2.047153,49.163435],[2.047509,49.163254],[2.047707,49.16348],[2.049564,49.16256],[2.049093,49.161995],[2.048875,49.162076],[2.048419,49.161744],[2.048276,49.160793],[2.048423,49.160773],[2.048442,49.160434],[2.048745,49.159297],[2.048845,49.158996],[2.048861,49.158661],[2.048818,49.158424],[2.048787,49.157526],[2.049568,49.157398],[2.049319,49.155777],[2.049658,49.155751],[2.050447,49.155757],[2.050725,49.155787],[2.051782,49.155794],[2.052369,49.155749],[2.052892,49.15565],[2.053867,49.155413],[2.054287,49.155299],[2.054869,49.155095],[2.05528,49.154883],[2.055681,49.154547],[2.055981,49.15425],[2.056256,49.154053],[2.056528,49.153974],[2.057224,49.15382],[2.057974,49.15362],[2.05881,49.153467],[2.058903,49.153193],[2.05882,49.153133],[2.058451,49.153135],[2.057669,49.152903],[2.057448,49.152754],[2.057036,49.152651],[2.05653,49.152601],[2.05627,49.152305],[2.055054,49.151446],[2.054965,49.151374],[2.054662,49.151302],[2.053756,49.150906],[2.04964,49.14917],[2.048721,49.148773],[2.04815,49.148513],[2.047337,49.148192],[2.0469,49.147973],[2.046379,49.147848],[2.045529,49.147947],[2.044102,49.148238],[2.044017,49.148287],[2.043807,49.148085],[2.042616,49.147054],[2.040976,49.145603],[2.036772,49.142013],[2.036655,49.141891],[2.035806,49.141177],[2.034175,49.139933],[2.033648,49.139606],[2.034408,49.139144],[2.034882,49.13887],[2.032599,49.136006],[2.031064,49.134125],[2.031058,49.133815],[2.030683,49.13248],[2.030441,49.131645],[2.030269,49.130804]]]}},{"type":"Feature","properties":{"nom":"Brignancourt","code":"95110","population":262,"codeDepartement":"95"},"geometry":{"type":"Polygon","coordinates":[[[1.959959,49.148022],[1.960349,49.147866],[1.96055,49.147684],[1.960806,49.147511],[1.960971,49.147351],[1.961249,49.147196],[1.962035,49.14691],[1.962264,49.146842],[1.962579,49.146925],[1.961401,49.145528],[1.961068,49.144853],[1.960756,49.144539],[1.959602,49.143141],[1.959156,49.142584],[1.958344,49.14153],[1.957944,49.140902],[1.957586,49.140219],[1.957443,49.139855],[1.957285,49.139332],[1.957181,49.139087],[1.956432,49.137806],[1.956319,49.137596],[1.95618,49.137484],[1.955404,49.136549],[1.95525,49.136583],[1.953712,49.134879],[1.95213,49.133189],[1.951702,49.133412],[1.951341,49.132774],[1.950863,49.132498],[1.950412,49.132285],[1.949622,49.131593],[1.948802,49.131233],[1.948289,49.131086],[1.94725,49.130714],[1.947128,49.130789],[1.946788,49.131279],[1.945056,49.130579],[1.944874,49.13073],[1.944607,49.13063],[1.944728,49.130508],[1.944994,49.13034],[1.943965,49.129732],[1.943855,49.129698],[1.942703,49.130359],[1.942086,49.130959],[1.941342,49.131596],[1.940578,49.132222],[1.940853,49.132356],[1.940698,49.132586],[1.940292,49.132933],[1.937563,49.134733],[1.935421,49.133297],[1.933808,49.132121],[1.933026,49.132464],[1.932669,49.132665],[1.930767,49.135317],[1.926576,49.137407],[1.926447,49.137434],[1.925766,49.137687],[1.925475,49.137855],[1.924797,49.138353],[1.924999,49.138519],[1.924795,49.138629],[1.925412,49.139108],[1.924516,49.139596],[1.924974,49.139932],[1.925936,49.140824],[1.926086,49.140706],[1.926293,49.140877],[1.926553,49.140785],[1.929658,49.142453],[1.929046,49.142942],[1.929799,49.143366],[1.931622,49.144522],[1.933,49.143969],[1.933641,49.143751],[1.934258,49.143712],[1.934764,49.1438],[1.934949,49.143944],[1.934928,49.144097],[1.93533,49.14415],[1.936478,49.144358],[1.936528,49.144397],[1.937013,49.144406],[1.937324,49.144271],[1.937506,49.144147],[1.937572,49.144032],[1.937767,49.144086],[1.937835,49.143888],[1.938298,49.143828],[1.938166,49.144276],[1.938212,49.144613],[1.938536,49.145547],[1.939139,49.145619],[1.940001,49.145703],[1.940074,49.146018],[1.94028,49.145991],[1.940308,49.14616],[1.942498,49.145955],[1.942893,49.145731],[1.943097,49.145687],[1.943729,49.145636],[1.944825,49.145757],[1.946414,49.145679],[1.947455,49.145298],[1.948306,49.144964],[1.948591,49.144927],[1.949082,49.144956],[1.950437,49.145122],[1.951162,49.14512],[1.952119,49.14498],[1.952483,49.145172],[1.95306,49.14557],[1.953919,49.146269],[1.955198,49.147243],[1.957411,49.147963],[1.958288,49.148058],[1.959357,49.148045],[1.959959,49.148022]]]}},{"type":"Feature","properties":{"nom":"Bruyères-sur-Oise","code":"95116","population":4921,"codeDepartement":"95"},"geometry":{"type":"Polygon","coordinates":[[[2.359343,49.147329],[2.358816,49.147006],[2.357932,49.146645],[2.356464,49.146027],[2.353828,49.145382],[2.352925,49.14527],[2.350877,49.145122],[2.349393,49.145271],[2.347124,49.145666],[2.344265,49.146109],[2.342356,49.146344],[2.34075,49.146391],[2.339493,49.146237],[2.33888,49.146052],[2.338553,49.145942],[2.337236,49.1453],[2.335502,49.144264],[2.333598,49.143172],[2.332296,49.142625],[2.331126,49.142301],[2.329488,49.141898],[2.328787,49.141836],[2.328219,49.141897],[2.327585,49.142059],[2.327016,49.142301],[2.326615,49.142544],[2.325813,49.14309],[2.325011,49.143779],[2.324477,49.144264],[2.323775,49.145073],[2.323205,49.145882],[2.32272,49.146552],[2.322015,49.147427],[2.321433,49.148121],[2.320875,49.148645],[2.320536,49.148915],[2.320194,49.149114],[2.31958,49.149341],[2.318514,49.14957],[2.317665,49.149672],[2.314063,49.149876],[2.312461,49.150044],[2.311998,49.150119],[2.313029,49.15259],[2.312609,49.152739],[2.313281,49.154184],[2.313622,49.154093],[2.313938,49.158712],[2.313907,49.158878],[2.312784,49.159003],[2.313227,49.16267],[2.313008,49.162689],[2.313039,49.165286],[2.312724,49.169223],[2.312698,49.169487],[2.313228,49.169549],[2.31436,49.169609],[2.313867,49.171292],[2.3132,49.173627],[2.31274,49.175641],[2.313055,49.175794],[2.309018,49.181209],[2.30954,49.181341],[2.312167,49.183279],[2.312384,49.183425],[2.312238,49.183515],[2.312059,49.183736],[2.311594,49.184379],[2.311473,49.184464],[2.31052,49.184956],[2.310425,49.184989],[2.310451,49.185097],[2.310761,49.185936],[2.310801,49.186746],[2.313279,49.186344],[2.313205,49.185837],[2.314524,49.185685],[2.317399,49.185391],[2.319286,49.185072],[2.320918,49.184582],[2.321595,49.184372],[2.320545,49.183516],[2.319553,49.182423],[2.321255,49.181894],[2.32063,49.181287],[2.321872,49.180922],[2.321728,49.180734],[2.321945,49.180643],[2.323708,49.179943],[2.323199,49.179501],[2.323655,49.179283],[2.324298,49.179001],[2.324549,49.178928],[2.325818,49.178734],[2.325584,49.178173],[2.326037,49.177665],[2.326359,49.177587],[2.327624,49.177078],[2.327305,49.176476],[2.327683,49.176272],[2.32777,49.176339],[2.329698,49.175019],[2.331455,49.173834],[2.331361,49.173756],[2.331466,49.173669],[2.334434,49.171494],[2.335541,49.170655],[2.336012,49.170169],[2.336338,49.169883],[2.336946,49.169245],[2.338132,49.168065],[2.338419,49.167766],[2.338741,49.167469],[2.338829,49.16743],[2.339606,49.166668],[2.340347,49.165963],[2.340467,49.165864],[2.340353,49.165776],[2.341298,49.164889],[2.34595,49.162346],[2.348492,49.159627],[2.348532,49.159507],[2.350507,49.157216],[2.352667,49.155205],[2.353598,49.154487],[2.354233,49.154263],[2.353769,49.153942],[2.355354,49.153284],[2.355168,49.15282],[2.354981,49.152172],[2.35488,49.151749],[2.353424,49.151163],[2.353793,49.150852],[2.354865,49.149498],[2.355092,49.149264],[2.355462,49.149037],[2.355981,49.148686],[2.356361,49.148954],[2.357467,49.148345],[2.357569,49.148329],[2.357652,49.148455],[2.35834,49.148257],[2.357992,49.148062],[2.359343,49.147329]]]}},{"type":"Feature","properties":{"nom":"Buhy","code":"95119","population":329,"codeDepartement":"95"},"geometry":{"type":"Polygon","coordinates":[[[1.715526,49.202663],[1.716737,49.202736],[1.71841,49.202785],[1.718869,49.202188],[1.71989,49.20154],[1.720293,49.201995],[1.720464,49.202133],[1.720913,49.202384],[1.72112,49.202454],[1.721497,49.202519],[1.721787,49.202534],[1.72208,49.202503],[1.722195,49.20196],[1.722347,49.201501],[1.722786,49.20143],[1.722527,49.20097],[1.72433,49.200702],[1.725052,49.200779],[1.725242,49.199898],[1.724813,49.199871],[1.725596,49.196477],[1.72571,49.196106],[1.725811,49.195458],[1.72581,49.194627],[1.725867,49.194328],[1.723465,49.194066],[1.723536,49.192281],[1.719732,49.19131],[1.719364,49.190363],[1.719087,49.189609],[1.720046,49.18921],[1.718679,49.187906],[1.719392,49.187537],[1.718706,49.186447],[1.71931,49.186502],[1.718985,49.186108],[1.71897,49.186044],[1.718564,49.185464],[1.718369,49.185216],[1.718204,49.184841],[1.717995,49.184643],[1.717527,49.184689],[1.717205,49.184304],[1.715665,49.184119],[1.715468,49.18415],[1.715405,49.184409],[1.713448,49.184516],[1.713415,49.183819],[1.713423,49.183468],[1.7132,49.183471],[1.712578,49.183556],[1.711555,49.182527],[1.710463,49.18077],[1.711149,49.180461],[1.711672,49.180713],[1.711747,49.180699],[1.712271,49.180484],[1.712032,49.18001],[1.711925,49.179721],[1.712388,49.179597],[1.712233,49.179302],[1.71256,49.179201],[1.71283,49.17908],[1.713008,49.178871],[1.712805,49.178752],[1.712017,49.178418],[1.711885,49.178379],[1.71078,49.17753],[1.710713,49.177497],[1.708972,49.177056],[1.708405,49.177305],[1.70809,49.177398],[1.707735,49.177406],[1.706685,49.177278],[1.706347,49.177257],[1.705671,49.177305],[1.705416,49.178452],[1.705021,49.178743],[1.704734,49.178738],[1.704231,49.178665],[1.703711,49.178529],[1.703444,49.178486],[1.702707,49.178417],[1.702428,49.178468],[1.70208,49.178729],[1.701874,49.178973],[1.701604,49.17947],[1.701324,49.180078],[1.700837,49.180092],[1.700119,49.180094],[1.699723,49.180075],[1.699209,49.179999],[1.698781,49.179955],[1.698536,49.179993],[1.698221,49.180198],[1.697864,49.18055],[1.697559,49.180676],[1.69725,49.181386],[1.697191,49.181601],[1.695366,49.180783],[1.69507,49.18123],[1.693138,49.180089],[1.691271,49.18124],[1.690878,49.181584],[1.690515,49.181826],[1.690158,49.182017],[1.689835,49.182163],[1.688787,49.182221],[1.688698,49.182161],[1.688004,49.182155],[1.68776,49.182313],[1.687391,49.182509],[1.68694,49.18266],[1.684654,49.182926],[1.682203,49.184055],[1.681599,49.183579],[1.681379,49.183063],[1.681114,49.182906],[1.680824,49.18267],[1.680637,49.183329],[1.680458,49.183797],[1.680436,49.184146],[1.680293,49.184439],[1.680269,49.184622],[1.680563,49.184657],[1.68113,49.184642],[1.683267,49.185606],[1.681226,49.190429],[1.680943,49.191977],[1.680895,49.192106],[1.680479,49.194102],[1.684086,49.196881],[1.684492,49.196918],[1.68448,49.197051],[1.684354,49.197521],[1.684275,49.198088],[1.68423,49.198256],[1.6842,49.198678],[1.68504,49.199353],[1.686242,49.200299],[1.688161,49.203112],[1.689208,49.20264],[1.690357,49.202171],[1.690413,49.202136],[1.692515,49.201218],[1.694049,49.200517],[1.694181,49.200606],[1.694312,49.200919],[1.694628,49.201929],[1.694701,49.202458],[1.694709,49.20314],[1.694693,49.203761],[1.694615,49.204515],[1.694605,49.204942],[1.694711,49.206486],[1.694732,49.206637],[1.699344,49.208157],[1.700925,49.208092],[1.702696,49.206279],[1.702013,49.205931],[1.702253,49.205644],[1.702471,49.205505],[1.702764,49.205046],[1.702877,49.205006],[1.70307,49.204707],[1.703378,49.204504],[1.70353,49.204246],[1.703719,49.203822],[1.703833,49.203673],[1.703785,49.203264],[1.70384,49.20284],[1.703755,49.202554],[1.703773,49.202211],[1.703729,49.202066],[1.703793,49.201131],[1.704165,49.200587],[1.704704,49.200322],[1.705496,49.199824],[1.705826,49.19949],[1.706084,49.19929],[1.706361,49.199471],[1.707923,49.200381],[1.708091,49.200472],[1.708467,49.200739],[1.708842,49.200953],[1.709286,49.201137],[1.709726,49.201438],[1.711248,49.201853],[1.711625,49.201926],[1.713008,49.201979],[1.713526,49.202029],[1.714128,49.202131],[1.714839,49.202281],[1.714962,49.202257],[1.715526,49.202663]]]}},{"type":"Feature","properties":{"nom":"Butry-sur-Oise","code":"95120","population":2252,"codeDepartement":"95"},"geometry":{"type":"Polygon","coordinates":[[[2.208319,49.091054],[2.207126,49.088663],[2.20635,49.087078],[2.20562,49.085922],[2.205275,49.085484],[2.203883,49.084153],[2.202531,49.082693],[2.201869,49.081939],[2.201161,49.080709],[2.200381,49.079515],[2.199035,49.078043],[2.198144,49.077182],[2.196585,49.075814],[2.195461,49.074945],[2.194901,49.074601],[2.193384,49.07384],[2.191943,49.075109],[2.191869,49.075069],[2.19168,49.075252],[2.191153,49.075644],[2.191223,49.075695],[2.190957,49.075838],[2.190612,49.075616],[2.190148,49.075383],[2.188882,49.076197],[2.188676,49.076097],[2.187009,49.077264],[2.18779,49.07771],[2.186649,49.078545],[2.185658,49.078149],[2.185248,49.07797],[2.184972,49.077818],[2.184438,49.077453],[2.184202,49.077345],[2.183648,49.077143],[2.18286,49.076896],[2.182301,49.076693],[2.181858,49.077217],[2.181255,49.077837],[2.180191,49.078855],[2.179903,49.079104],[2.179608,49.079421],[2.179428,49.079459],[2.178289,49.080452],[2.178043,49.08068],[2.17672,49.081981],[2.176417,49.082294],[2.176104,49.082587],[2.174466,49.084194],[2.173503,49.085129],[2.172327,49.086286],[2.171944,49.086648],[2.171769,49.086893],[2.171527,49.087565],[2.172162,49.087738],[2.173091,49.088048],[2.173528,49.088174],[2.174436,49.088419],[2.175037,49.08753],[2.176018,49.08786],[2.176405,49.087977],[2.177343,49.086764],[2.177427,49.08659],[2.180132,49.087522],[2.180537,49.087189],[2.180908,49.086971],[2.181274,49.086852],[2.181655,49.086665],[2.182114,49.086374],[2.182414,49.08622],[2.18288,49.086026],[2.183697,49.085639],[2.184846,49.086433],[2.185254,49.086153],[2.18622,49.086905],[2.18761,49.087756],[2.189226,49.088755],[2.189345,49.08887],[2.190908,49.089946],[2.19207,49.089401],[2.192451,49.089243],[2.193782,49.088744],[2.194758,49.088389],[2.19501,49.088325],[2.195149,49.088741],[2.195899,49.089784],[2.196107,49.090663],[2.195991,49.091001],[2.195452,49.091451],[2.194747,49.092101],[2.19451,49.092752],[2.194757,49.092779],[2.195017,49.092714],[2.195289,49.092335],[2.195787,49.091925],[2.195925,49.091841],[2.196421,49.092673],[2.197047,49.092218],[2.197609,49.092073],[2.198232,49.092017],[2.199901,49.091917],[2.200316,49.091921],[2.200543,49.091951],[2.200874,49.092058],[2.201333,49.092349],[2.202818,49.092026],[2.204002,49.091785],[2.205303,49.091613],[2.206481,49.091409],[2.207714,49.09118],[2.208319,49.091054]]]}},{"type":"Feature","properties":{"nom":"Cergy","code":"95127","population":70906,"codeDepartement":"95"},"geometry":{"type":"Polygon","coordinates":[[[2.090818,49.024275],[2.090295,49.023375],[2.089464,49.022261],[2.089151,49.02181],[2.088592,49.021241],[2.087858,49.020786],[2.086444,49.020141],[2.085576,49.019849],[2.082749,49.019336],[2.082017,49.019194],[2.080872,49.018999],[2.079972,49.018813],[2.079642,49.01876],[2.079113,49.018738],[2.078644,49.018751],[2.078137,49.018823],[2.077326,49.018995],[2.076445,49.01924],[2.075677,49.01814],[2.075219,49.018214],[2.074424,49.018394],[2.074069,49.018456],[2.073723,49.018553],[2.072983,49.018734],[2.07252,49.018822],[2.071858,49.018927],[2.071062,49.019099],[2.070707,49.019229],[2.069444,49.020064],[2.068533,49.020589],[2.06762,49.02107],[2.065863,49.022131],[2.065616,49.022304],[2.065215,49.022693],[2.064689,49.023126],[2.064322,49.02335],[2.064184,49.023308],[2.064009,49.02337],[2.063408,49.023748],[2.063244,49.023911],[2.062828,49.024378],[2.062224,49.024791],[2.061592,49.025209],[2.061454,49.025342],[2.061433,49.025495],[2.061228,49.025704],[2.061003,49.025867],[2.060699,49.025694],[2.060236,49.025545],[2.059795,49.025341],[2.059679,49.025245],[2.059132,49.02489],[2.059247,49.024807],[2.058824,49.02445],[2.058722,49.024409],[2.058918,49.024233],[2.0583,49.023721],[2.058016,49.023364],[2.05797,49.023054],[2.057767,49.022789],[2.056142,49.02319],[2.056347,49.023413],[2.05595,49.023549],[2.055562,49.023728],[2.05494,49.024041],[2.054296,49.024391],[2.053718,49.024686],[2.053039,49.02505],[2.052847,49.025131],[2.050953,49.026279],[2.050273,49.026902],[2.049062,49.02753],[2.050096,49.028497],[2.038249,49.034014],[2.039719,49.035536],[2.038986,49.036035],[2.037696,49.036929],[2.037055,49.037346],[2.036864,49.037529],[2.036696,49.037386],[2.035729,49.038304],[2.034926,49.038668],[2.034169,49.037747],[2.033914,49.037526],[2.033462,49.037272],[2.03314,49.037154],[2.03274,49.037035],[2.032369,49.036974],[2.031765,49.036905],[2.031191,49.03682],[2.030712,49.036734],[2.030575,49.036913],[2.029898,49.037103],[2.02939,49.037157],[2.028963,49.037144],[2.028353,49.03717],[2.027773,49.037243],[2.027203,49.037381],[2.027043,49.037461],[2.026942,49.037595],[2.026822,49.037903],[2.026658,49.038143],[2.02619,49.038716],[2.026086,49.038944],[2.025552,49.038844],[2.025556,49.038694],[2.025671,49.038399],[2.024347,49.03832],[2.023589,49.038198],[2.021836,49.038122],[2.021632,49.038751],[2.019673,49.038582],[2.018186,49.039087],[2.016037,49.039664],[2.015934,49.039712],[2.016118,49.040159],[2.014569,49.041043],[2.013595,49.041617],[2.012907,49.042122],[2.011031,49.043475],[2.01043,49.043871],[2.009541,49.04407],[2.007039,49.044574],[2.007553,49.045431],[2.008196,49.046086],[2.009018,49.046739],[2.00847,49.046828],[2.008373,49.047208],[2.007893,49.047309],[2.008121,49.047695],[2.008322,49.048308],[2.006695,49.048626],[2.00695,49.049196],[2.004454,49.049688],[2.004775,49.050281],[1.999982,49.051778],[2.002282,49.053274],[2.003239,49.053794],[2.004156,49.054179],[2.006705,49.054893],[2.008386,49.055188],[2.010012,49.055572],[2.01072,49.056212],[2.01124,49.05607],[2.013032,49.05556],[2.013651,49.055394],[2.014199,49.055275],[2.015126,49.055115],[2.016032,49.055012],[2.017397,49.054874],[2.017626,49.054721],[2.019442,49.054423],[2.019662,49.054653],[2.021345,49.054488],[2.022328,49.05438],[2.023641,49.054255],[2.023947,49.054215],[2.024527,49.054173],[2.024936,49.054823],[2.025272,49.055156],[2.025804,49.055521],[2.025947,49.055595],[2.027908,49.056466],[2.028211,49.056161],[2.028689,49.055917],[2.029291,49.055769],[2.029572,49.055744],[2.030218,49.055739],[2.030695,49.0557],[2.031184,49.055705],[2.03262,49.055593],[2.033217,49.055601],[2.037276,49.055434],[2.037964,49.055396],[2.038554,49.055328],[2.038971,49.055255],[2.039526,49.055131],[2.042367,49.054326],[2.042936,49.054215],[2.04359,49.054125],[2.04424,49.054074],[2.046597,49.054019],[2.046689,49.055475],[2.046752,49.055851],[2.046823,49.056135],[2.050312,49.055546],[2.05553,49.054651],[2.056768,49.054433],[2.057583,49.054273],[2.058461,49.053967],[2.05852,49.053821],[2.060556,49.053265],[2.061358,49.053022],[2.062466,49.052662],[2.063057,49.052436],[2.063346,49.052277],[2.064338,49.052023],[2.065535,49.051636],[2.066674,49.051058],[2.067007,49.050872],[2.068512,49.049973],[2.069378,49.049389],[2.070115,49.048859],[2.070519,49.048551],[2.07228,49.047252],[2.074439,49.045641],[2.075757,49.044679],[2.076472,49.044168],[2.078222,49.042971],[2.079031,49.042432],[2.080024,49.041815],[2.080689,49.041434],[2.082664,49.040421],[2.085429,49.039235],[2.087505,49.038467],[2.086955,49.038067],[2.086291,49.037541],[2.085876,49.037185],[2.084601,49.036213],[2.082868,49.034833],[2.083656,49.034278],[2.084433,49.033771],[2.085458,49.033209],[2.084943,49.032923],[2.084589,49.032687],[2.084291,49.032381],[2.084116,49.031995],[2.083969,49.031552],[2.083823,49.031245],[2.083563,49.030838],[2.083819,49.030625],[2.084038,49.030372],[2.084098,49.030248],[2.084353,49.02932],[2.084433,49.029161],[2.084623,49.028941],[2.084749,49.028848],[2.085099,49.028677],[2.085322,49.028593],[2.085624,49.028537],[2.086054,49.028519],[2.086454,49.028558],[2.086666,49.028615],[2.087078,49.028794],[2.087401,49.02905],[2.087725,49.0289],[2.087951,49.028869],[2.088824,49.02882],[2.089133,49.028748],[2.08931,49.028647],[2.089534,49.028891],[2.089992,49.029277],[2.090491,49.02955],[2.09092,49.029002],[2.090823,49.028844],[2.090978,49.028521],[2.091084,49.028022],[2.091063,49.027391],[2.090899,49.026709],[2.090682,49.026191],[2.090267,49.025397],[2.08997,49.025013],[2.090448,49.024865],[2.090181,49.024412],[2.090818,49.024275]]]}},{"type":"Feature","properties":{"nom":"Champagne-sur-Oise","code":"95134","population":5036,"codeDepartement":"95"},"geometry":{"type":"Polygon","coordinates":[[[2.235054,49.130469],[2.234066,49.129968],[2.233529,49.129733],[2.232705,49.129577],[2.231537,49.129403],[2.229328,49.129232],[2.226389,49.128483],[2.224131,49.128116],[2.222044,49.12754],[2.221134,49.12726],[2.220413,49.127013],[2.219947,49.126722],[2.219427,49.126233],[2.21779,49.124509],[2.21726,49.123961],[2.216557,49.124449],[2.216175,49.124672],[2.215804,49.12493],[2.215541,49.125048],[2.21528,49.125126],[2.214927,49.125311],[2.214669,49.125225],[2.214392,49.125359],[2.213887,49.125437],[2.213564,49.125591],[2.212897,49.125798],[2.21313,49.125937],[2.213884,49.126296],[2.214424,49.126572],[2.214736,49.126711],[2.214585,49.126912],[2.214848,49.127323],[2.214977,49.127602],[2.215039,49.128126],[2.215004,49.12843],[2.215232,49.128892],[2.21547,49.129049],[2.214661,49.129288],[2.21422,49.129438],[2.213238,49.129688],[2.213398,49.130077],[2.212638,49.130231],[2.21246,49.130039],[2.212417,49.130996],[2.211355,49.131089],[2.211447,49.131373],[2.211459,49.13181],[2.211535,49.132105],[2.211735,49.132417],[2.212134,49.132823],[2.212158,49.132979],[2.212107,49.133107],[2.211896,49.133342],[2.211716,49.133485],[2.211296,49.133722],[2.211299,49.133808],[2.211427,49.134193],[2.21168,49.134853],[2.211843,49.135204],[2.212017,49.135656],[2.212011,49.135958],[2.211958,49.136065],[2.211931,49.1367],[2.211727,49.136896],[2.211499,49.137177],[2.211426,49.137346],[2.211156,49.137672],[2.211596,49.138367],[2.211497,49.138393],[2.212117,49.139708],[2.212132,49.139849],[2.212056,49.140211],[2.211847,49.140548],[2.211858,49.140627],[2.211765,49.14088],[2.211739,49.14133],[2.211793,49.141827],[2.21184,49.142683],[2.211772,49.142862],[2.211735,49.143095],[2.211788,49.143227],[2.211814,49.143456],[2.211333,49.144119],[2.210946,49.144557],[2.210683,49.144828],[2.210189,49.14523],[2.209649,49.145803],[2.20531,49.148861],[2.205488,49.148981],[2.204559,49.150026],[2.203007,49.151712],[2.20295,49.151798],[2.201429,49.153461],[2.200783,49.154193],[2.200561,49.154404],[2.198455,49.156646],[2.196489,49.15874],[2.195857,49.159443],[2.19516,49.160152],[2.194386,49.160995],[2.193876,49.16152],[2.192303,49.164971],[2.193656,49.165476],[2.194222,49.165722],[2.195074,49.166211],[2.195477,49.166412],[2.196696,49.166933],[2.196897,49.167059],[2.197052,49.166452],[2.198439,49.166462],[2.199093,49.164951],[2.199843,49.163998],[2.200379,49.163372],[2.202249,49.162149],[2.204241,49.160562],[2.20566,49.159452],[2.206546,49.158469],[2.206682,49.158182],[2.208348,49.157313],[2.210894,49.15657],[2.211412,49.156254],[2.211891,49.156037],[2.213082,49.155531],[2.21423,49.155096],[2.214956,49.15487],[2.215735,49.154489],[2.21613,49.154363],[2.216666,49.154217],[2.216849,49.154133],[2.216843,49.153893],[2.217209,49.153795],[2.217408,49.153768],[2.217533,49.153698],[2.218311,49.153473],[2.221128,49.152621],[2.222304,49.152257],[2.223288,49.1521],[2.225392,49.151905],[2.229304,49.151533],[2.229436,49.151536],[2.23211,49.151432],[2.232128,49.151621],[2.232002,49.151881],[2.231793,49.152431],[2.232417,49.152495],[2.232906,49.152517],[2.233179,49.15255],[2.233563,49.152662],[2.233555,49.151552],[2.23695,49.151884],[2.238595,49.151813],[2.238806,49.151984],[2.241315,49.151589],[2.240982,49.150867],[2.240686,49.149969],[2.240475,49.149494],[2.244021,49.149052],[2.243992,49.148962],[2.245375,49.148698],[2.25115,49.147677],[2.25266,49.147077],[2.252022,49.146806],[2.252259,49.14638],[2.254437,49.143926],[2.255231,49.144288],[2.25557,49.144477],[2.257324,49.142661],[2.258182,49.142939],[2.259193,49.141661],[2.258415,49.141319],[2.259126,49.139976],[2.258443,49.139739],[2.260974,49.136904],[2.261131,49.136733],[2.261612,49.137107],[2.263772,49.135994],[2.262803,49.134483],[2.261995,49.133861],[2.260558,49.132922],[2.259924,49.132499],[2.258883,49.132051],[2.257372,49.131866],[2.254371,49.131682],[2.253082,49.131585],[2.250931,49.131401],[2.242538,49.130883],[2.241164,49.130901],[2.238278,49.131043],[2.237018,49.131036],[2.236606,49.130964],[2.236365,49.130899],[2.235054,49.130469]]]}},{"type":"Feature","properties":{"nom":"La Chapelle-en-Vexin","code":"95139","population":320,"codeDepartement":"95"},"geometry":{"type":"Polygon","coordinates":[[[1.725867,49.194328],[1.725879,49.194169],[1.726876,49.19413],[1.72682,49.194958],[1.727805,49.195071],[1.727861,49.195045],[1.729134,49.195219],[1.729782,49.194815],[1.729986,49.194711],[1.730138,49.194705],[1.730635,49.194765],[1.731085,49.194952],[1.731573,49.195081],[1.732109,49.195186],[1.732548,49.195202],[1.73295,49.195182],[1.733711,49.195093],[1.734592,49.19503],[1.735081,49.195053],[1.735903,49.195009],[1.73681,49.194893],[1.737268,49.19479],[1.737287,49.194458],[1.737269,49.194128],[1.737157,49.193787],[1.736967,49.193443],[1.736656,49.193053],[1.736445,49.19283],[1.73989,49.192075],[1.739594,49.191223],[1.739442,49.190622],[1.740461,49.190554],[1.740578,49.1894],[1.740251,49.188334],[1.741089,49.188369],[1.741026,49.187604],[1.741003,49.185673],[1.743643,49.183782],[1.744287,49.183307],[1.740794,49.181233],[1.740102,49.18081],[1.742396,49.17984],[1.739699,49.177604],[1.735587,49.174342],[1.730202,49.176628],[1.729627,49.176847],[1.728723,49.176988],[1.728369,49.176944],[1.727545,49.177029],[1.727354,49.176997],[1.727162,49.176836],[1.726903,49.176666],[1.726076,49.176994],[1.725686,49.177119],[1.725297,49.177282],[1.725106,49.177386],[1.724915,49.177586],[1.724806,49.177644],[1.724513,49.177466],[1.723076,49.176907],[1.721659,49.176368],[1.721173,49.176115],[1.720821,49.175807],[1.720502,49.175402],[1.720332,49.175272],[1.720115,49.175299],[1.720032,49.175207],[1.720807,49.174631],[1.721394,49.174374],[1.721538,49.174237],[1.721826,49.173625],[1.722294,49.172413],[1.722196,49.171999],[1.721409,49.172264],[1.720985,49.172451],[1.720341,49.172704],[1.719435,49.172988],[1.719113,49.173099],[1.718249,49.173315],[1.718043,49.173514],[1.718028,49.173605],[1.717613,49.174134],[1.716656,49.175073],[1.716013,49.175714],[1.715391,49.176247],[1.715097,49.176441],[1.715004,49.176424],[1.714,49.177269],[1.712824,49.177931],[1.712017,49.178418],[1.712805,49.178752],[1.713008,49.178871],[1.71283,49.17908],[1.71256,49.179201],[1.712233,49.179302],[1.712388,49.179597],[1.711925,49.179721],[1.712032,49.18001],[1.712271,49.180484],[1.711747,49.180699],[1.711672,49.180713],[1.711149,49.180461],[1.710463,49.18077],[1.711555,49.182527],[1.712578,49.183556],[1.7132,49.183471],[1.713423,49.183468],[1.713415,49.183819],[1.713448,49.184516],[1.715405,49.184409],[1.715468,49.18415],[1.715665,49.184119],[1.717205,49.184304],[1.717527,49.184689],[1.717995,49.184643],[1.718204,49.184841],[1.718369,49.185216],[1.718564,49.185464],[1.71897,49.186044],[1.718985,49.186108],[1.71931,49.186502],[1.718706,49.186447],[1.719392,49.187537],[1.718679,49.187906],[1.720046,49.18921],[1.719087,49.189609],[1.719364,49.190363],[1.719732,49.19131],[1.723536,49.192281],[1.723465,49.194066],[1.725867,49.194328]]]}},{"type":"Feature","properties":{"nom":"Charmont","code":"95141","population":32,"codeDepartement":"95"},"geometry":{"type":"Polygon","coordinates":[[[1.766942,49.132308],[1.767937,49.133107],[1.769309,49.134103],[1.769643,49.133929],[1.771299,49.135525],[1.771331,49.136074],[1.771665,49.136366],[1.773197,49.135652],[1.77358,49.135916],[1.774663,49.135382],[1.775525,49.136094],[1.775351,49.136185],[1.775055,49.136403],[1.774946,49.136446],[1.775494,49.137188],[1.776215,49.137865],[1.776484,49.137804],[1.776729,49.137706],[1.777504,49.138305],[1.777708,49.138513],[1.777934,49.138631],[1.778151,49.138814],[1.778466,49.139018],[1.779375,49.139475],[1.779782,49.139587],[1.779991,49.139711],[1.779667,49.139931],[1.779281,49.140135],[1.778746,49.140454],[1.778085,49.140817],[1.77924,49.141317],[1.777969,49.142435],[1.77928,49.143389],[1.780613,49.142713],[1.781915,49.143521],[1.782271,49.143377],[1.782682,49.143656],[1.781937,49.14405],[1.783255,49.144933],[1.783704,49.144741],[1.784031,49.144977],[1.78405,49.144525],[1.784407,49.144001],[1.784607,49.143384],[1.784344,49.143165],[1.784401,49.141968],[1.785417,49.141978],[1.786014,49.142102],[1.786399,49.142283],[1.787594,49.142785],[1.78769,49.140195],[1.791719,49.14157],[1.791385,49.141735],[1.791133,49.141802],[1.790852,49.142017],[1.790645,49.142384],[1.790407,49.142494],[1.790153,49.142551],[1.789787,49.14303],[1.789439,49.143511],[1.789234,49.143822],[1.789042,49.14435],[1.78898,49.144665],[1.788979,49.145117],[1.789135,49.14547],[1.789989,49.146047],[1.789475,49.146397],[1.790154,49.146803],[1.790708,49.14727],[1.791265,49.147273],[1.79095,49.147981],[1.79097,49.14829],[1.793846,49.148012],[1.794485,49.147915],[1.794716,49.147894],[1.795573,49.147762],[1.795845,49.147698],[1.796496,49.147506],[1.797901,49.147024],[1.799171,49.146533],[1.803514,49.14484],[1.807074,49.143436],[1.808318,49.142942],[1.809876,49.14233],[1.812893,49.141138],[1.813211,49.141019],[1.812443,49.139976],[1.812163,49.139678],[1.811661,49.139931],[1.810898,49.140201],[1.809669,49.140939],[1.807981,49.139952],[1.805941,49.13903],[1.804523,49.138181],[1.803987,49.138535],[1.802745,49.137854],[1.802004,49.1374],[1.802288,49.137223],[1.802589,49.136948],[1.802913,49.136733],[1.803712,49.136331],[1.804755,49.135863],[1.804947,49.135714],[1.80606,49.134747],[1.804288,49.133526],[1.804934,49.133064],[1.804772,49.132925],[1.805091,49.132626],[1.803814,49.131679],[1.804767,49.131108],[1.803856,49.130214],[1.802721,49.1307],[1.802564,49.130691],[1.802045,49.130889],[1.801547,49.131456],[1.800855,49.131868],[1.799398,49.132297],[1.798632,49.131404],[1.797696,49.131761],[1.796496,49.132049],[1.795646,49.132232],[1.794637,49.1325],[1.794198,49.131916],[1.79321,49.132169],[1.792237,49.13245],[1.791824,49.131859],[1.790402,49.132184],[1.789237,49.132418],[1.78729,49.130829],[1.785229,49.129802],[1.784945,49.130225],[1.782206,49.129962],[1.780738,49.130506],[1.780281,49.130683],[1.779059,49.129631],[1.778492,49.129855],[1.778449,49.129387],[1.774596,49.130271],[1.77417,49.130465],[1.773771,49.13062],[1.773692,49.130692],[1.772759,49.129701],[1.77227,49.129251],[1.771903,49.129405],[1.771764,49.129434],[1.770702,49.129803],[1.770292,49.129988],[1.769546,49.129982],[1.770059,49.130494],[1.769759,49.130657],[1.769921,49.130809],[1.766942,49.132308]]]}},{"type":"Feature","properties":{"nom":"Chars","code":"95142","population":2006,"codeDepartement":"95"},"geometry":{"type":"Polygon","coordinates":[[[1.924516,49.139596],[1.923906,49.139932],[1.92188,49.140994],[1.919727,49.142083],[1.9188,49.142601],[1.916453,49.143509],[1.91698,49.143966],[1.914581,49.145119],[1.913767,49.144577],[1.913194,49.144219],[1.912301,49.143606],[1.912098,49.143409],[1.911862,49.143015],[1.911755,49.142891],[1.911212,49.142591],[1.910502,49.142147],[1.910295,49.141992],[1.909556,49.141572],[1.908627,49.141108],[1.90765,49.142049],[1.90715,49.142547],[1.904405,49.141407],[1.904527,49.141187],[1.90285,49.139932],[1.901884,49.139277],[1.900721,49.139933],[1.900311,49.140137],[1.895784,49.142624],[1.893366,49.143947],[1.893263,49.144018],[1.892518,49.145863],[1.892128,49.146696],[1.891858,49.147331],[1.890931,49.1494],[1.892577,49.149104],[1.893088,49.149311],[1.892642,49.156974],[1.891276,49.156787],[1.891074,49.158988],[1.891664,49.159021],[1.891931,49.159551],[1.892081,49.159542],[1.892074,49.158849],[1.894677,49.15855],[1.895295,49.158621],[1.895298,49.158826],[1.897192,49.159017],[1.89715,49.16015],[1.895627,49.16005],[1.894913,49.160016],[1.894701,49.160655],[1.893946,49.160559],[1.893723,49.16137],[1.893713,49.161703],[1.892927,49.161526],[1.892673,49.161985],[1.891917,49.161827],[1.891233,49.163247],[1.890114,49.162909],[1.889361,49.162743],[1.88893,49.16268],[1.887922,49.162567],[1.887508,49.162534],[1.887133,49.162482],[1.886151,49.162285],[1.882987,49.161538],[1.88285,49.161524],[1.882953,49.162576],[1.883126,49.162582],[1.883876,49.162662],[1.887438,49.16302],[1.886869,49.16416],[1.88834,49.164498],[1.88831,49.164711],[1.889749,49.165023],[1.890123,49.164114],[1.891554,49.164557],[1.892644,49.164772],[1.894043,49.164944],[1.895108,49.165031],[1.894705,49.166094],[1.896708,49.166507],[1.906013,49.16845],[1.906929,49.168644],[1.906972,49.168608],[1.912343,49.170105],[1.914976,49.170931],[1.915062,49.170891],[1.916253,49.171202],[1.916576,49.171278],[1.918699,49.171666],[1.918987,49.171727],[1.920665,49.172214],[1.921459,49.172378],[1.923828,49.172442],[1.924366,49.1736],[1.924812,49.173538],[1.924966,49.173469],[1.925664,49.173476],[1.925833,49.17339],[1.92639,49.17331],[1.926446,49.173418],[1.927147,49.173566],[1.92831,49.173771],[1.929957,49.17407],[1.931169,49.174257],[1.931916,49.174206],[1.93185,49.174541],[1.931727,49.174789],[1.931454,49.175031],[1.93215,49.175002],[1.932508,49.175011],[1.932688,49.174677],[1.932886,49.174522],[1.933006,49.174383],[1.93331,49.173663],[1.93372,49.173615],[1.933996,49.173465],[1.934369,49.173536],[1.934404,49.17329],[1.934297,49.173116],[1.934303,49.173021],[1.934415,49.172853],[1.934615,49.172694],[1.934747,49.172508],[1.934629,49.172413],[1.93469,49.17221],[1.934922,49.172075],[1.934967,49.171948],[1.934951,49.171775],[1.934757,49.171726],[1.934714,49.171625],[1.934816,49.171203],[1.934697,49.17094],[1.934735,49.170674],[1.934646,49.170544],[1.934781,49.170385],[1.934834,49.170252],[1.934849,49.169956],[1.93519,49.169808],[1.935401,49.169589],[1.93551,49.169648],[1.935582,49.169964],[1.935923,49.169901],[1.936185,49.169913],[1.937012,49.170125],[1.937684,49.170313],[1.938864,49.17061],[1.93941,49.170677],[1.940359,49.170648],[1.940367,49.17068],[1.941222,49.170575],[1.941951,49.170339],[1.942178,49.170168],[1.942325,49.170003],[1.942669,49.170212],[1.943352,49.170666],[1.944075,49.17116],[1.944412,49.171276],[1.944784,49.171337],[1.945083,49.171328],[1.945349,49.171523],[1.946393,49.171247],[1.948058,49.17077],[1.949213,49.170553],[1.949742,49.170478],[1.95246,49.171412],[1.952547,49.171475],[1.953104,49.171606],[1.956071,49.172274],[1.957393,49.172651],[1.957455,49.172683],[1.96002,49.17349],[1.960353,49.173711],[1.960973,49.173978],[1.961961,49.174325],[1.962213,49.174474],[1.962364,49.174601],[1.96485,49.17304],[1.966413,49.172113],[1.966575,49.172034],[1.967186,49.171669],[1.967427,49.171538],[1.967647,49.171382],[1.968338,49.17073],[1.968494,49.170627],[1.969065,49.170347],[1.969329,49.170244],[1.970163,49.169988],[1.970439,49.169892],[1.971537,49.168468],[1.971907,49.167784],[1.971976,49.167227],[1.972405,49.166823],[1.973665,49.167497],[1.973949,49.167258],[1.97417,49.166994],[1.974447,49.166715],[1.974527,49.16659],[1.974746,49.166401],[1.976168,49.166716],[1.977472,49.165034],[1.977858,49.164483],[1.977948,49.164262],[1.977966,49.16406],[1.977812,49.163619],[1.977578,49.163228],[1.977143,49.162644],[1.977025,49.16242],[1.977205,49.162328],[1.977372,49.162081],[1.977267,49.161891],[1.977172,49.161827],[1.976897,49.162035],[1.976415,49.160334],[1.976253,49.160406],[1.975797,49.160755],[1.975434,49.160995],[1.975342,49.161027],[1.974867,49.161288],[1.9751,49.161451],[1.974607,49.161753],[1.974448,49.161647],[1.974177,49.161797],[1.97357,49.161397],[1.972893,49.161588],[1.972557,49.161121],[1.971813,49.159981],[1.9716,49.159627],[1.971334,49.159237],[1.970699,49.158345],[1.970872,49.158273],[1.969829,49.156659],[1.968466,49.157293],[1.967401,49.156354],[1.966928,49.1557],[1.966663,49.155192],[1.967973,49.154391],[1.965466,49.152795],[1.963745,49.151671],[1.963428,49.151472],[1.963243,49.151317],[1.959959,49.148022],[1.959357,49.148045],[1.958288,49.148058],[1.957411,49.147963],[1.955198,49.147243],[1.953919,49.146269],[1.95306,49.14557],[1.952483,49.145172],[1.952119,49.14498],[1.951162,49.14512],[1.950437,49.145122],[1.949082,49.144956],[1.948591,49.144927],[1.948306,49.144964],[1.947455,49.145298],[1.946414,49.145679],[1.944825,49.145757],[1.943729,49.145636],[1.943097,49.145687],[1.942893,49.145731],[1.942498,49.145955],[1.940308,49.14616],[1.94028,49.145991],[1.940074,49.146018],[1.940001,49.145703],[1.939139,49.145619],[1.938536,49.145547],[1.938212,49.144613],[1.938166,49.144276],[1.938298,49.143828],[1.937835,49.143888],[1.937767,49.144086],[1.937572,49.144032],[1.937506,49.144147],[1.937324,49.144271],[1.937013,49.144406],[1.936528,49.144397],[1.936478,49.144358],[1.93533,49.14415],[1.934928,49.144097],[1.934949,49.143944],[1.934764,49.1438],[1.934258,49.143712],[1.933641,49.143751],[1.933,49.143969],[1.931622,49.144522],[1.929799,49.143366],[1.929046,49.142942],[1.929658,49.142453],[1.926553,49.140785],[1.926293,49.140877],[1.926086,49.140706],[1.925936,49.140824],[1.924974,49.139932],[1.924516,49.139596]]]}},{"type":"Feature","properties":{"nom":"Châtenay-en-France","code":"95144","population":68,"codeDepartement":"95"},"geometry":{"type":"Polygon","coordinates":[[[2.441346,49.067624],[2.44134,49.068601],[2.441362,49.068809],[2.442712,49.069765],[2.444431,49.070259],[2.444742,49.069973],[2.445299,49.069508],[2.444662,49.06906],[2.444923,49.069035],[2.445303,49.068924],[2.446013,49.06882],[2.446635,49.068646],[2.446886,49.068595],[2.447614,49.068526],[2.448473,49.068508],[2.449202,49.068478],[2.449704,49.068441],[2.45073,49.068408],[2.450678,49.069374],[2.452672,49.069738],[2.45279,49.070342],[2.452858,49.070526],[2.453504,49.07197],[2.453478,49.072057],[2.453298,49.072134],[2.452878,49.072247],[2.452467,49.072331],[2.45215,49.072487],[2.451543,49.072729],[2.451379,49.072843],[2.450775,49.073109],[2.451549,49.073679],[2.453816,49.072823],[2.45436,49.07425],[2.455311,49.074024],[2.455771,49.074648],[2.456343,49.074395],[2.456511,49.074552],[2.456956,49.075062],[2.457372,49.074785],[2.458169,49.074215],[2.45896,49.073676],[2.459009,49.073599],[2.459234,49.073443],[2.459482,49.073353],[2.46048,49.073065],[2.460831,49.072988],[2.461057,49.072914],[2.46191,49.072698],[2.463631,49.072204],[2.463764,49.071711],[2.470216,49.070951],[2.470213,49.071125],[2.472047,49.071411],[2.47227,49.07102],[2.472375,49.0706],[2.472349,49.069988],[2.472136,49.068295],[2.472079,49.068211],[2.472231,49.067865],[2.473759,49.066029],[2.475199,49.064722],[2.479963,49.058838],[2.482656,49.055513],[2.481685,49.055344],[2.481334,49.055368],[2.476647,49.055596],[2.475555,49.055638],[2.474727,49.055697],[2.474043,49.055765],[2.473646,49.055818],[2.473325,49.055886],[2.473004,49.055991],[2.471542,49.056621],[2.470186,49.057333],[2.469797,49.057511],[2.469986,49.057723],[2.463758,49.06047],[2.463332,49.060159],[2.462864,49.059885],[2.462453,49.059701],[2.462028,49.059459],[2.461274,49.058997],[2.460955,49.058768],[2.459808,49.059064],[2.459267,49.059171],[2.457125,49.059704],[2.45498,49.060039],[2.454246,49.060186],[2.452341,49.060548],[2.452441,49.061127],[2.451744,49.061369],[2.450379,49.061808],[2.449767,49.061996],[2.450103,49.062642],[2.448562,49.063089],[2.447399,49.063445],[2.448323,49.064407],[2.445166,49.065447],[2.445398,49.065784],[2.446021,49.066955],[2.444617,49.067279],[2.443756,49.067467],[2.443157,49.067539],[2.441346,49.067624]]]}},{"type":"Feature","properties":{"nom":"Chaumontel","code":"95149","population":3332,"codeDepartement":"95"},"geometry":{"type":"Polygon","coordinates":[[[2.435477,49.134049],[2.435764,49.134118],[2.436567,49.134269],[2.437219,49.134376],[2.437555,49.134413],[2.438415,49.134281],[2.438948,49.134285],[2.440003,49.134161],[2.440305,49.134178],[2.440954,49.134443],[2.442016,49.134898],[2.443132,49.135139],[2.444396,49.135351],[2.445036,49.135441],[2.446267,49.135671],[2.446886,49.135827],[2.447703,49.136006],[2.448579,49.136379],[2.448961,49.136579],[2.450227,49.137212],[2.451219,49.13757],[2.45155,49.137661],[2.451946,49.137806],[2.453744,49.138614],[2.453577,49.138814],[2.453859,49.139009],[2.45435,49.139297],[2.454799,49.139498],[2.45528,49.13974],[2.455923,49.139996],[2.456434,49.140284],[2.456961,49.140541],[2.45745,49.140617],[2.457942,49.140819],[2.458536,49.140806],[2.458584,49.140776],[2.458873,49.140902],[2.458933,49.14085],[2.462465,49.139257],[2.461138,49.136744],[2.460957,49.136611],[2.460317,49.136225],[2.45997,49.136058],[2.459017,49.135679],[2.458596,49.13544],[2.457834,49.134975],[2.457439,49.134699],[2.457227,49.134581],[2.456642,49.131829],[2.456146,49.131646],[2.45555,49.131521],[2.454524,49.131077],[2.45309,49.130722],[2.452274,49.130614],[2.451525,49.130184],[2.449623,49.129704],[2.448657,49.129078],[2.447828,49.128336],[2.447526,49.128111],[2.444325,49.123828],[2.443501,49.124],[2.442907,49.12272],[2.442678,49.122195],[2.442604,49.121956],[2.442359,49.121393],[2.44216,49.121457],[2.441222,49.121632],[2.440222,49.121755],[2.439574,49.121871],[2.439237,49.121152],[2.438752,49.120238],[2.438489,49.120172],[2.43843,49.119885],[2.438032,49.119589],[2.43746,49.119195],[2.436577,49.118696],[2.435985,49.118283],[2.436947,49.117555],[2.436674,49.117397],[2.43651,49.11724],[2.43644,49.116307],[2.436043,49.116067],[2.435519,49.116419],[2.435,49.116147],[2.434829,49.115962],[2.434461,49.115794],[2.433614,49.115515],[2.431981,49.115048],[2.431654,49.114964],[2.430654,49.114512],[2.430614,49.114679],[2.430625,49.11489],[2.430935,49.115821],[2.431092,49.116424],[2.431112,49.116718],[2.431303,49.117796],[2.431342,49.117962],[2.431271,49.118571],[2.431184,49.118832],[2.43108,49.118832],[2.429964,49.118448],[2.429001,49.118231],[2.428224,49.117746],[2.427966,49.117745],[2.427837,49.117918],[2.427483,49.118461],[2.427301,49.118814],[2.426911,49.118891],[2.425724,49.118525],[2.425466,49.118678],[2.425269,49.118988],[2.425418,49.119251],[2.425722,49.119412],[2.425365,49.119595],[2.423988,49.120013],[2.42408,49.120134],[2.42378,49.120341],[2.42357,49.120171],[2.422297,49.121322],[2.420947,49.12205],[2.422542,49.123018],[2.422809,49.123204],[2.421529,49.124268],[2.421941,49.124475],[2.421648,49.124723],[2.421177,49.125016],[2.419339,49.125497],[2.418426,49.124533],[2.418287,49.124473],[2.417757,49.124354],[2.417159,49.124418],[2.416514,49.12451],[2.416405,49.124206],[2.416043,49.123653],[2.415922,49.123116],[2.415496,49.122661],[2.415341,49.122576],[2.413965,49.122939],[2.41319,49.123703],[2.412718,49.123991],[2.411976,49.124292],[2.410918,49.124828],[2.411301,49.125298],[2.411447,49.125446],[2.41353,49.126989],[2.413585,49.127019],[2.414841,49.128093],[2.417787,49.127275],[2.418813,49.129639],[2.419428,49.129503],[2.420023,49.129992],[2.417631,49.131545],[2.417937,49.13191],[2.418721,49.132786],[2.418803,49.132839],[2.419392,49.133498],[2.419561,49.133668],[2.419806,49.133556],[2.420761,49.133058],[2.421837,49.133999],[2.422168,49.133877],[2.422961,49.133648],[2.423514,49.133518],[2.424173,49.133719],[2.42469,49.134129],[2.4252,49.134471],[2.425553,49.134806],[2.425845,49.134913],[2.426519,49.134872],[2.427609,49.134867],[2.42785,49.134844],[2.428521,49.134868],[2.428522,49.135332],[2.431334,49.135367],[2.431674,49.133426],[2.431716,49.133458],[2.43336,49.133827],[2.433599,49.133766],[2.433884,49.133783],[2.434349,49.133858],[2.434737,49.13394],[2.435477,49.134049]]]}},{"type":"Feature","properties":{"nom":"Chaussy","code":"95150","population":631,"codeDepartement":"95"},"geometry":{"type":"Polygon","coordinates":[[[1.67448,49.139315],[1.674515,49.139246],[1.674726,49.139135],[1.675112,49.139072],[1.675661,49.138925],[1.677757,49.138919],[1.67894,49.138845],[1.678752,49.13808],[1.680137,49.13722],[1.680175,49.137153],[1.680366,49.137096],[1.680988,49.136818],[1.681445,49.136591],[1.68191,49.136315],[1.682557,49.136034],[1.682875,49.1357],[1.682827,49.135523],[1.684119,49.134436],[1.686643,49.132278],[1.688327,49.130853],[1.688769,49.130524],[1.689326,49.13015],[1.690463,49.129426],[1.691284,49.128852],[1.691683,49.128626],[1.691914,49.128494],[1.692392,49.128265],[1.692849,49.128078],[1.694338,49.127521],[1.69486,49.127284],[1.69537,49.127019],[1.695804,49.126756],[1.696041,49.126587],[1.696055,49.126515],[1.696695,49.126368],[1.697931,49.126149],[1.698395,49.126004],[1.698711,49.125943],[1.699966,49.125797],[1.701144,49.12571],[1.701365,49.125638],[1.701679,49.125621],[1.702797,49.125468],[1.703302,49.125459],[1.705326,49.125127],[1.706066,49.125227],[1.707193,49.125049],[1.707501,49.125036],[1.715434,49.123787],[1.716218,49.123704],[1.716229,49.123599],[1.716755,49.123604],[1.717831,49.12358],[1.718489,49.123536],[1.71933,49.123457],[1.720224,49.123384],[1.720908,49.122864],[1.726877,49.118248],[1.72706,49.118349],[1.728362,49.117107],[1.730701,49.115267],[1.733085,49.113375],[1.733451,49.113677],[1.733924,49.114184],[1.734131,49.114432],[1.734706,49.11487],[1.735435,49.114464],[1.735641,49.114589],[1.736709,49.114219],[1.738298,49.114564],[1.738728,49.114121],[1.739197,49.113575],[1.739605,49.113048],[1.740042,49.112456],[1.740567,49.112128],[1.740762,49.1118],[1.74094,49.111661],[1.741047,49.111342],[1.741673,49.110496],[1.742322,49.109836],[1.743592,49.108886],[1.743972,49.108557],[1.745195,49.107761],[1.744096,49.106547],[1.744113,49.106367],[1.744379,49.10597],[1.744826,49.105695],[1.74534,49.105514],[1.745555,49.105466],[1.745137,49.104015],[1.744963,49.103452],[1.744609,49.102225],[1.744406,49.101484],[1.744091,49.100411],[1.743913,49.100051],[1.743626,49.099722],[1.742379,49.099437],[1.741461,49.099273],[1.740987,49.099165],[1.740942,49.099154],[1.738706,49.101049],[1.738575,49.101171],[1.720853,49.097125],[1.718497,49.096605],[1.71161,49.095091],[1.709301,49.094222],[1.707598,49.093747],[1.705928,49.093354],[1.703946,49.092274],[1.703233,49.091285],[1.702942,49.091363],[1.700954,49.091997],[1.70094,49.092069],[1.70063,49.092255],[1.699286,49.092769],[1.700678,49.094951],[1.701287,49.095833],[1.700977,49.095788],[1.70056,49.095759],[1.69932,49.095622],[1.698753,49.095699],[1.698154,49.095869],[1.697265,49.096068],[1.697033,49.096141],[1.696685,49.09572],[1.696328,49.095812],[1.695005,49.096116],[1.695384,49.096833],[1.696162,49.098212],[1.693795,49.099192],[1.693481,49.09967],[1.69344,49.099765],[1.692771,49.100726],[1.692653,49.100496],[1.692086,49.100704],[1.690984,49.10119],[1.690346,49.101417],[1.690116,49.101527],[1.689909,49.101987],[1.689923,49.102219],[1.689817,49.102438],[1.689807,49.102679],[1.689751,49.103069],[1.689657,49.103305],[1.689835,49.103481],[1.690044,49.103867],[1.690591,49.104285],[1.690876,49.104541],[1.688897,49.105212],[1.689537,49.106641],[1.68903,49.106814],[1.687584,49.107361],[1.685119,49.10788],[1.684769,49.107206],[1.683879,49.106898],[1.683014,49.106778],[1.680025,49.107285],[1.678739,49.10756],[1.677763,49.107796],[1.676595,49.108027],[1.675101,49.108298],[1.674341,49.108404],[1.674323,49.109251],[1.674242,49.109635],[1.674093,49.110007],[1.673905,49.110358],[1.673093,49.111251],[1.672861,49.111547],[1.672292,49.112201],[1.67194,49.112531],[1.671702,49.11272],[1.671019,49.113495],[1.670335,49.114242],[1.66975,49.114904],[1.669347,49.115325],[1.669418,49.115467],[1.669496,49.116578],[1.66958,49.117319],[1.669624,49.117589],[1.669641,49.11791],[1.669783,49.118487],[1.669993,49.119085],[1.670461,49.120202],[1.670571,49.120539],[1.670652,49.12087],[1.670781,49.121602],[1.670782,49.121987],[1.670857,49.122543],[1.670976,49.123137],[1.671098,49.123452],[1.671214,49.12389],[1.671284,49.124253],[1.671405,49.126235],[1.671358,49.126838],[1.671208,49.127434],[1.671223,49.127611],[1.67138,49.128274],[1.671541,49.129059],[1.67168,49.129502],[1.671933,49.130117],[1.672071,49.130226],[1.672289,49.130277],[1.672513,49.130372],[1.672495,49.130466],[1.672269,49.130832],[1.672505,49.13096],[1.673262,49.131449],[1.673634,49.131761],[1.674068,49.132081],[1.675769,49.13378],[1.674299,49.13434],[1.674831,49.134918],[1.672606,49.135788],[1.672082,49.136015],[1.671847,49.136155],[1.671656,49.136364],[1.671497,49.136586],[1.670861,49.137606],[1.670273,49.138473],[1.670098,49.138621],[1.670015,49.138802],[1.670731,49.139159],[1.673461,49.139381],[1.67448,49.139315]]]}},{"type":"Feature","properties":{"nom":"Chauvry","code":"95151","population":297,"codeDepartement":"95"},"geometry":{"type":"Polygon","coordinates":[[[2.274427,49.068733],[2.274116,49.068276],[2.273844,49.067776],[2.27352,49.067013],[2.273404,49.066659],[2.273391,49.066355],[2.273453,49.066162],[2.272154,49.065798],[2.271668,49.065686],[2.271587,49.065149],[2.271447,49.064524],[2.271402,49.064202],[2.271696,49.064076],[2.272034,49.064009],[2.272451,49.064012],[2.273124,49.064177],[2.273746,49.064292],[2.274613,49.06442],[2.275348,49.064509],[2.275879,49.064628],[2.276654,49.064859],[2.27748,49.065218],[2.278127,49.065399],[2.278572,49.065477],[2.278929,49.06549],[2.279501,49.065541],[2.279894,49.065697],[2.280437,49.065828],[2.281176,49.065805],[2.281129,49.065429],[2.281167,49.065337],[2.280582,49.064354],[2.280908,49.064317],[2.280114,49.062748],[2.279703,49.062255],[2.279506,49.061919],[2.279485,49.06173],[2.279253,49.061207],[2.27915,49.060918],[2.279033,49.060703],[2.278913,49.060363],[2.278828,49.059685],[2.27888,49.059348],[2.279084,49.058782],[2.279099,49.058503],[2.279177,49.058113],[2.279184,49.057807],[2.279132,49.057091],[2.279092,49.056052],[2.279096,49.055552],[2.279044,49.055191],[2.279133,49.055048],[2.278927,49.054427],[2.278913,49.054265],[2.278984,49.053294],[2.278988,49.053057],[2.27904,49.052914],[2.279162,49.052751],[2.279409,49.052145],[2.279672,49.051628],[2.279806,49.051235],[2.27995,49.051003],[2.280267,49.050701],[2.280351,49.050562],[2.280471,49.050137],[2.280698,49.04942],[2.280717,49.049228],[2.280938,49.049266],[2.281516,49.049265],[2.281738,49.049419],[2.282182,49.049628],[2.282251,49.049801],[2.282799,49.049834],[2.283202,49.049823],[2.28356,49.049756],[2.283902,49.049631],[2.284461,49.049271],[2.284816,49.049013],[2.284615,49.0488],[2.284482,49.048554],[2.284461,49.048443],[2.284469,49.047807],[2.284492,49.047498],[2.284581,49.046736],[2.284622,49.046553],[2.284266,49.046167],[2.283975,49.04596],[2.283705,49.045662],[2.283544,49.045533],[2.283049,49.045249],[2.282398,49.044716],[2.28193,49.044374],[2.281636,49.044134],[2.281292,49.043766],[2.281041,49.043614],[2.280243,49.043217],[2.279983,49.04311],[2.279388,49.042933],[2.27921,49.042815],[2.278861,49.04265],[2.278325,49.042319],[2.278055,49.042188],[2.277653,49.042052],[2.277277,49.041955],[2.276707,49.041854],[2.275733,49.040535],[2.275198,49.039852],[2.2752,49.03981],[2.274927,49.038051],[2.274834,49.037621],[2.274817,49.037431],[2.274702,49.036746],[2.27462,49.036341],[2.273655,49.036643],[2.272395,49.037024],[2.271551,49.037312],[2.271026,49.037479],[2.270445,49.037647],[2.269603,49.037929],[2.268922,49.038122],[2.267908,49.038451],[2.266214,49.03849],[2.264385,49.038566],[2.263326,49.038631],[2.263128,49.038727],[2.262785,49.038795],[2.261956,49.039014],[2.261348,49.039159],[2.260642,49.039357],[2.259792,49.039582],[2.258189,49.040022],[2.257875,49.040115],[2.257499,49.040193],[2.257287,49.04027],[2.256965,49.040345],[2.256661,49.040446],[2.256146,49.040565],[2.255871,49.040609],[2.255386,49.040762],[2.253941,49.041152],[2.25379,49.041203],[2.253575,49.041216],[2.25292,49.04138],[2.253437,49.041606],[2.253777,49.041726],[2.25628,49.042534],[2.256627,49.042657],[2.257914,49.043086],[2.258892,49.043382],[2.259449,49.043581],[2.259503,49.044966],[2.259495,49.045433],[2.259541,49.047585],[2.259556,49.048541],[2.259551,49.049493],[2.259524,49.04961],[2.259517,49.050009],[2.259538,49.050796],[2.259549,49.052205],[2.259536,49.052992],[2.259523,49.053088],[2.259231,49.053481],[2.259993,49.053759],[2.260364,49.053935],[2.260729,49.054369],[2.261114,49.054724],[2.261399,49.054838],[2.261717,49.055099],[2.262306,49.055472],[2.261971,49.055613],[2.261765,49.055771],[2.261662,49.055999],[2.261635,49.056376],[2.261687,49.056661],[2.261773,49.056832],[2.262138,49.057261],[2.262334,49.057554],[2.262457,49.057829],[2.262507,49.058372],[2.262469,49.058719],[2.262349,49.059171],[2.262184,49.059668],[2.262045,49.060025],[2.261195,49.060032],[2.261105,49.060206],[2.261086,49.060697],[2.261134,49.06105],[2.261177,49.06113],[2.261364,49.061741],[2.261459,49.062109],[2.261485,49.062358],[2.261401,49.063],[2.261235,49.063798],[2.260995,49.064331],[2.260863,49.064729],[2.260746,49.065272],[2.260605,49.065812],[2.260538,49.06632],[2.260419,49.066896],[2.260391,49.06711],[2.260373,49.068038],[2.260319,49.068516],[2.260272,49.06878],[2.259761,49.068879],[2.259069,49.069063],[2.258912,49.06913],[2.258631,49.069369],[2.258206,49.069876],[2.258056,49.0702],[2.257925,49.070353],[2.257772,49.070455],[2.257199,49.070687],[2.256683,49.070782],[2.255451,49.070835],[2.255256,49.07097],[2.255286,49.071104],[2.255402,49.071451],[2.255481,49.071786],[2.257065,49.072356],[2.256707,49.072735],[2.256609,49.072807],[2.255879,49.073163],[2.255486,49.073387],[2.256558,49.075125],[2.257063,49.075256],[2.258353,49.074804],[2.260095,49.074178],[2.263429,49.073127],[2.263754,49.072607],[2.26438,49.071408],[2.264701,49.070848],[2.265188,49.070158],[2.265283,49.06995],[2.265592,49.068981],[2.265624,49.068742],[2.265518,49.067555],[2.265552,49.067356],[2.265701,49.067137],[2.266089,49.066987],[2.266669,49.066851],[2.268634,49.0665],[2.268643,49.066568],[2.269281,49.067523],[2.26978,49.068184],[2.270522,49.068702],[2.271814,49.069249],[2.274427,49.068733]]]}},{"type":"Feature","properties":{"nom":"Chennevières-lès-Louvres","code":"95154","population":282,"codeDepartement":"95"},"geometry":{"type":"Polygon","coordinates":[[[2.528029,49.038151],[2.528316,49.039386],[2.527857,49.039476],[2.52805,49.039937],[2.528385,49.039888],[2.529135,49.043033],[2.530338,49.043098],[2.530499,49.043733],[2.52937,49.043848],[2.530079,49.045214],[2.530456,49.045221],[2.53087,49.045947],[2.533271,49.045942],[2.533425,49.047053],[2.53472,49.047221],[2.535378,49.049121],[2.535528,49.049108],[2.53575,49.050491],[2.535856,49.050884],[2.536316,49.051158],[2.537951,49.051264],[2.537972,49.050717],[2.539738,49.05065],[2.539824,49.050744],[2.540207,49.050734],[2.540168,49.050375],[2.541219,49.050258],[2.541647,49.050946],[2.545034,49.050061],[2.545295,49.050475],[2.5458,49.051335],[2.546565,49.0513],[2.546686,49.051591],[2.546806,49.051785],[2.547113,49.052207],[2.54723,49.052429],[2.54736,49.052589],[2.547546,49.052589],[2.547973,49.052521],[2.548386,49.053285],[2.548937,49.053269],[2.549951,49.053212],[2.550367,49.052707],[2.55116,49.05265],[2.550887,49.051594],[2.551987,49.051515],[2.552054,49.050945],[2.553363,49.051323],[2.554193,49.049946],[2.555995,49.050301],[2.556065,49.050253],[2.555888,49.049547],[2.556372,49.049604],[2.557054,49.048879],[2.558126,49.049205],[2.55938,49.048341],[2.559754,49.048459],[2.560831,49.047927],[2.561199,49.048394],[2.561325,49.048488],[2.562163,49.048416],[2.562828,49.047052],[2.565478,49.045945],[2.566322,49.046704],[2.566099,49.046854],[2.567353,49.047404],[2.56825,49.048232],[2.567254,49.04881],[2.569971,49.049929],[2.570197,49.048885],[2.570806,49.048017],[2.569953,49.046694],[2.569583,49.045708],[2.568522,49.04555],[2.569188,49.044278],[2.568002,49.043353],[2.569903,49.04214],[2.569192,49.040959],[2.567762,49.041369],[2.565518,49.041991],[2.563298,49.041258],[2.56366,49.040817],[2.564483,49.041047],[2.565736,49.039899],[2.564288,49.039234],[2.563902,49.039469],[2.561071,49.038452],[2.561421,49.037673],[2.561045,49.03758],[2.560828,49.037865],[2.560551,49.038157],[2.558373,49.037518],[2.558641,49.037045],[2.556922,49.036752],[2.557319,49.035075],[2.555809,49.035007],[2.555559,49.03548],[2.553103,49.03524],[2.550726,49.035202],[2.550282,49.034433],[2.550061,49.034082],[2.551514,49.034013],[2.551543,49.033005],[2.550002,49.03292],[2.549975,49.033064],[2.547308,49.032598],[2.546091,49.034019],[2.548814,49.034954],[2.548483,49.035319],[2.545602,49.034373],[2.545149,49.035212],[2.547544,49.036111],[2.546945,49.036502],[2.546124,49.037007],[2.545015,49.037782],[2.542631,49.037606],[2.542679,49.03621],[2.543278,49.034609],[2.540681,49.033874],[2.535717,49.032956],[2.533803,49.032451],[2.534008,49.032103],[2.534362,49.031676],[2.534709,49.031361],[2.534958,49.031069],[2.535586,49.029373],[2.533583,49.029186],[2.53347,49.029856],[2.533383,49.030161],[2.53316,49.030613],[2.532247,49.032044],[2.532023,49.032345],[2.532003,49.032445],[2.532065,49.032821],[2.532256,49.034685],[2.529913,49.034093],[2.52962,49.033986],[2.529517,49.03391],[2.5292,49.032525],[2.528812,49.03248],[2.528801,49.0318],[2.528275,49.03171],[2.528035,49.030282],[2.526051,49.030112],[2.526513,49.032411],[2.527353,49.03245],[2.527156,49.034871],[2.528029,49.038151]]]}},{"type":"Feature","properties":{"nom":"Chérence","code":"95157","population":137,"codeDepartement":"95"},"geometry":{"type":"Polygon","coordinates":[[[1.65295,49.095595],[1.65361,49.095327],[1.655142,49.094732],[1.656489,49.094158],[1.657476,49.093681],[1.658058,49.093447],[1.658587,49.094877],[1.658712,49.096002],[1.661111,49.098158],[1.662765,49.099603],[1.664384,49.100982],[1.664505,49.101169],[1.665392,49.101952],[1.670539,49.104742],[1.676595,49.108027],[1.677763,49.107796],[1.678739,49.10756],[1.680025,49.107285],[1.683014,49.106778],[1.683879,49.106898],[1.684769,49.107206],[1.685119,49.10788],[1.687584,49.107361],[1.68903,49.106814],[1.689537,49.106641],[1.688897,49.105212],[1.690876,49.104541],[1.690591,49.104285],[1.690044,49.103867],[1.689835,49.103481],[1.689657,49.103305],[1.689751,49.103069],[1.689807,49.102679],[1.689817,49.102438],[1.689923,49.102219],[1.689909,49.101987],[1.690116,49.101527],[1.690346,49.101417],[1.690984,49.10119],[1.692086,49.100704],[1.692653,49.100496],[1.692771,49.100726],[1.69344,49.099765],[1.693481,49.09967],[1.693795,49.099192],[1.696162,49.098212],[1.695384,49.096833],[1.695005,49.096116],[1.696328,49.095812],[1.696685,49.09572],[1.697033,49.096141],[1.697265,49.096068],[1.698154,49.095869],[1.698753,49.095699],[1.69932,49.095622],[1.70056,49.095759],[1.700977,49.095788],[1.701287,49.095833],[1.700678,49.094951],[1.699286,49.092769],[1.70063,49.092255],[1.70094,49.092069],[1.700954,49.091997],[1.702942,49.091363],[1.703233,49.091285],[1.703946,49.092274],[1.705928,49.093354],[1.707598,49.093747],[1.70594,49.08945],[1.705903,49.088269],[1.705007,49.088264],[1.705336,49.087701],[1.705435,49.087472],[1.705554,49.086893],[1.705676,49.086588],[1.70596,49.086183],[1.70605,49.086207],[1.70597,49.085783],[1.70562,49.084737],[1.705483,49.084277],[1.705418,49.08388],[1.705415,49.083028],[1.705376,49.082767],[1.705145,49.082112],[1.7051,49.081825],[1.705042,49.081746],[1.704096,49.080145],[1.703807,49.079712],[1.703391,49.079025],[1.703187,49.079057],[1.702607,49.078955],[1.701686,49.078426],[1.701424,49.078236],[1.700043,49.077079],[1.699565,49.077112],[1.699098,49.07671],[1.699445,49.076522],[1.697755,49.075563],[1.697251,49.075444],[1.696921,49.075921],[1.696403,49.07663],[1.696346,49.076738],[1.695974,49.076915],[1.695516,49.076505],[1.695283,49.076254],[1.695166,49.07618],[1.694333,49.075354],[1.693979,49.075033],[1.693592,49.074726],[1.692952,49.074323],[1.692849,49.07448],[1.692685,49.074634],[1.692131,49.075066],[1.691893,49.075228],[1.69114,49.075693],[1.690481,49.076048],[1.689956,49.076259],[1.689542,49.076499],[1.688019,49.077255],[1.687447,49.077498],[1.687058,49.077647],[1.686352,49.077847],[1.685492,49.078209],[1.685013,49.078426],[1.684643,49.078575],[1.683823,49.078871],[1.682344,49.079381],[1.681334,49.079683],[1.680837,49.079885],[1.679474,49.080507],[1.679093,49.080662],[1.678597,49.080935],[1.677742,49.08148],[1.677023,49.081888],[1.676866,49.081912],[1.676472,49.081909],[1.676019,49.082016],[1.675616,49.082089],[1.675037,49.082259],[1.674615,49.082363],[1.673603,49.082692],[1.673108,49.082881],[1.67231,49.083102],[1.671975,49.083243],[1.671683,49.083329],[1.670825,49.083505],[1.670275,49.083692],[1.670097,49.083807],[1.669655,49.084143],[1.669231,49.084385],[1.668789,49.084422],[1.668349,49.084616],[1.667939,49.084666],[1.667516,49.0848],[1.666813,49.085136],[1.666311,49.085445],[1.665828,49.085641],[1.665526,49.085723],[1.664688,49.085894],[1.664097,49.085981],[1.663834,49.085979],[1.663119,49.086025],[1.66265,49.085971],[1.661987,49.085946],[1.660727,49.086275],[1.660308,49.086365],[1.659933,49.086382],[1.659327,49.08633],[1.659103,49.086429],[1.658694,49.086513],[1.658224,49.086635],[1.65798,49.086661],[1.657764,49.086641],[1.657033,49.086842],[1.656445,49.086926],[1.656412,49.086974],[1.65645,49.087197],[1.654939,49.087174],[1.654228,49.087169],[1.653453,49.087148],[1.65293,49.087084],[1.652081,49.086801],[1.651603,49.087305],[1.650817,49.087994],[1.648479,49.090352],[1.648706,49.090461],[1.649943,49.091125],[1.650717,49.091473],[1.651511,49.092009],[1.652264,49.092451],[1.652656,49.092603],[1.653039,49.092668],[1.65295,49.095595]]]}},{"type":"Feature","properties":{"nom":"Cléry-en-Vexin","code":"95166","population":476,"codeDepartement":"95"},"geometry":{"type":"Polygon","coordinates":[[[1.840843,49.14349],[1.84714,49.14175],[1.847269,49.142411],[1.847399,49.142857],[1.847879,49.144323],[1.85752,49.143295],[1.856765,49.1423],[1.856286,49.14164],[1.855859,49.141114],[1.855205,49.14021],[1.858549,49.140093],[1.862502,49.139932],[1.865722,49.139695],[1.867033,49.138282],[1.867361,49.137847],[1.867525,49.137524],[1.86766,49.13713],[1.867936,49.136411],[1.868186,49.136158],[1.869131,49.135283],[1.868121,49.13381],[1.866546,49.13282],[1.865974,49.132418],[1.862946,49.130193],[1.862868,49.130234],[1.862111,49.129605],[1.862962,49.129287],[1.86404,49.128851],[1.864857,49.128474],[1.863622,49.127295],[1.863241,49.126884],[1.861669,49.125405],[1.861122,49.124865],[1.86042,49.124191],[1.860149,49.123842],[1.857295,49.121627],[1.855758,49.12248],[1.852729,49.121511],[1.851538,49.121092],[1.850894,49.121478],[1.850499,49.121652],[1.848462,49.1198],[1.84836,49.119736],[1.844928,49.118995],[1.843201,49.120633],[1.842919,49.120598],[1.840942,49.121061],[1.836835,49.1205],[1.837712,49.120351],[1.837528,49.119999],[1.835381,49.120467],[1.835301,49.120292],[1.833271,49.120404],[1.833394,49.120854],[1.832398,49.12088],[1.832069,49.120551],[1.831621,49.120069],[1.829514,49.1219],[1.831769,49.123753],[1.831286,49.124346],[1.831503,49.12443],[1.831276,49.124867],[1.830954,49.125535],[1.830625,49.125707],[1.833277,49.128329],[1.835089,49.127827],[1.83596,49.128818],[1.836592,49.129492],[1.836689,49.129612],[1.836623,49.129767],[1.835653,49.130155],[1.834131,49.130821],[1.835383,49.132322],[1.837721,49.134785],[1.836628,49.135199],[1.837711,49.136388],[1.837131,49.136668],[1.837806,49.137254],[1.835913,49.138045],[1.835451,49.137432],[1.833882,49.137891],[1.833535,49.139227],[1.834559,49.139093],[1.835121,49.139931],[1.83571,49.140673],[1.837521,49.13993],[1.838273,49.139645],[1.838508,49.139977],[1.83913,49.140897],[1.840843,49.14349]]]}},{"type":"Feature","properties":{"nom":"Commeny","code":"95169","population":646,"codeDepartement":"95"},"geometry":{"type":"Polygon","coordinates":[[[1.915177,49.126743],[1.914251,49.125991],[1.913595,49.12533],[1.913414,49.12521],[1.911976,49.125271],[1.911063,49.125297],[1.909872,49.12531],[1.909557,49.125148],[1.908949,49.125466],[1.908097,49.125157],[1.907596,49.124935],[1.907146,49.124674],[1.906801,49.124402],[1.906626,49.124218],[1.906462,49.123983],[1.906198,49.123517],[1.906074,49.123363],[1.905896,49.123247],[1.905488,49.123077],[1.905483,49.122993],[1.905663,49.122989],[1.905867,49.123035],[1.906084,49.123031],[1.906286,49.122975],[1.90684,49.123267],[1.907278,49.122907],[1.90736,49.122813],[1.90871,49.121688],[1.908925,49.121337],[1.909037,49.120898],[1.908866,49.120573],[1.908422,49.11981],[1.90884,49.119616],[1.908788,49.119377],[1.908953,49.119254],[1.910537,49.118229],[1.911939,49.117374],[1.914228,49.115946],[1.915536,49.115146],[1.914178,49.113689],[1.913187,49.112648],[1.914149,49.112561],[1.914318,49.112499],[1.915161,49.112061],[1.91622,49.111478],[1.916753,49.111203],[1.91696,49.111113],[1.91547,49.109601],[1.914224,49.108331],[1.913853,49.107984],[1.913217,49.108221],[1.911578,49.108868],[1.909248,49.109902],[1.908879,49.110044],[1.907372,49.110684],[1.905875,49.111314],[1.905411,49.111506],[1.904897,49.111697],[1.90444,49.111828],[1.903166,49.112388],[1.902488,49.112647],[1.901596,49.113054],[1.90046,49.113529],[1.898796,49.114307],[1.898182,49.11458],[1.897501,49.114825],[1.896388,49.115244],[1.893413,49.116443],[1.892991,49.116633],[1.891479,49.115377],[1.890482,49.114538],[1.889829,49.114885],[1.889342,49.115093],[1.887918,49.115833],[1.887243,49.116212],[1.887084,49.116282],[1.886808,49.116047],[1.88135,49.118685],[1.882429,49.119491],[1.883199,49.1201],[1.883553,49.120643],[1.88258,49.121062],[1.880995,49.121685],[1.879837,49.122261],[1.8793,49.122582],[1.878931,49.12273],[1.878065,49.12291],[1.877414,49.123137],[1.876338,49.123592],[1.875636,49.123867],[1.874501,49.124405],[1.873806,49.124722],[1.872659,49.125185],[1.875061,49.126938],[1.875636,49.126953],[1.876662,49.127096],[1.877508,49.12715],[1.876525,49.127552],[1.87478,49.128313],[1.873493,49.128859],[1.870776,49.129997],[1.868645,49.13115],[1.868489,49.131039],[1.865974,49.132418],[1.866546,49.13282],[1.868121,49.13381],[1.869131,49.135283],[1.868186,49.136158],[1.867936,49.136411],[1.86766,49.13713],[1.867525,49.137524],[1.867361,49.137847],[1.867033,49.138282],[1.870355,49.13966],[1.870795,49.139933],[1.87157,49.140503],[1.872242,49.1407],[1.87271,49.140672],[1.873158,49.140113],[1.874679,49.140659],[1.875228,49.140152],[1.876168,49.139049],[1.876553,49.138617],[1.876715,49.138357],[1.87942,49.138897],[1.8794,49.138966],[1.879856,49.139052],[1.879973,49.138672],[1.880557,49.138771],[1.881159,49.137813],[1.882878,49.137915],[1.882493,49.137786],[1.883014,49.136703],[1.884083,49.136929],[1.884529,49.136087],[1.885372,49.134615],[1.884436,49.134412],[1.885236,49.132983],[1.887118,49.133372],[1.887973,49.133536],[1.888135,49.133615],[1.888265,49.133439],[1.888298,49.133192],[1.889773,49.133631],[1.889812,49.133623],[1.891391,49.13278],[1.892678,49.133467],[1.893501,49.133078],[1.891991,49.132278],[1.89606,49.130274],[1.895512,49.129818],[1.894371,49.129196],[1.89652,49.127651],[1.897418,49.12787],[1.898939,49.128269],[1.89967,49.128402],[1.900677,49.128535],[1.901054,49.128559],[1.901391,49.128557],[1.901826,49.128518],[1.902835,49.128316],[1.903531,49.128228],[1.903964,49.128025],[1.90431,49.128022],[1.90517,49.128153],[1.905621,49.128185],[1.905987,49.128183],[1.906365,49.128137],[1.906995,49.128035],[1.907895,49.127912],[1.908578,49.127879],[1.909141,49.127756],[1.909804,49.127536],[1.910223,49.127266],[1.910721,49.126881],[1.911041,49.126547],[1.911304,49.126423],[1.911977,49.126319],[1.912366,49.126329],[1.91276,49.126373],[1.913801,49.126514],[1.9143,49.126603],[1.914925,49.12676],[1.915099,49.126823],[1.915177,49.126743]]]}},{"type":"Feature","properties":{"nom":"Condécourt","code":"95170","population":564,"codeDepartement":"95"},"geometry":{"type":"Polygon","coordinates":[[[1.9549,49.024719],[1.954762,49.024729],[1.954401,49.024668],[1.952369,49.024514],[1.951211,49.024469],[1.949524,49.024291],[1.949407,49.025163],[1.949191,49.025867],[1.94869,49.025824],[1.948598,49.026146],[1.948483,49.026341],[1.948473,49.026503],[1.948189,49.026537],[1.947197,49.026594],[1.946441,49.026483],[1.945737,49.026001],[1.945389,49.025703],[1.945105,49.025133],[1.944464,49.023789],[1.943959,49.02394],[1.942939,49.023989],[1.942619,49.02399],[1.942292,49.023926],[1.942032,49.02377],[1.941668,49.02363],[1.941187,49.023508],[1.940714,49.023262],[1.940221,49.022938],[1.939676,49.022533],[1.939244,49.022303],[1.93868,49.022091],[1.938138,49.02192],[1.937885,49.021891],[1.937818,49.021914],[1.93745,49.022225],[1.937025,49.02266],[1.936596,49.023062],[1.936105,49.023601],[1.935321,49.02442],[1.934878,49.024825],[1.934275,49.02562],[1.93445,49.025723],[1.933367,49.026764],[1.933107,49.026688],[1.933045,49.026784],[1.93227,49.027809],[1.931484,49.028453],[1.931234,49.028369],[1.930543,49.029017],[1.930009,49.029461],[1.929878,49.029543],[1.927898,49.031197],[1.927491,49.031552],[1.926694,49.032206],[1.925134,49.033253],[1.923501,49.035043],[1.922982,49.034818],[1.922535,49.035212],[1.92233,49.035048],[1.917998,49.03744],[1.918374,49.037962],[1.918243,49.038068],[1.916491,49.039606],[1.915798,49.039892],[1.914804,49.040352],[1.912319,49.041473],[1.912763,49.042425],[1.912904,49.042798],[1.913204,49.043881],[1.913676,49.04482],[1.914046,49.045641],[1.914132,49.045783],[1.914498,49.046573],[1.914567,49.04678],[1.914745,49.047187],[1.914941,49.047693],[1.91526,49.048425],[1.915409,49.048804],[1.915536,49.049416],[1.91581,49.050232],[1.91627,49.05142],[1.916333,49.051662],[1.916518,49.052105],[1.918113,49.051592],[1.918556,49.051498],[1.918906,49.051453],[1.92022,49.05115],[1.921101,49.051004],[1.921109,49.051155],[1.921178,49.051277],[1.922288,49.051055],[1.922452,49.051378],[1.922516,49.051381],[1.923288,49.051255],[1.923713,49.051147],[1.924298,49.050958],[1.925668,49.050601],[1.926299,49.050455],[1.926564,49.050435],[1.927337,49.050465],[1.927933,49.050556],[1.928511,49.050754],[1.928885,49.050801],[1.929406,49.050809],[1.929331,49.05043],[1.930175,49.050442],[1.930657,49.05043],[1.930535,49.050309],[1.931718,49.050079],[1.93178,49.050176],[1.932694,49.049827],[1.933221,49.049751],[1.93341,49.049659],[1.933702,49.049584],[1.934203,49.049252],[1.934775,49.048915],[1.935036,49.048789],[1.935395,49.048694],[1.936553,49.048513],[1.936918,49.048446],[1.937724,49.04827],[1.938989,49.048219],[1.941057,49.048588],[1.941271,49.048602],[1.941488,49.048699],[1.941749,49.048907],[1.942485,49.049578],[1.942772,49.049868],[1.943211,49.050105],[1.943528,49.050323],[1.944135,49.050853],[1.94424,49.050961],[1.944514,49.050949],[1.944811,49.05112],[1.94498,49.051132],[1.945192,49.051006],[1.945476,49.050726],[1.946029,49.050307],[1.946213,49.050072],[1.946569,49.049759],[1.946794,49.049527],[1.947058,49.04914],[1.947205,49.048581],[1.947562,49.048689],[1.948007,49.048902],[1.948604,49.049123],[1.948353,49.048579],[1.947982,49.047741],[1.947879,49.047567],[1.94782,49.047378],[1.947742,49.047307],[1.947631,49.046662],[1.947325,49.045674],[1.947175,49.044916],[1.947424,49.044931],[1.947431,49.045043],[1.948202,49.044861],[1.948365,49.043969],[1.948377,49.043741],[1.948323,49.043205],[1.948053,49.042863],[1.94827,49.042817],[1.9482,49.042678],[1.948924,49.042565],[1.949901,49.042365],[1.950488,49.042177],[1.950052,49.041884],[1.949613,49.041619],[1.948883,49.041241],[1.949144,49.041065],[1.948924,49.040369],[1.949883,49.04049],[1.950428,49.040506],[1.950828,49.040414],[1.951061,49.040252],[1.951391,49.040252],[1.952317,49.040401],[1.952685,49.040436],[1.953261,49.040448],[1.953818,49.040416],[1.954169,49.040377],[1.95517,49.040192],[1.955419,49.040017],[1.955452,49.039907],[1.955859,49.039338],[1.955971,49.039135],[1.956651,49.038586],[1.95774,49.037624],[1.957977,49.0374],[1.958567,49.0368],[1.959084,49.036329],[1.959751,49.035847],[1.959958,49.035718],[1.960193,49.035529],[1.960547,49.035147],[1.960892,49.034806],[1.960813,49.034629],[1.960277,49.03327],[1.960173,49.032791],[1.960292,49.029418],[1.958872,49.028041],[1.958594,49.027725],[1.958409,49.026496],[1.954379,49.025696],[1.954558,49.025428],[1.954857,49.024885],[1.9549,49.024719]]]}},{"type":"Feature","properties":{"nom":"Cormeilles-en-Parisis","code":"95176","population":27292,"codeDepartement":"95"},"geometry":{"type":"Polygon","coordinates":[[[2.17333,48.953478],[2.174472,48.954288],[2.174812,48.954644],[2.175499,48.955335],[2.175903,48.955793],[2.176378,48.956377],[2.176901,48.957076],[2.177497,48.957835],[2.177773,48.958319],[2.178004,48.958807],[2.178127,48.95902],[2.178219,48.959635],[2.179784,48.959203],[2.180617,48.958989],[2.180831,48.95945],[2.181036,48.959496],[2.181312,48.959688],[2.181526,48.959933],[2.181754,48.960322],[2.181997,48.960581],[2.182172,48.960713],[2.182405,48.961187],[2.182758,48.96166],[2.182931,48.961862],[2.183102,48.961863],[2.183957,48.962227],[2.185238,48.962924],[2.18556,48.963859],[2.185615,48.964101],[2.185623,48.964508],[2.185733,48.965043],[2.185716,48.965169],[2.18561,48.965257],[2.185352,48.965371],[2.185369,48.965559],[2.185467,48.965833],[2.185829,48.96694],[2.184758,48.966985],[2.184747,48.967153],[2.184782,48.968045],[2.184761,48.968231],[2.184603,48.968403],[2.18426,48.968567],[2.184175,48.968657],[2.183862,48.969815],[2.183805,48.970141],[2.183825,48.97051],[2.183772,48.97086],[2.183571,48.971425],[2.183514,48.971483],[2.18364,48.971775],[2.183734,48.972064],[2.183888,48.972841],[2.183834,48.973427],[2.183878,48.973682],[2.183719,48.974069],[2.183482,48.974439],[2.183364,48.97473],[2.183224,48.975383],[2.18326,48.975427],[2.183653,48.975554],[2.182995,48.976478],[2.184841,48.977149],[2.184498,48.977677],[2.183469,48.979199],[2.184479,48.979595],[2.184732,48.979579],[2.185118,48.979291],[2.185353,48.979255],[2.186311,48.979248],[2.187249,48.979408],[2.187629,48.979459],[2.187952,48.9794],[2.188419,48.979503],[2.189021,48.979532],[2.189193,48.979563],[2.189556,48.979748],[2.189245,48.979973],[2.188864,48.980321],[2.188971,48.980377],[2.18829,48.980781],[2.187841,48.981115],[2.187568,48.981251],[2.188151,48.981868],[2.188327,48.982203],[2.188533,48.982525],[2.189123,48.983278],[2.189085,48.983347],[2.190201,48.983602],[2.190737,48.983675],[2.190827,48.983502],[2.191128,48.983551],[2.191038,48.984186],[2.191109,48.984333],[2.191314,48.984464],[2.191873,48.984628],[2.19232,48.984646],[2.193108,48.984613],[2.193177,48.984749],[2.194233,48.984654],[2.194949,48.985286],[2.19632,48.985315],[2.197697,48.985311],[2.198095,48.985513],[2.198526,48.985815],[2.198848,48.986134],[2.198927,48.986319],[2.198911,48.986602],[2.198696,48.986985],[2.198404,48.987705],[2.199146,48.987721],[2.200256,48.987719],[2.200588,48.988444],[2.200802,48.988859],[2.201571,48.990443],[2.202174,48.9903],[2.203291,48.989954],[2.203442,48.989924],[2.204444,48.989629],[2.204359,48.98928],[2.204057,48.98872],[2.204041,48.988444],[2.20389,48.987503],[2.203929,48.987295],[2.203883,48.986968],[2.203887,48.9868],[2.203839,48.986405],[2.203717,48.986303],[2.203576,48.986049],[2.203369,48.985912],[2.203279,48.985902],[2.203192,48.985745],[2.203023,48.985634],[2.203,48.985419],[2.202917,48.985213],[2.203089,48.98481],[2.203233,48.984588],[2.203225,48.984395],[2.203315,48.984231],[2.20375,48.984198],[2.2046,48.984057],[2.206284,48.983648],[2.207589,48.983285],[2.208804,48.982887],[2.209522,48.982539],[2.20998,48.983213],[2.210744,48.982848],[2.210542,48.982618],[2.211307,48.982361],[2.210912,48.98209],[2.211621,48.981936],[2.212295,48.981818],[2.213265,48.98171],[2.214064,48.981468],[2.215049,48.981186],[2.215937,48.980862],[2.216214,48.980717],[2.216433,48.980568],[2.216914,48.980302],[2.217329,48.980146],[2.217812,48.980018],[2.218082,48.979839],[2.218738,48.979447],[2.219129,48.979236],[2.219417,48.97911],[2.218878,48.978853],[2.218933,48.978683],[2.218578,48.978728],[2.218494,48.977919],[2.218789,48.977882],[2.218908,48.977807],[2.219011,48.977658],[2.219819,48.977509],[2.219642,48.977113],[2.2196,48.976939],[2.219302,48.976997],[2.218894,48.976201],[2.219242,48.976005],[2.220213,48.975516],[2.220867,48.975415],[2.221937,48.975593],[2.222712,48.975198],[2.22283,48.975494],[2.223707,48.975123],[2.223565,48.974975],[2.223917,48.974711],[2.224125,48.974357],[2.224325,48.974088],[2.224629,48.973982],[2.224927,48.973804],[2.225221,48.973591],[2.225606,48.97338],[2.225963,48.973553],[2.226513,48.973879],[2.226994,48.97373],[2.227389,48.973532],[2.22746,48.973398],[2.227626,48.973355],[2.227837,48.9734],[2.228073,48.973368],[2.22831,48.973294],[2.228662,48.972999],[2.228758,48.972877],[2.227423,48.9722],[2.227412,48.972088],[2.22716,48.971981],[2.226715,48.971952],[2.226235,48.971715],[2.226087,48.971557],[2.225919,48.971259],[2.225733,48.971025],[2.225431,48.971118],[2.22478,48.971473],[2.224576,48.971631],[2.224065,48.971937],[2.223515,48.972185],[2.22312,48.972327],[2.222715,48.972421],[2.220649,48.970028],[2.220142,48.97015],[2.219513,48.969533],[2.218747,48.968893],[2.218502,48.969009],[2.21778,48.968117],[2.217255,48.967642],[2.214935,48.965245],[2.214542,48.964782],[2.213522,48.963727],[2.213149,48.963887],[2.212788,48.964066],[2.211486,48.964749],[2.211217,48.964478],[2.210937,48.964255],[2.210324,48.963688],[2.2099,48.963317],[2.20922,48.962697],[2.208772,48.962309],[2.208317,48.961886],[2.207765,48.96144],[2.206902,48.96062],[2.206495,48.96027],[2.205697,48.959291],[2.205208,48.958731],[2.20516,48.958626],[2.204956,48.958384],[2.204437,48.957972],[2.203896,48.957358],[2.203319,48.956566],[2.204539,48.956114],[2.20485,48.956013],[2.205337,48.955952],[2.205503,48.95413],[2.205605,48.953157],[2.205705,48.952079],[2.205817,48.95074],[2.205852,48.950408],[2.205867,48.949861],[2.205486,48.949905],[2.204773,48.949904],[2.201113,48.950338],[2.200585,48.950359],[2.200365,48.949694],[2.199037,48.949787],[2.197626,48.949952],[2.196255,48.95014],[2.194374,48.950386],[2.193987,48.95046],[2.193823,48.950582],[2.193156,48.950555],[2.192705,48.950553],[2.191887,48.950455],[2.191336,48.950372],[2.190812,48.950353],[2.189762,48.950432],[2.18971,48.950459],[2.190178,48.951737],[2.190204,48.95177],[2.187953,48.952331],[2.186637,48.95265],[2.185628,48.952922],[2.185113,48.953039],[2.18401,48.953319],[2.183832,48.95312],[2.181699,48.953574],[2.177948,48.954563],[2.177207,48.953719],[2.176892,48.953389],[2.176324,48.952718],[2.175848,48.952188],[2.175741,48.952132],[2.175148,48.952383],[2.17519,48.952427],[2.17333,48.953478]]]}},{"type":"Feature","properties":{"nom":"Cormeilles-en-Vexin","code":"95177","population":1297,"codeDepartement":"95"},"geometry":{"type":"Polygon","coordinates":[[[2.011423,49.131608],[2.013133,49.13121],[2.013843,49.132543],[2.022013,49.130496],[2.021897,49.129667],[2.021834,49.12943],[2.023737,49.131071],[2.024919,49.130617],[2.025254,49.130478],[2.025226,49.130364],[2.024991,49.129854],[2.025777,49.129539],[2.026787,49.129172],[2.027216,49.130086],[2.027122,49.13012],[2.027123,49.130254],[2.02733,49.131172],[2.028248,49.131043],[2.030269,49.130804],[2.03018,49.130174],[2.029918,49.128557],[2.029729,49.127584],[2.032287,49.12638],[2.034215,49.125436],[2.036429,49.124364],[2.036052,49.124139],[2.036398,49.123594],[2.03676,49.123067],[2.037535,49.121966],[2.037808,49.121602],[2.037289,49.121083],[2.037788,49.12068],[2.038317,49.120232],[2.038963,49.119709],[2.039357,49.119372],[2.038856,49.118762],[2.038273,49.118074],[2.037322,49.117977],[2.03712,49.117965],[2.039751,49.116082],[2.042113,49.114364],[2.041223,49.114062],[2.040353,49.113779],[2.038992,49.113363],[2.036565,49.11255],[2.036932,49.112405],[2.037667,49.112144],[2.041711,49.11075],[2.041734,49.108426],[2.044196,49.108203],[2.041862,49.103489],[2.041829,49.103343],[2.041876,49.103126],[2.042117,49.102506],[2.04215,49.102356],[2.042121,49.102144],[2.041874,49.101722],[2.041284,49.101437],[2.039773,49.100922],[2.039586,49.100071],[2.037004,49.100444],[2.036004,49.100594],[2.036141,49.101049],[2.033282,49.101434],[2.032506,49.099132],[2.031391,49.099291],[2.030537,49.097956],[2.029702,49.098249],[2.028672,49.09855],[2.027073,49.096552],[2.02253,49.098141],[2.022155,49.09826],[2.022584,49.0991],[2.02233,49.099167],[2.022473,49.100024],[2.021961,49.100276],[2.022238,49.100329],[2.021203,49.100689],[2.019868,49.101111],[2.017534,49.101871],[2.015603,49.099251],[2.006233,49.102159],[2.00534,49.102444],[2.003865,49.100917],[2.003081,49.100145],[2.001653,49.100853],[2.001156,49.101108],[1.999677,49.099778],[1.999185,49.099438],[1.999003,49.099386],[1.998906,49.099491],[1.998457,49.099826],[1.998657,49.099986],[1.99851,49.100159],[1.99857,49.10023],[1.998392,49.100365],[1.997973,49.100134],[1.995209,49.101931],[1.994068,49.102759],[1.992018,49.103159],[1.991454,49.1027],[1.990689,49.103028],[1.991825,49.104162],[1.992277,49.104711],[1.992885,49.105552],[1.989993,49.106588],[1.990378,49.107142],[1.991357,49.1082],[1.992191,49.10913],[1.994339,49.110667],[1.993054,49.111667],[1.993849,49.112323],[1.99547,49.111192],[1.996133,49.110693],[1.997745,49.111659],[1.99964,49.112789],[2.000915,49.11357],[2.00055,49.113783],[2.000068,49.113955],[1.99943,49.114343],[1.99895,49.114584],[1.999668,49.115066],[2.000449,49.115539],[2.000851,49.115758],[2.001155,49.116014],[2.001831,49.115698],[2.0024,49.11545],[2.002224,49.115266],[2.003971,49.114707],[2.004699,49.114968],[2.005026,49.114818],[2.004943,49.115097],[2.004876,49.115426],[2.004742,49.115847],[2.00442,49.116467],[2.004174,49.117178],[2.004096,49.117596],[2.003828,49.118069],[2.003995,49.118123],[2.004739,49.118622],[2.005136,49.118423],[2.005234,49.118496],[2.005494,49.118903],[2.004443,49.119165],[2.004371,49.119205],[2.004778,49.119465],[2.004341,49.11962],[2.004262,49.119535],[2.004035,49.119612],[2.004414,49.119915],[2.004779,49.12026],[2.005434,49.120922],[2.006239,49.121772],[2.006549,49.122072],[2.004582,49.122834],[2.003485,49.123233],[2.003087,49.123473],[2.003906,49.123921],[2.005312,49.124759],[2.006335,49.125081],[2.006009,49.125635],[2.007878,49.126832],[2.007116,49.127333],[2.006676,49.1276],[2.005846,49.128154],[2.006288,49.128363],[2.006871,49.128702],[2.007824,49.129303],[2.008767,49.129913],[2.010182,49.130808],[2.011423,49.131608]]]}},{"type":"Feature","properties":{"nom":"Courcelles-sur-Viosne","code":"95181","population":310,"codeDepartement":"95"},"geometry":{"type":"Polygon","coordinates":[[[1.995064,49.063636],[1.994778,49.063702],[1.992023,49.064449],[1.989356,49.065187],[1.988229,49.065512],[1.986795,49.066059],[1.986201,49.066303],[1.982258,49.067837],[1.980286,49.068621],[1.979023,49.069107],[1.978729,49.069234],[1.979387,49.069932],[1.977088,49.070869],[1.977652,49.071105],[1.978427,49.071408],[1.977478,49.071991],[1.976448,49.072583],[1.97523,49.073353],[1.975843,49.073628],[1.985622,49.077682],[1.985289,49.077916],[1.985932,49.078221],[1.986512,49.07812],[1.987014,49.077924],[1.987975,49.078539],[1.988957,49.079058],[1.98943,49.079319],[1.990233,49.079683],[1.990963,49.080055],[1.99134,49.080273],[1.991987,49.080595],[1.992214,49.080737],[1.992685,49.08109],[1.992895,49.081224],[1.993448,49.081716],[1.994185,49.082525],[1.9947,49.08253],[1.994859,49.08264],[1.99467,49.082905],[1.994462,49.083127],[1.994351,49.08313],[1.994015,49.083354],[1.994216,49.08348],[1.994731,49.083936],[1.994838,49.083704],[1.994964,49.08357],[1.995438,49.083339],[1.99581,49.083103],[1.996348,49.08282],[1.996553,49.082659],[1.996901,49.08244],[1.997351,49.082053],[1.997764,49.081843],[1.997996,49.081625],[1.998308,49.0811],[1.998567,49.080587],[1.998827,49.080186],[1.99895,49.079907],[1.999468,49.079681],[1.999714,49.079607],[2.001048,49.07924],[2.001395,49.07919],[2.001969,49.079224],[2.002464,49.079192],[2.002866,49.07912],[2.003351,49.079143],[2.003723,49.079331],[2.004114,49.079429],[2.00482,49.079535],[2.004952,49.079343],[2.004738,49.079294],[2.005277,49.078265],[2.005049,49.077963],[2.0054,49.077569],[2.005562,49.07746],[2.005706,49.077454],[2.005893,49.077599],[2.006098,49.077938],[2.006192,49.077996],[2.006422,49.078006],[2.007131,49.077922],[2.007276,49.077813],[2.007402,49.077539],[2.007578,49.077404],[2.008054,49.077138],[2.008144,49.077068],[2.008385,49.077227],[2.008717,49.07737],[2.009051,49.077341],[2.009681,49.077151],[2.010225,49.077103],[2.010896,49.076987],[2.011147,49.077684],[2.011483,49.077551],[2.011742,49.077475],[2.012325,49.077376],[2.012578,49.077353],[2.013,49.077412],[2.013146,49.077463],[2.013854,49.077596],[2.014603,49.07768],[2.014807,49.077674],[2.015266,49.07758],[2.014822,49.076891],[2.014313,49.076238],[2.013691,49.075607],[2.013571,49.075448],[2.01296,49.074328],[2.012697,49.073739],[2.012978,49.073666],[2.012834,49.073079],[2.012759,49.072521],[2.01275,49.072171],[2.01277,49.071909],[2.012943,49.070616],[2.013043,49.070108],[2.01313,49.069751],[2.013828,49.069562],[2.012396,49.067852],[2.01169,49.066827],[2.011455,49.066885],[2.010562,49.065504],[2.009715,49.065767],[2.009351,49.065543],[2.008775,49.065765],[2.006897,49.065045],[2.005187,49.065107],[2.003895,49.065547],[2.003968,49.065671],[1.999158,49.067501],[1.998041,49.066447],[1.995956,49.064562],[1.995064,49.063636]]]}},{"type":"Feature","properties":{"nom":"Courdimanche","code":"95183","population":7311,"codeDepartement":"95"},"geometry":{"type":"Polygon","coordinates":[[[1.99468,49.060594],[1.996802,49.060011],[1.99724,49.059882],[2.000434,49.059002],[2.002203,49.058509],[2.002539,49.058334],[2.003091,49.058152],[2.004061,49.057875],[2.004751,49.05771],[2.005814,49.057515],[2.006246,49.057409],[2.01072,49.056212],[2.010012,49.055572],[2.008386,49.055188],[2.006705,49.054893],[2.004156,49.054179],[2.003239,49.053794],[2.002282,49.053274],[1.999982,49.051778],[2.004775,49.050281],[2.004454,49.049688],[2.00695,49.049196],[2.006695,49.048626],[2.008322,49.048308],[2.008121,49.047695],[2.007893,49.047309],[2.008373,49.047208],[2.00847,49.046828],[2.009018,49.046739],[2.008196,49.046086],[2.007553,49.045431],[2.007039,49.044574],[2.009541,49.04407],[2.01043,49.043871],[2.011031,49.043475],[2.012907,49.042122],[2.013595,49.041617],[2.014569,49.041043],[2.016118,49.040159],[2.015934,49.039712],[2.016037,49.039664],[2.014501,49.039253],[2.01077,49.03737],[2.011207,49.035022],[2.011292,49.034312],[2.011422,49.034007],[2.011543,49.033548],[2.011619,49.032996],[2.011691,49.032343],[2.012032,49.030666],[2.012381,49.029249],[2.012463,49.028963],[2.012573,49.028282],[2.012726,49.027715],[2.012842,49.027206],[2.012531,49.02712],[2.012006,49.027037],[2.011093,49.026954],[2.010072,49.026882],[2.010017,49.027341],[2.004502,49.027787],[2.000696,49.027175],[2.000268,49.02717],[1.999084,49.027193],[1.999348,49.024094],[1.998887,49.024087],[1.998912,49.023931],[1.998475,49.023923],[1.99847,49.023668],[1.997666,49.023661],[1.997247,49.023632],[1.996614,49.023631],[1.995638,49.023674],[1.995141,49.023718],[1.993843,49.02385],[1.993195,49.023909],[1.992414,49.023884],[1.9918,49.023797],[1.991436,49.023762],[1.991216,49.026297],[1.991831,49.027057],[1.992132,49.02749],[1.992585,49.027904],[1.992892,49.02811],[1.993553,49.028381],[1.99284,49.029638],[1.992401,49.030093],[1.991328,49.030763],[1.990975,49.03101],[1.990797,49.031094],[1.991068,49.031506],[1.990866,49.03155],[1.990626,49.031734],[1.989953,49.032163],[1.989271,49.032615],[1.989093,49.032785],[1.988572,49.033347],[1.987927,49.034017],[1.987792,49.034075],[1.987256,49.034191],[1.986902,49.034245],[1.985581,49.034324],[1.985403,49.034192],[1.983709,49.03478],[1.984283,49.035616],[1.984512,49.035546],[1.984505,49.035885],[1.984552,49.036448],[1.984541,49.036589],[1.984624,49.037718],[1.983605,49.037804],[1.985215,49.039321],[1.98457,49.03969],[1.984284,49.039875],[1.985402,49.042114],[1.986911,49.047181],[1.987125,49.048068],[1.987291,49.048677],[1.987476,49.049413],[1.987615,49.05002],[1.987707,49.050325],[1.988013,49.050928],[1.988191,49.051141],[1.988758,49.051667],[1.989146,49.052098],[1.989279,49.052282],[1.989535,49.052548],[1.990538,49.053685],[1.991372,49.054683],[1.992023,49.055412],[1.99216,49.055605],[1.992891,49.056743],[1.992943,49.056891],[1.993205,49.057419],[1.993755,49.058596],[1.994599,49.060457],[1.99468,49.060594]]]}},{"type":"Feature","properties":{"nom":"Deuil-la-Barre","code":"95197","population":23099,"codeDepartement":"95"},"geometry":{"type":"Polygon","coordinates":[[[2.335054,48.980972],[2.336237,48.98114],[2.336335,48.981023],[2.33666,48.980758],[2.336967,48.980583],[2.33712,48.980691],[2.337417,48.98069],[2.338012,48.980583],[2.338448,48.980522],[2.338908,48.980584],[2.339367,48.980827],[2.339778,48.981131],[2.340161,48.981499],[2.340462,48.981927],[2.340696,48.982192],[2.341097,48.982525],[2.34151,48.982795],[2.342033,48.983026],[2.342781,48.983277],[2.343154,48.981976],[2.343451,48.98052],[2.34364,48.979673],[2.343784,48.979167],[2.344097,48.978314],[2.344208,48.978057],[2.343751,48.976926],[2.342926,48.975502],[2.342743,48.974919],[2.34215,48.974829],[2.341476,48.97476],[2.341124,48.974787],[2.337848,48.975129],[2.337339,48.97517],[2.336879,48.975225],[2.335669,48.975301],[2.33576,48.974613],[2.335896,48.973929],[2.336048,48.973492],[2.336239,48.973073],[2.336423,48.972588],[2.336429,48.972432],[2.336261,48.971956],[2.335788,48.971771],[2.335249,48.971497],[2.334328,48.971095],[2.333586,48.970847],[2.332434,48.970573],[2.331623,48.970413],[2.330771,48.970266],[2.330986,48.969955],[2.331723,48.96913],[2.331914,48.968959],[2.332638,48.968623],[2.333018,48.968403],[2.333525,48.968167],[2.333378,48.967873],[2.333237,48.96769],[2.333203,48.967575],[2.333265,48.967445],[2.333554,48.967146],[2.333863,48.966713],[2.333676,48.966448],[2.333629,48.966325],[2.334701,48.965969],[2.334457,48.965642],[2.334276,48.965477],[2.334076,48.965541],[2.333365,48.965811],[2.331737,48.966331],[2.330539,48.964991],[2.330931,48.964837],[2.331023,48.964754],[2.331016,48.964543],[2.330621,48.964142],[2.330235,48.963729],[2.330201,48.963572],[2.330615,48.963385],[2.329549,48.962297],[2.330512,48.961789],[2.330325,48.961633],[2.331464,48.960996],[2.331011,48.960735],[2.33073,48.960605],[2.330299,48.960365],[2.329714,48.960081],[2.329301,48.959917],[2.327919,48.959516],[2.325737,48.958414],[2.325331,48.958259],[2.322987,48.9576],[2.322693,48.957525],[2.320617,48.958128],[2.319866,48.958452],[2.31977,48.958474],[2.319091,48.958943],[2.31884,48.959048],[2.317948,48.959532],[2.316281,48.960484],[2.315605,48.96088],[2.313402,48.96212],[2.313055,48.962327],[2.313005,48.962411],[2.313097,48.9625],[2.314758,48.963473],[2.315914,48.964136],[2.315995,48.964252],[2.31623,48.964719],[2.316751,48.965351],[2.317,48.965894],[2.316395,48.966297],[2.316077,48.966546],[2.315576,48.966878],[2.315236,48.967133],[2.312983,48.968615],[2.312584,48.968842],[2.311768,48.969361],[2.311676,48.969394],[2.310072,48.97048],[2.309727,48.970719],[2.309788,48.971199],[2.309864,48.971242],[2.310572,48.971851],[2.310673,48.971908],[2.310734,48.971834],[2.311413,48.97134],[2.313851,48.969588],[2.314155,48.969833],[2.315428,48.970805],[2.316358,48.971193],[2.316588,48.971253],[2.316631,48.971948],[2.316612,48.972396],[2.316605,48.973091],[2.316649,48.973418],[2.317055,48.974853],[2.317149,48.975293],[2.317147,48.975417],[2.317044,48.975987],[2.316577,48.978317],[2.316606,48.978766],[2.316657,48.979152],[2.316691,48.979655],[2.316947,48.979729],[2.318979,48.980694],[2.319509,48.980871],[2.320777,48.980513],[2.321892,48.980414],[2.32244,48.980405],[2.3227,48.980426],[2.322542,48.980839],[2.322553,48.981172],[2.322647,48.981494],[2.322898,48.98221],[2.322863,48.982306],[2.323564,48.982537],[2.32553,48.983214],[2.325925,48.983138],[2.326699,48.983039],[2.328199,48.982997],[2.328542,48.982872],[2.329746,48.982644],[2.330272,48.982589],[2.330815,48.982567],[2.331312,48.982524],[2.331967,48.982165],[2.332692,48.981952],[2.334053,48.981639],[2.334156,48.981537],[2.334171,48.98084],[2.334632,48.980874],[2.335054,48.980972]]]}},{"type":"Feature","properties":{"nom":"Domont","code":"95199","population":16065,"codeDepartement":"95"},"geometry":{"type":"Polygon","coordinates":[[[2.295665,49.027224],[2.296475,49.027637],[2.296855,49.027805],[2.297024,49.027945],[2.297336,49.028531],[2.297254,49.028622],[2.296396,49.029068],[2.295553,49.029486],[2.294602,49.029973],[2.293689,49.030408],[2.294164,49.030855],[2.294861,49.031404],[2.295009,49.031498],[2.295139,49.031679],[2.295338,49.031854],[2.295557,49.032],[2.295775,49.032094],[2.297312,49.032397],[2.298215,49.033107],[2.298371,49.034109],[2.299195,49.035105],[2.299446,49.034967],[2.300974,49.034051],[2.301085,49.034159],[2.301148,49.03433],[2.301169,49.034725],[2.301271,49.035151],[2.301504,49.036324],[2.301539,49.036564],[2.301532,49.0368],[2.302248,49.03691],[2.30291,49.036961],[2.304275,49.037126],[2.305708,49.037247],[2.306118,49.038199],[2.306917,49.038776],[2.307251,49.038497],[2.307613,49.038286],[2.308359,49.038587],[2.308755,49.038888],[2.309222,49.039208],[2.310141,49.039902],[2.31027,49.039977],[2.310877,49.039077],[2.311313,49.038508],[2.311862,49.0379],[2.31226,49.03743],[2.312531,49.037636],[2.315192,49.039323],[2.317027,49.040483],[2.317677,49.040769],[2.318362,49.040992],[2.31898,49.04121],[2.31939,49.041469],[2.32015,49.042095],[2.32107,49.04287],[2.321345,49.043028],[2.321786,49.04354],[2.322145,49.043715],[2.322774,49.043991],[2.323114,49.044124],[2.324403,49.044585],[2.324821,49.044134],[2.32748,49.045008],[2.327723,49.044663],[2.329107,49.045277],[2.330409,49.046467],[2.330828,49.046717],[2.330891,49.046779],[2.331428,49.047159],[2.334895,49.045238],[2.334228,49.044775],[2.334869,49.044376],[2.334959,49.044453],[2.335456,49.044783],[2.335783,49.044944],[2.337236,49.045799],[2.337215,49.045492],[2.337283,49.045143],[2.337468,49.044863],[2.338241,49.043151],[2.338511,49.042581],[2.338655,49.042232],[2.339323,49.040756],[2.339769,49.039638],[2.340242,49.038416],[2.340868,49.03682],[2.34109,49.036306],[2.341257,49.035833],[2.341598,49.035036],[2.341989,49.03401],[2.34203,49.033945],[2.342602,49.034031],[2.343256,49.034071],[2.344632,49.033706],[2.344736,49.033687],[2.345149,49.033723],[2.345939,49.033871],[2.345654,49.032879],[2.346185,49.032674],[2.346437,49.032597],[2.346663,49.033339],[2.348195,49.032655],[2.349227,49.032148],[2.349732,49.031827],[2.350433,49.031401],[2.350672,49.031238],[2.351656,49.030607],[2.352344,49.030056],[2.352752,49.029695],[2.353058,49.0294],[2.353182,49.029204],[2.353724,49.02819],[2.353746,49.028177],[2.35489,49.026779],[2.354698,49.026603],[2.353183,49.026083],[2.352691,49.02593],[2.351686,49.025663],[2.350703,49.025388],[2.350511,49.025423],[2.350311,49.025401],[2.349826,49.025297],[2.3487,49.024981],[2.346025,49.024312],[2.34617,49.023993],[2.345893,49.023929],[2.345362,49.023719],[2.345277,49.023523],[2.344791,49.023469],[2.344428,49.023354],[2.344138,49.023343],[2.343927,49.023377],[2.342958,49.023364],[2.342454,49.02337],[2.342041,49.023295],[2.341259,49.023067],[2.340792,49.022945],[2.340527,49.022905],[2.340168,49.022816],[2.339429,49.022752],[2.338352,49.02263],[2.337916,49.022603],[2.336816,49.022614],[2.336403,49.022588],[2.336198,49.022616],[2.335335,49.022628],[2.334874,49.022611],[2.334494,49.022494],[2.333867,49.022031],[2.333724,49.021995],[2.332541,49.021775],[2.331633,49.022235],[2.331543,49.022182],[2.330083,49.021438],[2.329382,49.021617],[2.329075,49.021344],[2.328906,49.021251],[2.328102,49.02091],[2.327661,49.020685],[2.327482,49.020556],[2.32709,49.020217],[2.326223,49.019329],[2.325915,49.01908],[2.325517,49.019279],[2.323849,49.020223],[2.323494,49.019279],[2.323099,49.018376],[2.322659,49.017991],[2.322446,49.017779],[2.321871,49.017255],[2.321728,49.017027],[2.321394,49.016817],[2.320455,49.016407],[2.320114,49.016285],[2.320582,49.015612],[2.321036,49.01472],[2.321384,49.013981],[2.321349,49.013916],[2.321364,49.013673],[2.321427,49.013261],[2.32135,49.012765],[2.321729,49.012887],[2.322119,49.012301],[2.321919,49.010638],[2.320162,49.010826],[2.320053,49.010967],[2.319673,49.011213],[2.319116,49.011479],[2.318677,49.011795],[2.315808,49.011102],[2.315794,49.011274],[2.315639,49.012143],[2.315572,49.012756],[2.315495,49.013069],[2.315427,49.013629],[2.315489,49.013788],[2.31509,49.014087],[2.314949,49.014274],[2.314548,49.01461],[2.314432,49.014731],[2.314138,49.014798],[2.313416,49.01482],[2.312738,49.014815],[2.312723,49.015656],[2.312736,49.015817],[2.312838,49.016179],[2.313091,49.016598],[2.312815,49.016648],[2.311562,49.017227],[2.3113,49.017362],[2.310203,49.017884],[2.30931,49.018261],[2.30854,49.018681],[2.308192,49.018854],[2.306979,49.019409],[2.305588,49.02009],[2.304487,49.020602],[2.30413,49.020792],[2.304208,49.022763],[2.305072,49.023054],[2.305038,49.023125],[2.305919,49.023395],[2.305833,49.023481],[2.305732,49.023685],[2.305749,49.023789],[2.305079,49.023934],[2.304529,49.024002],[2.303858,49.024034],[2.302649,49.024076],[2.302597,49.024008],[2.301453,49.02409],[2.300097,49.024835],[2.299546,49.025123],[2.295665,49.027224]]]}},{"type":"Feature","properties":{"nom":"Eaubonne","code":"95203","population":26211,"codeDepartement":"95"},"geometry":{"type":"Polygon","coordinates":[[[2.290142,48.996798],[2.290551,48.996642],[2.29132,48.996385],[2.292009,48.996138],[2.292845,48.995883],[2.291401,48.993617],[2.290304,48.992154],[2.289824,48.991549],[2.289753,48.991573],[2.289403,48.991133],[2.28925,48.990887],[2.289129,48.9908],[2.288956,48.990496],[2.288361,48.989708],[2.287323,48.988514],[2.286848,48.988061],[2.286599,48.988202],[2.285383,48.987264],[2.285837,48.987037],[2.284015,48.985643],[2.284384,48.985322],[2.284996,48.984631],[2.285469,48.984221],[2.285602,48.984069],[2.285789,48.983786],[2.286136,48.983203],[2.286353,48.982875],[2.286623,48.982555],[2.286848,48.982353],[2.286962,48.982344],[2.287405,48.982141],[2.287594,48.981888],[2.28825,48.981451],[2.28875,48.981091],[2.288846,48.980914],[2.28944,48.980351],[2.290588,48.979637],[2.290976,48.979416],[2.291532,48.979054],[2.291749,48.978851],[2.291639,48.97861],[2.29159,48.978383],[2.291585,48.978057],[2.291632,48.976772],[2.291135,48.976966],[2.289927,48.977332],[2.289872,48.977219],[2.289621,48.976984],[2.288259,48.977087],[2.286666,48.977222],[2.283298,48.977482],[2.282633,48.97751],[2.282605,48.977206],[2.28224,48.977025],[2.281693,48.976877],[2.281043,48.976742],[2.280697,48.976653],[2.280027,48.976507],[2.27895,48.976332],[2.278076,48.976202],[2.277322,48.976005],[2.276699,48.97581],[2.276474,48.975786],[2.276109,48.975825],[2.275785,48.975913],[2.275041,48.976212],[2.274592,48.976436],[2.273843,48.976779],[2.273291,48.977012],[2.272778,48.97713],[2.273056,48.977503],[2.273297,48.977728],[2.273716,48.978037],[2.273533,48.97822],[2.272932,48.978914],[2.272137,48.980351],[2.271678,48.98104],[2.271711,48.981066],[2.271063,48.981747],[2.271482,48.982376],[2.271753,48.982854],[2.272099,48.983752],[2.272428,48.984639],[2.271634,48.9849],[2.268772,48.98582],[2.265653,48.986975],[2.265007,48.987209],[2.264475,48.987381],[2.264532,48.987421],[2.265235,48.988323],[2.265351,48.988287],[2.266032,48.989159],[2.266133,48.989123],[2.266319,48.989358],[2.266319,48.989434],[2.26698,48.990595],[2.265708,48.991093],[2.266601,48.992288],[2.266847,48.992607],[2.266562,48.992758],[2.265251,48.993178],[2.265566,48.993897],[2.265204,48.99397],[2.265362,48.994395],[2.264855,48.994495],[2.265009,48.994821],[2.264892,48.994848],[2.265073,48.995216],[2.26477,48.995309],[2.265222,48.995857],[2.264141,48.996251],[2.264623,48.996863],[2.265188,48.997556],[2.263362,48.998127],[2.26394,48.999661],[2.264225,49.0005],[2.264235,49.000825],[2.265097,49.000945],[2.265769,49.000996],[2.266211,49.00096],[2.2667,49.000845],[2.267273,49.001555],[2.270433,49.004655],[2.271119,49.005356],[2.272197,49.006428],[2.272495,49.006694],[2.272971,49.006505],[2.273214,49.006442],[2.274419,49.006186],[2.274918,49.006063],[2.275421,49.00588],[2.276562,49.00544],[2.27693,49.005286],[2.278318,49.004672],[2.279419,49.004213],[2.280366,49.003827],[2.281032,49.003621],[2.281462,49.003539],[2.282988,49.003039],[2.282612,49.002789],[2.282096,49.002691],[2.281906,49.002441],[2.281935,49.00228],[2.282044,49.002116],[2.282268,49.001927],[2.283362,49.001574],[2.283863,49.001482],[2.28374,49.001263],[2.283613,49.000916],[2.283524,49.00041],[2.283213,48.999856],[2.283132,48.999771],[2.282814,48.999592],[2.28211,48.999267],[2.281986,48.998991],[2.281856,48.998868],[2.281719,48.998822],[2.281601,48.998644],[2.281419,48.998543],[2.281178,48.998273],[2.281147,48.998164],[2.28265,48.997866],[2.284667,48.99748],[2.284819,48.997463],[2.285944,48.997465],[2.286451,48.997434],[2.288375,48.997154],[2.289274,48.996997],[2.290142,48.996798]]]}},{"type":"Feature","properties":{"nom":"Écouen","code":"95205","population":7202,"codeDepartement":"95"},"geometry":{"type":"Polygon","coordinates":[[[2.382745,49.041977],[2.388673,49.041254],[2.394684,49.040537],[2.394817,49.04051],[2.394751,49.040283],[2.394707,49.039915],[2.394716,49.039537],[2.394774,49.039107],[2.394655,49.038908],[2.397499,49.039855],[2.397939,49.039831],[2.399177,49.039701],[2.399112,49.039458],[2.399125,49.039326],[2.399331,49.038991],[2.399697,49.038598],[2.400629,49.037849],[2.400856,49.037479],[2.400933,49.037168],[2.400941,49.036855],[2.400599,49.036034],[2.400464,49.035807],[2.400517,49.035173],[2.400601,49.034779],[2.400735,49.034286],[2.400919,49.033778],[2.401094,49.033409],[2.40132,49.033013],[2.40151,49.032782],[2.402911,49.030957],[2.403131,49.030739],[2.403653,49.030296],[2.403896,49.030125],[2.404548,49.029561],[2.405618,49.028329],[2.405858,49.02766],[2.406069,49.027347],[2.40634,49.027115],[2.406532,49.026912],[2.406682,49.026622],[2.406929,49.026372],[2.407084,49.026093],[2.407467,49.025674],[2.407794,49.025414],[2.408332,49.025047],[2.408643,49.024895],[2.409012,49.024655],[2.409404,49.024457],[2.409778,49.024291],[2.41002,49.024148],[2.409781,49.024154],[2.409296,49.023914],[2.409077,49.023776],[2.408846,49.023558],[2.408285,49.023351],[2.407439,49.022961],[2.406772,49.022591],[2.405925,49.022031],[2.405693,49.02186],[2.405363,49.021656],[2.404882,49.021406],[2.404369,49.021175],[2.403336,49.020746],[2.402249,49.02019],[2.401831,49.019958],[2.401196,49.019585],[2.399902,49.018759],[2.398647,49.017873],[2.397442,49.017204],[2.396831,49.016749],[2.396299,49.016208],[2.394417,49.016563],[2.394234,49.016354],[2.393824,49.015954],[2.393379,49.015473],[2.393327,49.015243],[2.393271,49.015196],[2.393142,49.014895],[2.393096,49.014663],[2.393094,49.01439],[2.393133,49.014285],[2.393314,49.01415],[2.392356,49.014052],[2.391968,49.01405],[2.390953,49.014105],[2.390544,49.014158],[2.389944,49.014161],[2.388408,49.014101],[2.38774,49.01404],[2.387262,49.014017],[2.385218,49.014122],[2.384982,49.013388],[2.384199,49.013498],[2.384069,49.01353],[2.382821,49.013721],[2.382867,49.013886],[2.382799,49.014118],[2.382042,49.014259],[2.381997,49.014361],[2.381092,49.014297],[2.381045,49.014206],[2.379859,49.013729],[2.379728,49.013675],[2.378551,49.013437],[2.378119,49.013233],[2.377814,49.013035],[2.377044,49.012679],[2.376883,49.01265],[2.376401,49.012647],[2.374586,49.012716],[2.374285,49.012611],[2.37395,49.01263],[2.37328,49.012544],[2.372717,49.012232],[2.372524,49.012174],[2.37175,49.012173],[2.371353,49.012246],[2.370451,49.011961],[2.370108,49.011895],[2.369785,49.011923],[2.369436,49.012066],[2.369258,49.01219],[2.369018,49.012234],[2.368016,49.012259],[2.36788,49.012505],[2.367788,49.012587],[2.367363,49.012408],[2.366814,49.012073],[2.366569,49.011945],[2.366048,49.011624],[2.365813,49.01154],[2.365291,49.011437],[2.365106,49.011372],[2.36445,49.010789],[2.364092,49.01043],[2.363522,49.00974],[2.363397,49.009571],[2.363048,49.009857],[2.362633,49.010131],[2.362242,49.010429],[2.362084,49.010603],[2.361739,49.011123],[2.361699,49.011265],[2.361662,49.011844],[2.361705,49.012247],[2.36192,49.012951],[2.362111,49.013348],[2.362307,49.013646],[2.362501,49.014055],[2.362583,49.014398],[2.36258,49.014841],[2.362367,49.015337],[2.362074,49.016266],[2.362289,49.01712],[2.362507,49.017841],[2.362757,49.018401],[2.362987,49.019118],[2.363265,49.019657],[2.363402,49.019834],[2.363605,49.019997],[2.363539,49.020058],[2.364008,49.020824],[2.364072,49.021351],[2.363949,49.02188],[2.363901,49.022086],[2.363809,49.022269],[2.363829,49.022551],[2.363991,49.022907],[2.364307,49.023076],[2.364468,49.023396],[2.364943,49.024197],[2.365121,49.024402],[2.365843,49.025165],[2.366333,49.025644],[2.366411,49.025816],[2.366708,49.026166],[2.367203,49.026719],[2.367377,49.026885],[2.36769,49.027234],[2.368665,49.028275],[2.369041,49.028581],[2.370512,49.029616],[2.370787,49.029877],[2.3709,49.030118],[2.371066,49.030385],[2.371121,49.030629],[2.371106,49.03083],[2.370986,49.031021],[2.370922,49.0312],[2.370919,49.031471],[2.370996,49.031696],[2.371497,49.032964],[2.371791,49.033826],[2.371768,49.034197],[2.373148,49.03558],[2.373593,49.036668],[2.373706,49.037013],[2.373953,49.037551],[2.374666,49.037646],[2.375284,49.037782],[2.375492,49.037853],[2.37592,49.038051],[2.376198,49.038139],[2.376917,49.038437],[2.377719,49.038886],[2.378387,49.039238],[2.379059,49.039665],[2.38102,49.040892],[2.381439,49.041145],[2.382213,49.041641],[2.382495,49.041837],[2.382745,49.041977]]]}},{"type":"Feature","properties":{"nom":"Enghien-les-Bains","code":"95210","population":11432,"codeDepartement":"95"},"geometry":{"type":"Polygon","coordinates":[[[2.313005,48.962411],[2.310979,48.962155],[2.310893,48.962001],[2.31069,48.961871],[2.310371,48.961745],[2.310184,48.96195],[2.309842,48.962215],[2.30935,48.9627],[2.309127,48.963162],[2.30894,48.963509],[2.308384,48.963296],[2.307523,48.962932],[2.307136,48.96274],[2.306767,48.962997],[2.305085,48.962222],[2.30354,48.963672],[2.303105,48.964039],[2.301902,48.964942],[2.301503,48.965267],[2.301154,48.965475],[2.300497,48.965733],[2.30046,48.965699],[2.300073,48.965848],[2.29922,48.966146],[2.298876,48.966305],[2.298153,48.966655],[2.297704,48.966825],[2.297327,48.966994],[2.296527,48.967421],[2.294975,48.968004],[2.294304,48.968243],[2.293679,48.968499],[2.293064,48.968773],[2.292927,48.968988],[2.293024,48.969141],[2.293863,48.969424],[2.294216,48.969519],[2.294743,48.969563],[2.29498,48.969555],[2.294322,48.969853],[2.294149,48.96995],[2.293762,48.970232],[2.293407,48.970551],[2.293154,48.970834],[2.292966,48.971158],[2.293032,48.97141],[2.29323,48.971582],[2.293461,48.971696],[2.294045,48.971913],[2.295004,48.972174],[2.295392,48.972432],[2.295586,48.972732],[2.295649,48.973026],[2.295657,48.973362],[2.295588,48.974184],[2.295693,48.974401],[2.295858,48.974553],[2.296655,48.974766],[2.29692,48.974821],[2.297639,48.975002],[2.298268,48.975129],[2.298804,48.975204],[2.300453,48.975343],[2.301418,48.975402],[2.301314,48.97556],[2.301006,48.976138],[2.30111,48.976164],[2.301015,48.977029],[2.301571,48.977476],[2.302493,48.978274],[2.302965,48.978656],[2.303633,48.979145],[2.304138,48.979471],[2.305192,48.978637],[2.305527,48.978382],[2.306014,48.97805],[2.306796,48.977479],[2.306993,48.97736],[2.307127,48.977182],[2.308009,48.975561],[2.308316,48.975069],[2.308458,48.974891],[2.309235,48.97407],[2.309502,48.973735],[2.309915,48.973132],[2.310067,48.972939],[2.310568,48.972056],[2.310673,48.971908],[2.310572,48.971851],[2.309864,48.971242],[2.309788,48.971199],[2.309727,48.970719],[2.310072,48.97048],[2.311676,48.969394],[2.311768,48.969361],[2.312584,48.968842],[2.312983,48.968615],[2.315236,48.967133],[2.315576,48.966878],[2.316077,48.966546],[2.316395,48.966297],[2.317,48.965894],[2.316751,48.965351],[2.31623,48.964719],[2.315995,48.964252],[2.315914,48.964136],[2.314758,48.963473],[2.313097,48.9625],[2.313005,48.962411]]]}},{"type":"Feature","properties":{"nom":"Ennery","code":"95211","population":2243,"codeDepartement":"95"},"geometry":{"type":"Polygon","coordinates":[[[2.091086,49.072255],[2.089749,49.072791],[2.088331,49.073579],[2.087751,49.07346],[2.087247,49.074588],[2.087148,49.074707],[2.087112,49.074858],[2.087191,49.075374],[2.087138,49.075719],[2.087213,49.07595],[2.087188,49.076304],[2.087204,49.076592],[2.087319,49.077099],[2.087471,49.077159],[2.087117,49.07753],[2.086864,49.077658],[2.086616,49.07788],[2.08639,49.078016],[2.086227,49.07821],[2.086153,49.078401],[2.086082,49.07871],[2.086098,49.079063],[2.086377,49.080026],[2.086537,49.08038],[2.086665,49.08106],[2.086652,49.081536],[2.086705,49.081691],[2.08617,49.082363],[2.085652,49.082207],[2.085487,49.082195],[2.08424,49.083658],[2.084292,49.084211],[2.085807,49.084013],[2.086049,49.083936],[2.086205,49.084196],[2.086225,49.084675],[2.086186,49.085257],[2.086212,49.085632],[2.086626,49.086556],[2.087926,49.086129],[2.09251,49.084569],[2.098419,49.088081],[2.099373,49.088667],[2.100652,49.089417],[2.101875,49.089747],[2.103835,49.090241],[2.107617,49.091239],[2.108826,49.091563],[2.110389,49.091971],[2.112916,49.092655],[2.117135,49.093726],[2.119026,49.092842],[2.119891,49.092318],[2.118346,49.090566],[2.119681,49.089947],[2.12176,49.089007],[2.126464,49.086827],[2.126563,49.086961],[2.128523,49.086287],[2.129074,49.086781],[2.130382,49.086063],[2.129001,49.084489],[2.131208,49.083574],[2.130613,49.083178],[2.132537,49.081671],[2.132609,49.081648],[2.13364,49.080758],[2.131549,49.079975],[2.131276,49.079865],[2.131244,49.079714],[2.130147,49.079288],[2.130056,49.079384],[2.129384,49.079127],[2.12923,49.07905],[2.128322,49.078653],[2.126965,49.07795],[2.126014,49.077494],[2.125864,49.077262],[2.125729,49.076993],[2.125451,49.076219],[2.125306,49.075917],[2.12515,49.075494],[2.125062,49.074904],[2.124866,49.074436],[2.124797,49.074197],[2.124817,49.073758],[2.124966,49.073451],[2.125121,49.073339],[2.125412,49.07321],[2.125757,49.073136],[2.125834,49.073073],[2.126004,49.072778],[2.126119,49.07265],[2.125023,49.072313],[2.123951,49.07162],[2.123567,49.071591],[2.123917,49.071112],[2.124269,49.070698],[2.123923,49.070449],[2.124128,49.070292],[2.122989,49.068763],[2.122153,49.06805],[2.122313,49.067964],[2.121858,49.067543],[2.122899,49.067025],[2.122529,49.066678],[2.122143,49.066414],[2.121441,49.065964],[2.120992,49.065621],[2.1208,49.065321],[2.120669,49.06494],[2.120383,49.064699],[2.119701,49.063982],[2.118626,49.063207],[2.117788,49.06302],[2.117547,49.062879],[2.117347,49.062712],[2.117181,49.062511],[2.117274,49.06236],[2.116314,49.061744],[2.116255,49.061801],[2.116205,49.062024],[2.116052,49.062079],[2.11571,49.062523],[2.114123,49.06194],[2.113453,49.061341],[2.113634,49.061223],[2.112957,49.060551],[2.111923,49.060757],[2.110262,49.061139],[2.108802,49.061375],[2.108935,49.061152],[2.109093,49.06072],[2.109143,49.060291],[2.109138,49.060072],[2.109088,49.059899],[2.108243,49.059748],[2.107251,49.059771],[2.107064,49.059919],[2.10672,49.059909],[2.106608,49.06],[2.106235,49.060207],[2.105796,49.060197],[2.105445,49.060253],[2.105013,49.060373],[2.104758,49.060805],[2.104938,49.06114],[2.10467,49.062473],[2.104791,49.062877],[2.105064,49.062901],[2.105817,49.063189],[2.106075,49.063309],[2.106291,49.063495],[2.106437,49.063841],[2.106443,49.064046],[2.106382,49.064328],[2.106264,49.06446],[2.105627,49.065066],[2.105332,49.065133],[2.105187,49.064168],[2.103763,49.065325],[2.103334,49.066337],[2.104328,49.06715],[2.102158,49.067585],[2.101043,49.068135],[2.099661,49.069105],[2.099054,49.069738],[2.098923,49.069702],[2.098755,49.069957],[2.098723,49.070079],[2.098504,49.070265],[2.097524,49.071172],[2.097326,49.071231],[2.096493,49.071571],[2.09621,49.071804],[2.096054,49.072031],[2.095841,49.072169],[2.094131,49.072342],[2.093918,49.072723],[2.093689,49.072672],[2.093229,49.072827],[2.091566,49.073301],[2.091229,49.073175],[2.091264,49.073096],[2.091248,49.072712],[2.091086,49.072255]]]}},{"type":"Feature","properties":{"nom":"Épiais-lès-Louvres","code":"95212","population":156,"codeDepartement":"95"},"geometry":{"type":"Polygon","coordinates":[[[2.525339,49.026913],[2.525552,49.02758],[2.525564,49.027679],[2.526051,49.030112],[2.528035,49.030282],[2.528275,49.03171],[2.528801,49.0318],[2.528812,49.03248],[2.5292,49.032525],[2.529517,49.03391],[2.52962,49.033986],[2.529913,49.034093],[2.532256,49.034685],[2.532065,49.032821],[2.532003,49.032445],[2.532023,49.032345],[2.532247,49.032044],[2.53316,49.030613],[2.533383,49.030161],[2.53347,49.029856],[2.533583,49.029186],[2.535586,49.029373],[2.534958,49.031069],[2.534709,49.031361],[2.534362,49.031676],[2.534008,49.032103],[2.533803,49.032451],[2.535717,49.032956],[2.540681,49.033874],[2.543278,49.034609],[2.542679,49.03621],[2.542631,49.037606],[2.545015,49.037782],[2.546124,49.037007],[2.546945,49.036502],[2.547544,49.036111],[2.545149,49.035212],[2.545602,49.034373],[2.548483,49.035319],[2.548814,49.034954],[2.546091,49.034019],[2.547308,49.032598],[2.549975,49.033064],[2.550002,49.03292],[2.551543,49.033005],[2.551514,49.034013],[2.550061,49.034082],[2.550282,49.034433],[2.550726,49.035202],[2.553103,49.03524],[2.555559,49.03548],[2.555809,49.035007],[2.557319,49.035075],[2.556922,49.036752],[2.558641,49.037045],[2.558373,49.037518],[2.560551,49.038157],[2.560828,49.037865],[2.561045,49.03758],[2.561421,49.037673],[2.561071,49.038452],[2.563902,49.039469],[2.564288,49.039234],[2.565736,49.039899],[2.564483,49.041047],[2.56366,49.040817],[2.563298,49.041258],[2.565518,49.041991],[2.567762,49.041369],[2.567227,49.040773],[2.569329,49.039582],[2.56944,49.039521],[2.567926,49.039085],[2.568424,49.037881],[2.568693,49.037266],[2.568837,49.037283],[2.569691,49.035365],[2.568789,49.035244],[2.56879,49.035111],[2.56864,49.033823],[2.568733,49.032815],[2.567018,49.03246],[2.567054,49.032114],[2.566254,49.032104],[2.56629,49.030206],[2.565848,49.030142],[2.565939,49.029374],[2.566011,49.028592],[2.564034,49.028446],[2.564652,49.027981],[2.564642,49.027969],[2.563329,49.027821],[2.563093,49.027764],[2.562381,49.027403],[2.562161,49.027384],[2.561698,49.027182],[2.560772,49.026861],[2.560104,49.026676],[2.559502,49.026483],[2.559113,49.02624],[2.558595,49.025891],[2.558506,49.025813],[2.557114,49.025806],[2.557105,49.025693],[2.556003,49.025614],[2.552629,49.025338],[2.552474,49.025226],[2.55176,49.02496],[2.550052,49.024363],[2.549254,49.024075],[2.547533,49.023466],[2.546414,49.023094],[2.545974,49.022965],[2.545286,49.022905],[2.545263,49.022379],[2.543678,49.022375],[2.541849,49.022376],[2.541195,49.022383],[2.541191,49.023215],[2.53884,49.02342],[2.537,49.023576],[2.535697,49.023736],[2.534938,49.023835],[2.53136,49.024186],[2.531311,49.024079],[2.528827,49.024368],[2.529177,49.026741],[2.525339,49.026913]]]}},{"type":"Feature","properties":{"nom":"Épiais-Rhus","code":"95213","population":603,"codeDepartement":"95"},"geometry":{"type":"Polygon","coordinates":[[[2.092005,49.116349],[2.091117,49.115851],[2.091154,49.115549],[2.08921,49.114352],[2.088551,49.113928],[2.089775,49.113121],[2.088449,49.112266],[2.084649,49.109829],[2.083626,49.109186],[2.083379,49.109447],[2.078907,49.106507],[2.078386,49.106739],[2.077308,49.106193],[2.077294,49.106127],[2.076942,49.10543],[2.076806,49.105282],[2.076543,49.105074],[2.076852,49.104856],[2.075573,49.104336],[2.074689,49.103671],[2.074402,49.103432],[2.073803,49.102608],[2.073242,49.101756],[2.072668,49.100751],[2.072597,49.100594],[2.070804,49.100866],[2.070868,49.101182],[2.069671,49.101242],[2.068379,49.101295],[2.067967,49.101327],[2.066932,49.101348],[2.066255,49.101386],[2.065356,49.101487],[2.065482,49.1018],[2.064892,49.102018],[2.064525,49.102441],[2.064173,49.102547],[2.064563,49.1031],[2.06504,49.103525],[2.065128,49.105137],[2.064919,49.105306],[2.065006,49.10556],[2.065203,49.106641],[2.064081,49.10681],[2.063567,49.107397],[2.063481,49.108064],[2.062446,49.108123],[2.062422,49.108258],[2.061246,49.108401],[2.061294,49.10813],[2.060493,49.108225],[2.060399,49.109302],[2.060417,49.10971],[2.058609,49.110094],[2.057521,49.110229],[2.057057,49.110297],[2.05626,49.110434],[2.055698,49.110492],[2.055588,49.110482],[2.055332,49.110626],[2.05533,49.110511],[2.054411,49.110453],[2.054413,49.110328],[2.053905,49.110313],[2.054103,49.109743],[2.054122,49.109626],[2.050155,49.109329],[2.049958,49.110761],[2.049965,49.110877],[2.049776,49.112174],[2.049633,49.113092],[2.049639,49.11322],[2.049819,49.113257],[2.050605,49.113261],[2.050376,49.11555],[2.046741,49.115526],[2.047018,49.115759],[2.047316,49.116142],[2.047517,49.116519],[2.047634,49.116832],[2.047689,49.117161],[2.047652,49.117496],[2.047472,49.1179],[2.04735,49.11809],[2.047209,49.118199],[2.047408,49.119622],[2.047438,49.120228],[2.047433,49.121588],[2.049449,49.120827],[2.05022,49.121494],[2.050022,49.121904],[2.053106,49.123172],[2.052571,49.123792],[2.054145,49.124634],[2.054006,49.124827],[2.05424,49.124996],[2.057628,49.126909],[2.058184,49.127068],[2.057884,49.127288],[2.05772,49.127485],[2.058667,49.127604],[2.058881,49.127649],[2.059249,49.127776],[2.059579,49.127997],[2.059755,49.127932],[2.060585,49.129377],[2.060977,49.129218],[2.061918,49.130899],[2.062069,49.131343],[2.062368,49.131904],[2.063953,49.131448],[2.064336,49.131666],[2.063975,49.132979],[2.064665,49.133029],[2.064673,49.134386],[2.065051,49.13481],[2.065057,49.134917],[2.064982,49.135362],[2.064803,49.135675],[2.064769,49.135968],[2.064933,49.13632],[2.065193,49.136639],[2.065537,49.136946],[2.065835,49.136984],[2.065996,49.137044],[2.066048,49.137162],[2.066319,49.137599],[2.06645,49.13814],[2.066563,49.138514],[2.066272,49.138651],[2.067005,49.139881],[2.06701,49.139932],[2.067376,49.140921],[2.067423,49.141407],[2.067524,49.141718],[2.067461,49.142399],[2.06728,49.142405],[2.06717,49.142991],[2.06745,49.143053],[2.067287,49.143125],[2.067317,49.143368],[2.067653,49.14327],[2.068938,49.143577],[2.069311,49.143653],[2.069657,49.14377],[2.070427,49.144102],[2.071248,49.144145],[2.072547,49.144009],[2.07266,49.144664],[2.073879,49.144967],[2.073933,49.144788],[2.074303,49.14494],[2.07573,49.145737],[2.075731,49.145846],[2.076524,49.145637],[2.077715,49.145499],[2.077919,49.145217],[2.078482,49.145308],[2.078967,49.145296],[2.079138,49.145337],[2.079821,49.145371],[2.079989,49.145349],[2.080305,49.145621],[2.080576,49.145494],[2.080196,49.146116],[2.080007,49.146341],[2.079971,49.146594],[2.080269,49.147024],[2.081532,49.147848],[2.083106,49.14772],[2.083323,49.147726],[2.084333,49.14769],[2.08437,49.147772],[2.084567,49.148661],[2.084849,49.148678],[2.084709,49.1493],[2.085863,49.14909],[2.087245,49.148647],[2.087369,49.14879],[2.087559,49.148755],[2.087629,49.148906],[2.088068,49.148824],[2.087804,49.147927],[2.089691,49.147607],[2.089414,49.146851],[2.089818,49.146809],[2.090226,49.1468],[2.090906,49.146745],[2.090826,49.145842],[2.091855,49.145808],[2.091207,49.14521],[2.091114,49.145101],[2.091398,49.143694],[2.091231,49.1431],[2.090861,49.14319],[2.089975,49.143305],[2.089493,49.143339],[2.089399,49.142845],[2.088944,49.142862],[2.088721,49.141847],[2.085504,49.142086],[2.085423,49.139977],[2.085472,49.138921],[2.088278,49.138332],[2.088091,49.13773],[2.089841,49.137468],[2.089253,49.13574],[2.089093,49.135009],[2.089344,49.134711],[2.088629,49.13153],[2.088448,49.131566],[2.08837,49.131324],[2.08976,49.131132],[2.089491,49.130743],[2.089407,49.130571],[2.08909,49.130052],[2.088776,49.129652],[2.088579,49.129316],[2.089596,49.128985],[2.08952,49.12888],[2.091311,49.128507],[2.091609,49.129012],[2.092397,49.12859],[2.092677,49.128227],[2.093298,49.128073],[2.092955,49.127695],[2.092702,49.126894],[2.092844,49.126911],[2.093432,49.126892],[2.093305,49.124611],[2.093254,49.123953],[2.093017,49.122148],[2.093029,49.121938],[2.092963,49.121379],[2.092897,49.120664],[2.093014,49.120475],[2.093295,49.120317],[2.093278,49.12023],[2.093562,49.119953],[2.093827,49.118918],[2.093445,49.117772],[2.092227,49.116608],[2.092005,49.116349]]]}},{"type":"Feature","properties":{"nom":"Épinay-Champlâtreux","code":"95214","population":57,"codeDepartement":"95"},"geometry":{"type":"Polygon","coordinates":[[[2.422935,49.086995],[2.42259,49.086887],[2.421961,49.086774],[2.422029,49.083808],[2.420741,49.083731],[2.420596,49.08364],[2.419842,49.083587],[2.418719,49.083526],[2.418713,49.082997],[2.418072,49.083031],[2.416917,49.082325],[2.416822,49.081302],[2.415673,49.081344],[2.415098,49.0802],[2.413396,49.080357],[2.41273,49.080439],[2.412295,49.080478],[2.412235,49.08038],[2.410923,49.080766],[2.408191,49.081584],[2.405146,49.082482],[2.404804,49.082582],[2.401424,49.082978],[2.397997,49.085557],[2.3966,49.086636],[2.396202,49.086686],[2.39562,49.086987],[2.394892,49.087309],[2.393903,49.087785],[2.39308,49.088199],[2.391933,49.088631],[2.391124,49.088881],[2.390323,49.089115],[2.391707,49.090732],[2.39042,49.090654],[2.388507,49.090529],[2.388035,49.090488],[2.388141,49.090712],[2.388321,49.091452],[2.388424,49.091752],[2.388689,49.092672],[2.388921,49.093303],[2.389134,49.093793],[2.389391,49.094285],[2.38989,49.095051],[2.390165,49.095415],[2.390408,49.095699],[2.390962,49.096214],[2.391686,49.096826],[2.39198,49.097087],[2.392246,49.097293],[2.392596,49.097503],[2.392976,49.097802],[2.393557,49.098087],[2.394447,49.09912],[2.394632,49.099839],[2.397954,49.10141],[2.398159,49.10141],[2.400697,49.100275],[2.401798,49.099702],[2.406159,49.097766],[2.406296,49.097766],[2.407323,49.098395],[2.407597,49.098394],[2.408691,49.097765],[2.409336,49.09786],[2.410402,49.09821],[2.411198,49.098435],[2.412376,49.098606],[2.412988,49.098874],[2.413223,49.098936],[2.413482,49.098885],[2.413775,49.098162],[2.414163,49.097357],[2.414299,49.096593],[2.414791,49.096233],[2.414722,49.096009],[2.41423,49.095694],[2.412929,49.09547],[2.41245,49.095471],[2.412203,49.095594],[2.411902,49.095561],[2.410714,49.09495],[2.408275,49.093896],[2.407179,49.093497],[2.407039,49.092568],[2.406972,49.09205],[2.408931,49.091964],[2.40905,49.092323],[2.411689,49.091967],[2.412694,49.091906],[2.413152,49.091975],[2.41402,49.092209],[2.415374,49.092835],[2.416685,49.093786],[2.41716,49.093634],[2.417196,49.093371],[2.417931,49.093824],[2.419472,49.093698],[2.420076,49.093623],[2.42071,49.093563],[2.425261,49.093059],[2.425937,49.093161],[2.426212,49.093117],[2.425935,49.091858],[2.425364,49.091652],[2.425093,49.091242],[2.424229,49.090046],[2.423972,49.089771],[2.423432,49.089361],[2.42325,49.089171],[2.422991,49.0887],[2.422876,49.088349],[2.422823,49.087874],[2.422837,49.087593],[2.422894,49.08714],[2.422935,49.086995]]]}},{"type":"Feature","properties":{"nom":"Éragny-sur-Oise","code":"95218","population":18436,"codeDepartement":"95"},"geometry":{"type":"Polygon","coordinates":[[[2.11606,49.023163],[2.117023,49.021918],[2.117246,49.022084],[2.117272,49.021905],[2.119098,49.02148],[2.119229,49.021267],[2.120537,49.019829],[2.120685,49.019632],[2.120776,49.019429],[2.120469,49.018669],[2.120986,49.018101],[2.120706,49.017891],[2.120405,49.017579],[2.119966,49.01722],[2.119489,49.016897],[2.118634,49.016257],[2.118145,49.015855],[2.117697,49.015545],[2.117458,49.015333],[2.116955,49.014962],[2.116405,49.014535],[2.115871,49.014176],[2.115449,49.013858],[2.114395,49.013027],[2.113197,49.01212],[2.112597,49.011746],[2.111809,49.011237],[2.111149,49.010761],[2.110799,49.010487],[2.110594,49.010351],[2.110584,49.009885],[2.110554,49.00957],[2.110504,49.009377],[2.110232,49.008735],[2.106786,49.009309],[2.105446,49.009558],[2.104411,49.00984],[2.104029,49.00993],[2.103176,49.010163],[2.102014,49.010463],[2.101593,49.010553],[2.099835,49.010829],[2.09931,49.010917],[2.097558,49.01131],[2.096777,49.011537],[2.096278,49.01172],[2.095705,49.011877],[2.094648,49.012119],[2.094002,49.012277],[2.093155,49.012468],[2.092734,49.012551],[2.0924,49.012662],[2.091833,49.012795],[2.09078,49.013087],[2.089926,49.013332],[2.089822,49.013337],[2.089512,49.013444],[2.088403,49.013716],[2.087874,49.013862],[2.087131,49.014045],[2.084862,49.014552],[2.083575,49.014906],[2.083191,49.014994],[2.08201,49.015288],[2.081287,49.015511],[2.079524,49.016187],[2.079442,49.016296],[2.079832,49.016527],[2.080136,49.016679],[2.080523,49.01695],[2.080663,49.017175],[2.080821,49.017528],[2.080976,49.018012],[2.080885,49.018538],[2.080872,49.018999],[2.082017,49.019194],[2.082749,49.019336],[2.085576,49.019849],[2.086444,49.020141],[2.087858,49.020786],[2.088592,49.021241],[2.089151,49.02181],[2.089464,49.022261],[2.090295,49.023375],[2.090818,49.024275],[2.091021,49.024702],[2.091907,49.026429],[2.092407,49.028215],[2.093069,49.030299],[2.093717,49.032209],[2.094164,49.033452],[2.094337,49.033836],[2.095188,49.035394],[2.095569,49.036032],[2.096076,49.035886],[2.096549,49.035833],[2.097701,49.035622],[2.098674,49.035208],[2.100627,49.034431],[2.100723,49.034401],[2.103716,49.033254],[2.10443,49.031741],[2.107234,49.030613],[2.107277,49.030395],[2.107139,49.030117],[2.107277,49.028998],[2.107344,49.029021],[2.108359,49.02842],[2.108654,49.028449],[2.108872,49.028408],[2.109163,49.028259],[2.11033,49.027521],[2.113785,49.025469],[2.11606,49.023163]]]}},{"type":"Feature","properties":{"nom":"Ermont","code":"95219","population":29489,"codeDepartement":"95"},"geometry":{"type":"Polygon","coordinates":[[[2.273843,48.976779],[2.273661,48.976592],[2.273392,48.976675],[2.273111,48.976768],[2.272628,48.976893],[2.272001,48.977025],[2.271759,48.97705],[2.271292,48.97705],[2.270561,48.976918],[2.270314,48.977185],[2.267625,48.976745],[2.267648,48.976669],[2.267505,48.976477],[2.266889,48.976323],[2.266511,48.976309],[2.265448,48.976438],[2.26401,48.976599],[2.263311,48.976667],[2.263121,48.976742],[2.262368,48.976977],[2.261777,48.977131],[2.261476,48.97724],[2.260889,48.977505],[2.260033,48.977858],[2.259864,48.977948],[2.25821,48.97867],[2.257823,48.978769],[2.256521,48.978871],[2.256219,48.978886],[2.256192,48.978316],[2.254569,48.978467],[2.252688,48.978845],[2.250787,48.979209],[2.250227,48.979237],[2.249145,48.979372],[2.248255,48.979565],[2.247895,48.979631],[2.246833,48.979864],[2.246759,48.979704],[2.245437,48.980048],[2.245685,48.980276],[2.24621,48.980934],[2.246273,48.981205],[2.243313,48.981707],[2.242789,48.982329],[2.24292,48.98296],[2.243085,48.983291],[2.2432,48.983666],[2.242795,48.983572],[2.244092,48.986316],[2.243797,48.988325],[2.243733,48.988736],[2.243623,48.989765],[2.243588,48.989999],[2.243564,48.990455],[2.243216,48.990547],[2.243547,48.991246],[2.243262,48.991333],[2.242485,48.991513],[2.242978,48.992096],[2.242082,48.992442],[2.243688,48.994216],[2.248466,48.999134],[2.249127,48.999737],[2.249428,48.999982],[2.250372,49.000696],[2.250627,49.000803],[2.250945,49.000924],[2.251291,49.001118],[2.252207,49.001853],[2.25249,49.001808],[2.253271,49.001623],[2.254695,49.000969],[2.255519,49.000565],[2.256129,49.000253],[2.256446,48.999888],[2.256923,48.999857],[2.257197,48.999813],[2.258238,48.999605],[2.258508,48.999495],[2.258733,48.999476],[2.260803,48.998909],[2.261518,48.99874],[2.262501,48.998421],[2.263362,48.998127],[2.265188,48.997556],[2.264623,48.996863],[2.264141,48.996251],[2.265222,48.995857],[2.26477,48.995309],[2.265073,48.995216],[2.264892,48.994848],[2.265009,48.994821],[2.264855,48.994495],[2.265362,48.994395],[2.265204,48.99397],[2.265566,48.993897],[2.265251,48.993178],[2.266562,48.992758],[2.266847,48.992607],[2.266601,48.992288],[2.265708,48.991093],[2.26698,48.990595],[2.266319,48.989434],[2.266319,48.989358],[2.266133,48.989123],[2.266032,48.989159],[2.265351,48.988287],[2.265235,48.988323],[2.264532,48.987421],[2.264475,48.987381],[2.265007,48.987209],[2.265653,48.986975],[2.268772,48.98582],[2.271634,48.9849],[2.272428,48.984639],[2.272099,48.983752],[2.271753,48.982854],[2.271482,48.982376],[2.271063,48.981747],[2.271711,48.981066],[2.271678,48.98104],[2.272137,48.980351],[2.272932,48.978914],[2.273533,48.97822],[2.273716,48.978037],[2.273297,48.977728],[2.273056,48.977503],[2.272778,48.97713],[2.273291,48.977012],[2.273843,48.976779]]]}},{"type":"Feature","properties":{"nom":"Ézanville","code":"95229","population":9858,"codeDepartement":"95"},"geometry":{"type":"Polygon","coordinates":[[[2.369657,49.054563],[2.372872,49.051588],[2.374482,49.050028],[2.375778,49.048783],[2.379881,49.046685],[2.379565,49.046462],[2.379422,49.04623],[2.378953,49.045183],[2.378744,49.044771],[2.378703,49.04449],[2.378817,49.044129],[2.378768,49.043899],[2.378399,49.043149],[2.378126,49.042546],[2.37795,49.04209],[2.378116,49.04201],[2.379494,49.041768],[2.380002,49.041706],[2.380294,49.041702],[2.381492,49.041876],[2.38231,49.042006],[2.383073,49.042149],[2.382745,49.041977],[2.382495,49.041837],[2.382213,49.041641],[2.381439,49.041145],[2.38102,49.040892],[2.379059,49.039665],[2.378387,49.039238],[2.377719,49.038886],[2.376917,49.038437],[2.376198,49.038139],[2.37592,49.038051],[2.375492,49.037853],[2.375284,49.037782],[2.374666,49.037646],[2.373953,49.037551],[2.373706,49.037013],[2.373593,49.036668],[2.373148,49.03558],[2.371768,49.034197],[2.371791,49.033826],[2.371497,49.032964],[2.370996,49.031696],[2.370919,49.031471],[2.370922,49.0312],[2.370986,49.031021],[2.371106,49.03083],[2.371121,49.030629],[2.371066,49.030385],[2.3709,49.030118],[2.370787,49.029877],[2.370512,49.029616],[2.369041,49.028581],[2.368665,49.028275],[2.36769,49.027234],[2.367377,49.026885],[2.367203,49.026719],[2.366708,49.026166],[2.366411,49.025816],[2.366333,49.025644],[2.365843,49.025165],[2.365121,49.024402],[2.364943,49.024197],[2.364468,49.023396],[2.364307,49.023076],[2.363991,49.022907],[2.363829,49.022551],[2.363809,49.022269],[2.363901,49.022086],[2.363949,49.02188],[2.36257,49.022413],[2.362409,49.022493],[2.362149,49.022689],[2.361302,49.023167],[2.360745,49.023502],[2.360225,49.023758],[2.35986,49.023861],[2.359646,49.023894],[2.359508,49.024082],[2.359189,49.024271],[2.359051,49.024648],[2.358966,49.024786],[2.358834,49.024892],[2.357911,49.025063],[2.358807,49.025372],[2.358463,49.02555],[2.358082,49.02566],[2.357705,49.025707],[2.357255,49.025831],[2.356953,49.025953],[2.356466,49.026243],[2.355983,49.026636],[2.35541,49.026761],[2.35489,49.026779],[2.353746,49.028177],[2.353724,49.02819],[2.353182,49.029204],[2.353058,49.0294],[2.352752,49.029695],[2.352344,49.030056],[2.351656,49.030607],[2.350672,49.031238],[2.350433,49.031401],[2.349732,49.031827],[2.349227,49.032148],[2.348195,49.032655],[2.346663,49.033339],[2.346437,49.032597],[2.346185,49.032674],[2.345654,49.032879],[2.345939,49.033871],[2.345149,49.033723],[2.344736,49.033687],[2.344632,49.033706],[2.343256,49.034071],[2.342602,49.034031],[2.34203,49.033945],[2.341989,49.03401],[2.341598,49.035036],[2.341257,49.035833],[2.34109,49.036306],[2.340868,49.03682],[2.340242,49.038416],[2.34359,49.039765],[2.344418,49.040151],[2.347073,49.041997],[2.348027,49.041579],[2.348569,49.041267],[2.349734,49.040482],[2.350149,49.040748],[2.350845,49.041156],[2.352687,49.04273],[2.351675,49.044851],[2.363772,49.049669],[2.364064,49.050031],[2.366389,49.052863],[2.367695,49.054437],[2.368352,49.054451],[2.369657,49.054563]]]}},{"type":"Feature","properties":{"nom":"Fontenay-en-Parisis","code":"95241","population":2219,"codeDepartement":"95"},"geometry":{"type":"Polygon","coordinates":[[[2.418398,49.046491],[2.419966,49.047411],[2.41626,49.050008],[2.414309,49.051468],[2.41125,49.053283],[2.412354,49.054874],[2.413258,49.056195],[2.414683,49.056069],[2.415563,49.056044],[2.415619,49.057727],[2.419471,49.057695],[2.423576,49.05765],[2.42369,49.058479],[2.428962,49.060463],[2.43454,49.062586],[2.436601,49.065065],[2.43743,49.066098],[2.437492,49.066211],[2.438927,49.067896],[2.439724,49.067751],[2.440213,49.067684],[2.441346,49.067624],[2.443157,49.067539],[2.443756,49.067467],[2.444617,49.067279],[2.446021,49.066955],[2.445398,49.065784],[2.445166,49.065447],[2.448323,49.064407],[2.447399,49.063445],[2.448562,49.063089],[2.450103,49.062642],[2.449767,49.061996],[2.450379,49.061808],[2.451744,49.061369],[2.452441,49.061127],[2.452341,49.060548],[2.454246,49.060186],[2.45498,49.060039],[2.457125,49.059704],[2.459267,49.059171],[2.459808,49.059064],[2.460955,49.058768],[2.461274,49.058997],[2.462028,49.059459],[2.462453,49.059701],[2.462864,49.059885],[2.463332,49.060159],[2.463758,49.06047],[2.469986,49.057723],[2.469797,49.057511],[2.470186,49.057333],[2.471542,49.056621],[2.473004,49.055991],[2.473325,49.055886],[2.473646,49.055818],[2.474043,49.055765],[2.474727,49.055697],[2.475555,49.055638],[2.476647,49.055596],[2.481334,49.055368],[2.481685,49.055344],[2.481885,49.054037],[2.482153,49.052279],[2.482316,49.05225],[2.482344,49.050564],[2.482159,49.050606],[2.478606,49.04531],[2.475217,49.043597],[2.474118,49.042216],[2.474277,49.04188],[2.474127,49.041688],[2.474002,49.041629],[2.473909,49.041596],[2.473672,49.041669],[2.473057,49.042024],[2.472708,49.042307],[2.472014,49.042744],[2.471641,49.042352],[2.471216,49.042001],[2.470989,49.041963],[2.470617,49.042015],[2.470163,49.042141],[2.469921,49.042082],[2.469235,49.042289],[2.468714,49.042564],[2.468961,49.04274],[2.468705,49.042904],[2.46825,49.043306],[2.467966,49.04347],[2.467734,49.043546],[2.4674,49.043419],[2.467103,49.043498],[2.465992,49.043878],[2.465609,49.044072],[2.465085,49.04431],[2.46457,49.044517],[2.464476,49.04448],[2.464038,49.044785],[2.463861,49.044846],[2.463209,49.044876],[2.462652,49.044853],[2.461199,49.044752],[2.460801,49.044796],[2.460304,49.044759],[2.460058,49.044702],[2.459673,49.044534],[2.459816,49.044424],[2.459901,49.044292],[2.461197,49.043346],[2.461507,49.043082],[2.46124,49.042909],[2.460809,49.042597],[2.460273,49.04223],[2.459105,49.041446],[2.458358,49.040918],[2.45798,49.040668],[2.458552,49.040307],[2.459347,49.039836],[2.459583,49.039672],[2.459706,49.039538],[2.45774,49.038821],[2.45737,49.038698],[2.456417,49.038412],[2.455998,49.038271],[2.45567,49.038595],[2.45464,49.038126],[2.453851,49.038831],[2.453665,49.039015],[2.453299,49.038894],[2.452468,49.038584],[2.452209,49.038515],[2.450598,49.038407],[2.449817,49.038371],[2.449485,49.038338],[2.448856,49.038313],[2.448344,49.038272],[2.447186,49.037996],[2.446759,49.037876],[2.447092,49.037412],[2.446439,49.037129],[2.444068,49.036015],[2.441944,49.034991],[2.441056,49.034549],[2.441019,49.032108],[2.441019,49.031113],[2.440991,49.028937],[2.440452,49.028902],[2.438787,49.028866],[2.438073,49.02889],[2.437518,49.028894],[2.436987,49.028879],[2.436191,49.028816],[2.435125,49.028719],[2.43496,49.028731],[2.434842,49.028856],[2.434731,49.029165],[2.434569,49.02947],[2.434422,49.029644],[2.434251,49.029772],[2.435038,49.030723],[2.436062,49.033536],[2.435829,49.0337],[2.434927,49.03424],[2.434482,49.034519],[2.433791,49.034836],[2.433055,49.035221],[2.4325,49.035491],[2.432294,49.035623],[2.431299,49.036494],[2.430597,49.03709],[2.430448,49.037276],[2.427994,49.038742],[2.427777,49.038887],[2.424918,49.040515],[2.423535,49.041278],[2.422513,49.041794],[2.422271,49.041939],[2.422243,49.042193],[2.422193,49.042296],[2.421972,49.042568],[2.421378,49.043112],[2.420479,49.044004],[2.419977,49.044465],[2.419487,49.045003],[2.419308,49.045221],[2.418887,49.045784],[2.418398,49.046491]]]}},{"type":"Feature","properties":{"nom":"Fosses","code":"95250","population":10570,"codeDepartement":"95"},"geometry":{"type":"Polygon","coordinates":[[[2.48409,49.107008],[2.484634,49.106996],[2.48645,49.106833],[2.488208,49.106652],[2.489079,49.106508],[2.489877,49.106317],[2.490068,49.106246],[2.491012,49.106145],[2.491652,49.106026],[2.493842,49.105515],[2.494919,49.105425],[2.495583,49.105382],[2.496651,49.105203],[2.49807,49.105072],[2.498992,49.104909],[2.499061,49.104838],[2.499085,49.104479],[2.500067,49.104483],[2.502656,49.104092],[2.503903,49.103899],[2.504651,49.103813],[2.505049,49.103755],[2.506127,49.103732],[2.507073,49.103842],[2.507822,49.103626],[2.508095,49.103581],[2.508788,49.103535],[2.509805,49.103585],[2.510046,49.103723],[2.510387,49.104295],[2.511632,49.104051],[2.512867,49.103767],[2.514181,49.103485],[2.514833,49.103351],[2.51583,49.103091],[2.516247,49.10293],[2.517108,49.10274],[2.517812,49.102573],[2.520145,49.102003],[2.52133,49.101752],[2.52335,49.101371],[2.525118,49.101021],[2.525457,49.100929],[2.52678,49.100876],[2.526986,49.100848],[2.527298,49.100754],[2.528213,49.100401],[2.529788,49.099919],[2.531263,49.099458],[2.531102,49.097546],[2.530926,49.095842],[2.529878,49.096179],[2.528307,49.09649],[2.52624,49.097642],[2.524739,49.098022],[2.524567,49.098067],[2.524355,49.098039],[2.522939,49.098119],[2.5212,49.098252],[2.520963,49.098292],[2.520774,49.098402],[2.519689,49.09788],[2.518918,49.097546],[2.517553,49.097082],[2.516808,49.096814],[2.514605,49.096088],[2.51401,49.095905],[2.511888,49.095477],[2.510514,49.095216],[2.509992,49.095144],[2.507169,49.09489],[2.506784,49.094865],[2.504558,49.094682],[2.503396,49.09457],[2.502881,49.09451],[2.500892,49.094251],[2.500403,49.094182],[2.500042,49.094162],[2.499201,49.094196],[2.499357,49.093588],[2.49896,49.093566],[2.498349,49.093633],[2.497242,49.094141],[2.497093,49.093864],[2.496859,49.093917],[2.496569,49.094085],[2.496301,49.094162],[2.496019,49.094281],[2.495706,49.094491],[2.49555,49.094514],[2.495339,49.094424],[2.495136,49.094399],[2.494322,49.094391],[2.493645,49.094473],[2.493499,49.094638],[2.492945,49.094746],[2.492677,49.094898],[2.492468,49.094921],[2.492282,49.095056],[2.492133,49.095087],[2.49191,49.095203],[2.491664,49.095241],[2.490656,49.095142],[2.490044,49.095013],[2.489963,49.094933],[2.489757,49.094958],[2.489296,49.094882],[2.488543,49.094613],[2.487907,49.094448],[2.487666,49.094308],[2.48728,49.094249],[2.487144,49.094332],[2.486833,49.094335],[2.485758,49.094489],[2.485634,49.094489],[2.485222,49.094311],[2.485041,49.094342],[2.484657,49.094331],[2.484148,49.094351],[2.483853,49.094388],[2.483818,49.094495],[2.483448,49.09454],[2.482871,49.094574],[2.482642,49.094497],[2.482172,49.094499],[2.481079,49.09469],[2.48092,49.094591],[2.480748,49.09455],[2.480515,49.094643],[2.48038,49.094635],[2.480269,49.094478],[2.480301,49.094359],[2.480124,49.094358],[2.479747,49.094256],[2.479461,49.094101],[2.479266,49.094049],[2.479227,49.094129],[2.478545,49.094099],[2.478253,49.094246],[2.478209,49.095768],[2.477816,49.095796],[2.477816,49.096042],[2.477979,49.09652],[2.478111,49.096971],[2.478341,49.09695],[2.478394,49.097176],[2.477436,49.097227],[2.477939,49.098248],[2.478274,49.099029],[2.478424,49.099469],[2.478505,49.099633],[2.478702,49.100174],[2.478349,49.100217],[2.478161,49.100279],[2.478944,49.102372],[2.479625,49.103655],[2.47972,49.104002],[2.479787,49.104437],[2.479928,49.105042],[2.480286,49.106234],[2.481749,49.106439],[2.483212,49.106704],[2.484011,49.106878],[2.48409,49.107008]]]}},{"type":"Feature","properties":{"nom":"Franconville","code":"95252","population":37754,"codeDepartement":"95"},"geometry":{"type":"Polygon","coordinates":[[[2.214997,49.003534],[2.217157,49.002829],[2.217758,49.002645],[2.220986,49.001587],[2.222593,49.001065],[2.225143,49.000247],[2.225775,49.00004],[2.226259,48.999859],[2.226559,48.999717],[2.227567,48.999297],[2.228356,48.998991],[2.229499,48.998626],[2.23135,48.998093],[2.233602,48.997457],[2.234372,48.997232],[2.235146,48.996992],[2.236171,48.996691],[2.237032,48.996426],[2.237717,48.996205],[2.238433,48.995953],[2.240556,48.995254],[2.242337,48.994657],[2.243688,48.994216],[2.242082,48.992442],[2.242978,48.992096],[2.242485,48.991513],[2.243262,48.991333],[2.243547,48.991246],[2.243216,48.990547],[2.243564,48.990455],[2.243588,48.989999],[2.243623,48.989765],[2.243733,48.988736],[2.243797,48.988325],[2.244092,48.986316],[2.242795,48.983572],[2.240486,48.98371],[2.240381,48.983737],[2.239129,48.983782],[2.238167,48.98398],[2.237293,48.98415],[2.237166,48.984161],[2.236154,48.984113],[2.235957,48.98345],[2.235609,48.98244],[2.235489,48.981838],[2.23556,48.981238],[2.235554,48.980907],[2.235476,48.980591],[2.235233,48.980342],[2.235002,48.980229],[2.235751,48.979937],[2.23592,48.979615],[2.236192,48.979321],[2.237246,48.978996],[2.237034,48.978638],[2.236914,48.978386],[2.236806,48.97793],[2.236753,48.977394],[2.236631,48.97676],[2.236509,48.975742],[2.236492,48.974696],[2.236477,48.974344],[2.236557,48.97381],[2.236104,48.973757],[2.235608,48.97375],[2.235154,48.973706],[2.233832,48.973523],[2.233702,48.973485],[2.233301,48.973444],[2.232885,48.973365],[2.232186,48.973297],[2.231757,48.973074],[2.230819,48.97276],[2.230062,48.972568],[2.229941,48.972511],[2.2293,48.97229],[2.228925,48.972763],[2.228758,48.972877],[2.228662,48.972999],[2.22831,48.973294],[2.228073,48.973368],[2.227837,48.9734],[2.227626,48.973355],[2.22746,48.973398],[2.227389,48.973532],[2.226994,48.97373],[2.226513,48.973879],[2.225963,48.973553],[2.225606,48.97338],[2.225221,48.973591],[2.224927,48.973804],[2.224629,48.973982],[2.224325,48.974088],[2.224125,48.974357],[2.223917,48.974711],[2.223565,48.974975],[2.223707,48.975123],[2.22283,48.975494],[2.222712,48.975198],[2.221937,48.975593],[2.220867,48.975415],[2.220213,48.975516],[2.219242,48.976005],[2.218894,48.976201],[2.219302,48.976997],[2.2196,48.976939],[2.219642,48.977113],[2.219819,48.977509],[2.219011,48.977658],[2.218908,48.977807],[2.218789,48.977882],[2.218494,48.977919],[2.218578,48.978728],[2.218933,48.978683],[2.218878,48.978853],[2.219417,48.97911],[2.219129,48.979236],[2.218738,48.979447],[2.218082,48.979839],[2.217812,48.980018],[2.217329,48.980146],[2.216914,48.980302],[2.216433,48.980568],[2.216214,48.980717],[2.215937,48.980862],[2.215049,48.981186],[2.214064,48.981468],[2.213265,48.98171],[2.212295,48.981818],[2.211621,48.981936],[2.210912,48.98209],[2.211307,48.982361],[2.210542,48.982618],[2.210744,48.982848],[2.20998,48.983213],[2.209522,48.982539],[2.208804,48.982887],[2.207589,48.983285],[2.206284,48.983648],[2.2046,48.984057],[2.20375,48.984198],[2.203315,48.984231],[2.203225,48.984395],[2.203233,48.984588],[2.203089,48.98481],[2.202917,48.985213],[2.203,48.985419],[2.203023,48.985634],[2.203192,48.985745],[2.203279,48.985902],[2.203369,48.985912],[2.203576,48.986049],[2.203717,48.986303],[2.203839,48.986405],[2.203887,48.9868],[2.203883,48.986968],[2.203929,48.987295],[2.20389,48.987503],[2.204041,48.988444],[2.204057,48.98872],[2.204359,48.98928],[2.204444,48.989629],[2.204481,48.989788],[2.204637,48.989981],[2.204903,48.990163],[2.206069,48.991107],[2.206756,48.991757],[2.207071,48.992172],[2.207433,48.992875],[2.20795,48.993654],[2.20825,48.994457],[2.208138,48.994543],[2.208119,48.994673],[2.208324,48.995168],[2.208532,48.995946],[2.208672,48.996224],[2.208969,48.996926],[2.209229,48.997307],[2.209857,48.998062],[2.210275,48.998486],[2.210471,48.998724],[2.211356,48.99966],[2.211808,49.000157],[2.212849,49.001275],[2.213243,49.001688],[2.213912,49.002387],[2.214483,49.002927],[2.214918,49.00342],[2.214997,49.003534]]]}},{"type":"Feature","properties":{"nom":"Frémainville","code":"95253","population":507,"codeDepartement":"95"},"geometry":{"type":"Polygon","coordinates":[[[1.890592,49.071874],[1.891056,49.071412],[1.890808,49.071203],[1.893865,49.069719],[1.89406,49.069951],[1.896475,49.068756],[1.894745,49.067095],[1.896252,49.066299],[1.893523,49.064157],[1.893937,49.063851],[1.888896,49.061541],[1.88806,49.061859],[1.887359,49.061345],[1.886502,49.060731],[1.886324,49.060594],[1.885142,49.059748],[1.884577,49.059331],[1.884029,49.058948],[1.883923,49.058917],[1.883468,49.059206],[1.883082,49.059489],[1.882398,49.059902],[1.881763,49.060247],[1.88116,49.06041],[1.880948,49.060485],[1.880462,49.060112],[1.878008,49.058205],[1.879157,49.057757],[1.876295,49.05548],[1.875008,49.055998],[1.874983,49.055755],[1.87271,49.05564],[1.872429,49.056111],[1.869301,49.053974],[1.869245,49.05404],[1.86922,49.054434],[1.869171,49.054804],[1.868837,49.054814],[1.867964,49.05478],[1.867968,49.054844],[1.867526,49.054827],[1.867527,49.055281],[1.867597,49.055742],[1.867677,49.056091],[1.8677,49.05655],[1.867142,49.056679],[1.867226,49.056869],[1.86724,49.05705],[1.867054,49.057233],[1.866656,49.057361],[1.866443,49.057334],[1.865855,49.057373],[1.865062,49.057489],[1.864543,49.057629],[1.864158,49.057795],[1.863957,49.057959],[1.863481,49.058393],[1.863381,49.058518],[1.86297,49.058797],[1.862409,49.059215],[1.862253,49.059228],[1.861934,49.059072],[1.86178,49.059081],[1.861157,49.059237],[1.860886,49.059286],[1.860542,49.059391],[1.859826,49.059582],[1.859371,49.05973],[1.859148,49.059784],[1.858444,49.060014],[1.857732,49.060334],[1.856846,49.060821],[1.856786,49.060867],[1.855413,49.061129],[1.855725,49.061438],[1.855375,49.061631],[1.855076,49.061846],[1.854445,49.062109],[1.853939,49.062259],[1.853324,49.062418],[1.851546,49.062839],[1.850452,49.062155],[1.848957,49.06247],[1.848898,49.06188],[1.847365,49.062035],[1.846359,49.061241],[1.844974,49.062134],[1.844691,49.06243],[1.844517,49.062712],[1.844273,49.063236],[1.844047,49.063294],[1.843597,49.063465],[1.843263,49.063572],[1.842859,49.063668],[1.842728,49.063727],[1.842182,49.064075],[1.841915,49.064266],[1.841669,49.064386],[1.840917,49.064598],[1.841349,49.065301],[1.841174,49.066017],[1.840571,49.06934],[1.841525,49.069063],[1.841773,49.069016],[1.843277,49.069077],[1.843731,49.069067],[1.844534,49.069259],[1.84555,49.068974],[1.848371,49.06822],[1.849422,49.067932],[1.851837,49.06831],[1.851897,49.068335],[1.852239,49.068899],[1.852702,49.068746],[1.854045,49.07132],[1.854244,49.071665],[1.854994,49.071391],[1.855685,49.071196],[1.855866,49.071332],[1.857025,49.07196],[1.857469,49.072175],[1.857465,49.072351],[1.857935,49.072455],[1.859076,49.072665],[1.85952,49.07278],[1.86135,49.073064],[1.862558,49.073275],[1.862668,49.07328],[1.863591,49.073465],[1.863671,49.073509],[1.864072,49.073592],[1.863764,49.07427],[1.86371,49.074425],[1.863475,49.074853],[1.863366,49.075152],[1.863098,49.0755],[1.86276,49.075819],[1.863189,49.076145],[1.863585,49.076391],[1.863944,49.07666],[1.864828,49.077269],[1.866753,49.076841],[1.867825,49.076611],[1.868134,49.076553],[1.86839,49.077034],[1.868474,49.077151],[1.869285,49.077819],[1.870723,49.078658],[1.871032,49.07843],[1.871206,49.078152],[1.871293,49.077804],[1.871298,49.077576],[1.871592,49.077093],[1.872316,49.076169],[1.873031,49.076083],[1.874087,49.076],[1.87537,49.075889],[1.875566,49.074742],[1.877234,49.074244],[1.879804,49.073464],[1.881638,49.072917],[1.882269,49.07346],[1.883953,49.074856],[1.888194,49.072575],[1.890156,49.071534],[1.890592,49.071874]]]}},{"type":"Feature","properties":{"nom":"Frémécourt","code":"95254","population":526,"codeDepartement":"95"},"geometry":{"type":"Polygon","coordinates":[[[1.991357,49.1082],[1.989922,49.108766],[1.989087,49.109354],[1.990061,49.109638],[1.990529,49.109929],[1.989843,49.110475],[1.987272,49.112541],[1.98665,49.113035],[1.986127,49.113435],[1.984997,49.114383],[1.983977,49.115213],[1.982775,49.116176],[1.981881,49.116882],[1.981708,49.116999],[1.981726,49.117327],[1.978505,49.120473],[1.979061,49.12131],[1.978368,49.121615],[1.977928,49.121871],[1.977645,49.122006],[1.977093,49.122324],[1.976656,49.123498],[1.975984,49.123768],[1.975367,49.124807],[1.975377,49.125013],[1.975467,49.125236],[1.97573,49.12552],[1.976316,49.125903],[1.976819,49.126103],[1.977219,49.126211],[1.977535,49.126264],[1.97769,49.126495],[1.978187,49.127175],[1.978599,49.127782],[1.979435,49.128983],[1.980065,49.129846],[1.980312,49.130137],[1.980896,49.129932],[1.982195,49.13078],[1.982181,49.13092],[1.98226,49.130957],[1.983044,49.131151],[1.983204,49.130942],[1.984767,49.131614],[1.985673,49.13195],[1.986009,49.130705],[1.987631,49.130555],[1.988329,49.130659],[1.988296,49.130794],[1.987725,49.131455],[1.989232,49.132119],[1.990229,49.132369],[1.990528,49.132266],[1.990853,49.132206],[1.990947,49.132275],[1.990934,49.132408],[1.992147,49.132151],[1.993346,49.13175],[1.993934,49.132023],[1.994581,49.131583],[1.994815,49.13132],[1.995069,49.131191],[1.995168,49.131346],[1.995843,49.132543],[1.99646,49.132286],[1.999131,49.135134],[2.000356,49.135993],[2.002185,49.135103],[2.002064,49.135],[2.004718,49.133563],[2.006159,49.132697],[2.006753,49.132351],[2.00745,49.131991],[2.009747,49.133977],[2.012122,49.132188],[2.012041,49.132054],[2.011882,49.131919],[2.011423,49.131608],[2.010182,49.130808],[2.008767,49.129913],[2.007824,49.129303],[2.006871,49.128702],[2.006288,49.128363],[2.005846,49.128154],[2.006676,49.1276],[2.007116,49.127333],[2.007878,49.126832],[2.006009,49.125635],[2.006335,49.125081],[2.005312,49.124759],[2.003906,49.123921],[2.003087,49.123473],[2.003485,49.123233],[2.004582,49.122834],[2.006549,49.122072],[2.006239,49.121772],[2.005434,49.120922],[2.004779,49.12026],[2.004414,49.119915],[2.004035,49.119612],[2.004262,49.119535],[2.004341,49.11962],[2.004778,49.119465],[2.004371,49.119205],[2.004443,49.119165],[2.005494,49.118903],[2.005234,49.118496],[2.005136,49.118423],[2.004739,49.118622],[2.003995,49.118123],[2.003828,49.118069],[2.004096,49.117596],[2.004174,49.117178],[2.00442,49.116467],[2.004742,49.115847],[2.004876,49.115426],[2.004943,49.115097],[2.005026,49.114818],[2.004699,49.114968],[2.003971,49.114707],[2.002224,49.115266],[2.0024,49.11545],[2.001831,49.115698],[2.001155,49.116014],[2.000851,49.115758],[2.000449,49.115539],[1.999668,49.115066],[1.99895,49.114584],[1.99943,49.114343],[2.000068,49.113955],[2.00055,49.113783],[2.000915,49.11357],[1.99964,49.112789],[1.997745,49.111659],[1.996133,49.110693],[1.99547,49.111192],[1.993849,49.112323],[1.993054,49.111667],[1.994339,49.110667],[1.992191,49.10913],[1.991357,49.1082]]]}},{"type":"Feature","properties":{"nom":"Frépillon","code":"95256","population":3317,"codeDepartement":"95"},"geometry":{"type":"Polygon","coordinates":[[[2.231104,49.051906],[2.228836,49.049984],[2.225134,49.046753],[2.223543,49.045367],[2.222674,49.045695],[2.221789,49.045991],[2.221655,49.04608],[2.221451,49.046082],[2.220824,49.046295],[2.219982,49.046342],[2.219559,49.046322],[2.218193,49.046295],[2.217842,49.046245],[2.217576,49.046285],[2.217152,49.046458],[2.21693,49.046607],[2.216582,49.0468],[2.216398,49.046855],[2.214901,49.047057],[2.214686,49.047099],[2.214206,49.047278],[2.213929,49.047403],[2.213356,49.047016],[2.212655,49.047274],[2.212167,49.046798],[2.211399,49.047149],[2.210979,49.046897],[2.210965,49.046768],[2.209363,49.046783],[2.209405,49.046244],[2.208473,49.046193],[2.207488,49.046069],[2.206344,49.045959],[2.205961,49.045614],[2.205672,49.045499],[2.204886,49.045294],[2.204582,49.045239],[2.20413,49.045083],[2.203935,49.044986],[2.203243,49.045493],[2.20305,49.045687],[2.202843,49.04595],[2.202204,49.046808],[2.202109,49.046752],[2.201758,49.046339],[2.201205,49.045827],[2.200768,49.045545],[2.200214,49.045145],[2.200079,49.045158],[2.199817,49.04526],[2.1997,49.045225],[2.199012,49.044722],[2.198347,49.044162],[2.197492,49.043506],[2.197331,49.043295],[2.196918,49.04298],[2.196789,49.042844],[2.195947,49.043326],[2.195379,49.043633],[2.194571,49.044048],[2.19434,49.04406],[2.193591,49.043617],[2.192899,49.043256],[2.192444,49.042994],[2.191829,49.042537],[2.191671,49.04245],[2.191279,49.042143],[2.190877,49.041702],[2.190666,49.041509],[2.190472,49.041564],[2.189034,49.042043],[2.188959,49.042073],[2.189202,49.042366],[2.189526,49.042675],[2.189743,49.042971],[2.189877,49.043228],[2.190037,49.043419],[2.183136,49.045465],[2.182361,49.045037],[2.182099,49.044879],[2.181575,49.044618],[2.181133,49.044376],[2.180911,49.044217],[2.179964,49.043484],[2.179473,49.043026],[2.179199,49.042704],[2.17899,49.042374],[2.178618,49.041938],[2.178201,49.04159],[2.1778,49.041312],[2.176914,49.040775],[2.175666,49.039992],[2.174559,49.039286],[2.174347,49.039139],[2.174134,49.038912],[2.173727,49.038642],[2.173059,49.03891],[2.173577,49.040084],[2.173575,49.040233],[2.173666,49.040693],[2.173687,49.041151],[2.17421,49.041222],[2.174613,49.042718],[2.17523,49.042889],[2.174731,49.043552],[2.174928,49.044488],[2.174476,49.044964],[2.176131,49.046114],[2.176108,49.04627],[2.179608,49.046438],[2.180484,49.046489],[2.180882,49.046497],[2.181337,49.04645],[2.181682,49.046464],[2.182315,49.046434],[2.182957,49.046461],[2.183224,49.046488],[2.183566,49.046568],[2.184719,49.047066],[2.185182,49.047328],[2.185662,49.047089],[2.18599,49.046867],[2.186774,49.047254],[2.187154,49.047419],[2.187822,49.047648],[2.188115,49.047716],[2.189437,49.048184],[2.190272,49.048497],[2.191138,49.04879],[2.191715,49.049033],[2.19222,49.049274],[2.192615,49.049523],[2.192887,49.049655],[2.19373,49.049946],[2.19426,49.050186],[2.195032,49.050731],[2.195192,49.050907],[2.195766,49.051157],[2.19686,49.051173],[2.197784,49.051194],[2.198578,49.051267],[2.198315,49.051418],[2.198635,49.051646],[2.197622,49.052244],[2.197785,49.052332],[2.198162,49.052635],[2.198473,49.052911],[2.199033,49.053293],[2.200516,49.054408],[2.20134,49.05485],[2.202092,49.055208],[2.201843,49.055589],[2.201772,49.055856],[2.202034,49.056682],[2.202117,49.056993],[2.201983,49.057278],[2.201519,49.057762],[2.201135,49.058094],[2.200971,49.058261],[2.201432,49.058381],[2.201733,49.058499],[2.201917,49.058539],[2.202279,49.058889],[2.202386,49.059958],[2.202486,49.060185],[2.20268,49.060337],[2.203731,49.061004],[2.203796,49.060956],[2.20418,49.060821],[2.204555,49.060814],[2.204752,49.060835],[2.205623,49.060874],[2.206221,49.060863],[2.206445,49.06069],[2.206507,49.060257],[2.206672,49.059858],[2.206866,49.05956],[2.207152,49.059195],[2.207446,49.059058],[2.207819,49.058819],[2.208016,49.058723],[2.210292,49.05801],[2.210859,49.058369],[2.211275,49.058575],[2.211678,49.058722],[2.212166,49.05894],[2.212695,49.059251],[2.212906,49.058848],[2.213079,49.05859],[2.213402,49.058268],[2.214075,49.057725],[2.214562,49.057308],[2.215303,49.056651],[2.215969,49.056129],[2.216387,49.055775],[2.216543,49.055589],[2.216718,49.05532],[2.216867,49.054935],[2.216962,49.054846],[2.21733,49.054633],[2.217773,49.05446],[2.218145,49.054369],[2.218322,49.054372],[2.218759,49.053774],[2.219474,49.053843],[2.219926,49.053865],[2.220916,49.053881],[2.221559,49.053928],[2.221732,49.053847],[2.222627,49.053662],[2.223128,49.053582],[2.223654,49.053439],[2.224023,49.053391],[2.224501,49.053226],[2.225077,49.053047],[2.226104,49.052797],[2.226362,49.052754],[2.226593,49.052753],[2.226878,49.052823],[2.227151,49.052842],[2.227855,49.052814],[2.228025,49.05276],[2.228912,49.052582],[2.229268,49.052565],[2.229737,49.052479],[2.23035,49.052263],[2.230707,49.052076],[2.230879,49.051957],[2.231104,49.051906]]]}},{"type":"Feature","properties":{"nom":"La Frette-sur-Seine","code":"95257","population":4570,"codeDepartement":"95"},"geometry":{"type":"Polygon","coordinates":[[[2.178219,48.959635],[2.178264,48.959933],[2.178297,48.960675],[2.178255,48.961188],[2.178112,48.962384],[2.178054,48.963267],[2.178196,48.963878],[2.178539,48.964917],[2.178818,48.965734],[2.179054,48.966091],[2.178468,48.966282],[2.178005,48.96646],[2.177809,48.966604],[2.177548,48.966872],[2.177325,48.967195],[2.177169,48.967498],[2.177125,48.967756],[2.177169,48.967993],[2.177115,48.968481],[2.176934,48.968892],[2.176845,48.969039],[2.176397,48.969503],[2.176098,48.969981],[2.175626,48.971278],[2.175504,48.97174],[2.175493,48.971994],[2.17554,48.972255],[2.175575,48.972919],[2.175271,48.973582],[2.174716,48.974104],[2.174298,48.974532],[2.17382,48.975047],[2.173222,48.975571],[2.172599,48.976089],[2.171627,48.977072],[2.170636,48.978224],[2.170545,48.978391],[2.170442,48.978445],[2.169952,48.978593],[2.169475,48.97881],[2.168939,48.979097],[2.16834,48.979471],[2.166692,48.980464],[2.166269,48.980808],[2.166017,48.981107],[2.168418,48.982878],[2.168961,48.983388],[2.169457,48.983782],[2.169766,48.984059],[2.170136,48.984271],[2.170423,48.984375],[2.170847,48.98469],[2.17173,48.985217],[2.172244,48.985498],[2.172098,48.98556],[2.172531,48.985856],[2.17234,48.986008],[2.17252,48.98609],[2.172764,48.986063],[2.173135,48.986184],[2.173662,48.986302],[2.173834,48.986295],[2.173776,48.986643],[2.174096,48.986575],[2.17454,48.986477],[2.175551,48.986341],[2.176154,48.986219],[2.177662,48.985883],[2.178641,48.985769],[2.179037,48.985658],[2.181553,48.98455],[2.181818,48.984528],[2.181802,48.982751],[2.181823,48.982309],[2.181902,48.981957],[2.182046,48.981499],[2.182227,48.98109],[2.182509,48.980621],[2.183095,48.979762],[2.183469,48.979199],[2.184498,48.977677],[2.184841,48.977149],[2.182995,48.976478],[2.183653,48.975554],[2.18326,48.975427],[2.183224,48.975383],[2.183364,48.97473],[2.183482,48.974439],[2.183719,48.974069],[2.183878,48.973682],[2.183834,48.973427],[2.183888,48.972841],[2.183734,48.972064],[2.18364,48.971775],[2.183514,48.971483],[2.183571,48.971425],[2.183772,48.97086],[2.183825,48.97051],[2.183805,48.970141],[2.183862,48.969815],[2.184175,48.968657],[2.18426,48.968567],[2.184603,48.968403],[2.184761,48.968231],[2.184782,48.968045],[2.184747,48.967153],[2.184758,48.966985],[2.185829,48.96694],[2.185467,48.965833],[2.185369,48.965559],[2.185352,48.965371],[2.18561,48.965257],[2.185716,48.965169],[2.185733,48.965043],[2.185623,48.964508],[2.185615,48.964101],[2.18556,48.963859],[2.185238,48.962924],[2.183957,48.962227],[2.183102,48.961863],[2.182931,48.961862],[2.182758,48.96166],[2.182405,48.961187],[2.182172,48.960713],[2.181997,48.960581],[2.181754,48.960322],[2.181526,48.959933],[2.181312,48.959688],[2.181036,48.959496],[2.180831,48.95945],[2.180617,48.958989],[2.179784,48.959203],[2.178219,48.959635]]]}},{"type":"Feature","properties":{"nom":"Frouville","code":"95258","population":347,"codeDepartement":"95"},"geometry":{"type":"Polygon","coordinates":[[[2.129071,49.153873],[2.129481,49.153925],[2.130633,49.154051],[2.132687,49.154299],[2.133376,49.154369],[2.132934,49.154844],[2.130283,49.157535],[2.129892,49.157939],[2.128657,49.157298],[2.12692,49.160085],[2.128222,49.160326],[2.127837,49.160751],[2.125903,49.162814],[2.126428,49.165347],[2.126907,49.167877],[2.126832,49.16815],[2.126818,49.168804],[2.126864,49.169082],[2.126915,49.1692],[2.127186,49.169504],[2.127251,49.169701],[2.127279,49.170064],[2.127176,49.170435],[2.127105,49.17079],[2.126974,49.171183],[2.126935,49.171782],[2.127414,49.173051],[2.129011,49.175918],[2.134344,49.175073],[2.137502,49.174549],[2.138831,49.172664],[2.139069,49.17237],[2.139294,49.171926],[2.139386,49.171442],[2.139452,49.170839],[2.141107,49.169489],[2.142102,49.168666],[2.14294,49.168229],[2.145913,49.166897],[2.146323,49.166818],[2.14649,49.166916],[2.146978,49.166842],[2.148366,49.166454],[2.148919,49.166344],[2.150238,49.16742],[2.152783,49.169113],[2.153429,49.169518],[2.153895,49.170008],[2.154403,49.170446],[2.154694,49.170741],[2.155154,49.171096],[2.156316,49.171829],[2.158034,49.17263],[2.158118,49.172526],[2.158772,49.172147],[2.15913,49.171675],[2.159647,49.170871],[2.160438,49.16996],[2.161304,49.169226],[2.162032,49.16868],[2.162912,49.167403],[2.162472,49.167148],[2.162567,49.167065],[2.163829,49.166298],[2.16376,49.166259],[2.163155,49.165673],[2.161705,49.164229],[2.161485,49.163354],[2.161031,49.162832],[2.160589,49.161603],[2.159527,49.158889],[2.159908,49.157281],[2.160385,49.157523],[2.160652,49.157619],[2.161321,49.157783],[2.161493,49.15785],[2.161738,49.158034],[2.162185,49.158536],[2.162365,49.158698],[2.162513,49.158782],[2.163185,49.159029],[2.16329,49.15904],[2.163558,49.158831],[2.16426,49.158495],[2.16465,49.158265],[2.16498,49.158019],[2.165376,49.157314],[2.165794,49.156163],[2.165832,49.155889],[2.16582,49.155677],[2.165432,49.155059],[2.165399,49.15493],[2.1654,49.154624],[2.165449,49.154307],[2.164884,49.154241],[2.164973,49.153999],[2.165074,49.153458],[2.164976,49.153029],[2.165054,49.152747],[2.16494,49.152437],[2.16483,49.152218],[2.164556,49.151772],[2.164352,49.151489],[2.164197,49.151022],[2.164061,49.150203],[2.163968,49.149936],[2.163697,49.149473],[2.163394,49.149023],[2.163214,49.148628],[2.163073,49.148267],[2.163542,49.148172],[2.163511,49.147498],[2.163786,49.146221],[2.164053,49.145768],[2.164409,49.145771],[2.164695,49.144335],[2.164888,49.144334],[2.16498,49.144001],[2.165265,49.143486],[2.164967,49.142687],[2.164693,49.141949],[2.1645,49.141968],[2.162918,49.139975],[2.162393,49.13906],[2.160753,49.139395],[2.159707,49.139728],[2.159448,49.139973],[2.158945,49.140319],[2.158154,49.140798],[2.15788,49.140913],[2.157191,49.141016],[2.156513,49.14138],[2.156097,49.14169],[2.155695,49.142081],[2.155181,49.142384],[2.155112,49.142443],[2.154526,49.142294],[2.154388,49.142277],[2.154039,49.142675],[2.153843,49.142818],[2.153307,49.143099],[2.152558,49.143293],[2.151958,49.143532],[2.151552,49.143715],[2.150404,49.14439],[2.149188,49.144546],[2.148083,49.144248],[2.147392,49.14402],[2.146605,49.143781],[2.146687,49.143539],[2.145249,49.143477],[2.145099,49.14388],[2.144557,49.143728],[2.143825,49.143917],[2.143263,49.144097],[2.141755,49.144321],[2.14148,49.144376],[2.139947,49.144448],[2.139357,49.144494],[2.139358,49.145088],[2.139988,49.145105],[2.139965,49.145569],[2.139859,49.146286],[2.138934,49.146201],[2.138647,49.147622],[2.138359,49.147649],[2.138003,49.148377],[2.136181,49.148243],[2.135658,49.149399],[2.135333,49.14999],[2.134486,49.149883],[2.133822,49.149771],[2.133468,49.149692],[2.131755,49.149218],[2.129071,49.153873]]]}},{"type":"Feature","properties":{"nom":"Garges-lès-Gonesse","code":"95268","population":41791,"codeDepartement":"95"},"geometry":{"type":"Polygon","coordinates":[[[2.424463,48.974855],[2.424471,48.974741],[2.424309,48.974528],[2.423923,48.974258],[2.423747,48.974096],[2.423464,48.973898],[2.423222,48.973774],[2.422137,48.973415],[2.422647,48.973132],[2.423088,48.972921],[2.422895,48.972868],[2.422583,48.972732],[2.422258,48.972537],[2.421094,48.972005],[2.420824,48.971907],[2.420543,48.971708],[2.420391,48.971402],[2.420171,48.971263],[2.420152,48.971014],[2.42007,48.970893],[2.41973,48.970806],[2.419296,48.970782],[2.418887,48.970512],[2.418289,48.970147],[2.418042,48.970051],[2.41787,48.969924],[2.417683,48.969724],[2.417376,48.969449],[2.417293,48.969342],[2.416993,48.96914],[2.416809,48.968763],[2.417411,48.968523],[2.417982,48.968281],[2.419047,48.967858],[2.418974,48.967652],[2.418679,48.967207],[2.418458,48.96692],[2.418362,48.966714],[2.418137,48.966528],[2.417823,48.965938],[2.417732,48.965611],[2.417693,48.964743],[2.417857,48.964327],[2.417959,48.96398],[2.418105,48.963574],[2.418241,48.96346],[2.418663,48.963013],[2.418945,48.962754],[2.419059,48.962594],[2.419273,48.962191],[2.419258,48.962117],[2.418935,48.962123],[2.417432,48.961907],[2.417048,48.961813],[2.417212,48.961691],[2.417259,48.961601],[2.417085,48.961058],[2.417079,48.960794],[2.41713,48.960381],[2.417182,48.960328],[2.417518,48.960208],[2.417672,48.960027],[2.417648,48.959817],[2.417961,48.959647],[2.418018,48.959356],[2.418121,48.959059],[2.418381,48.958406],[2.418447,48.958206],[2.418812,48.957713],[2.418391,48.95759],[2.418407,48.957926],[2.418303,48.958253],[2.417795,48.959418],[2.417436,48.959524],[2.416997,48.959329],[2.416095,48.958877],[2.415789,48.958746],[2.415363,48.958486],[2.414938,48.958261],[2.413663,48.957999],[2.413685,48.957738],[2.412485,48.957718],[2.410905,48.95797],[2.409669,48.957874],[2.409845,48.957037],[2.409584,48.956927],[2.408336,48.957286],[2.407921,48.956802],[2.407356,48.956092],[2.404817,48.957429],[2.403293,48.958088],[2.402537,48.957964],[2.398903,48.959611],[2.397491,48.960555],[2.39736,48.960672],[2.396673,48.961117],[2.396541,48.961087],[2.396117,48.961423],[2.395414,48.961827],[2.39432,48.962537],[2.394564,48.962709],[2.393969,48.963104],[2.393561,48.963428],[2.393334,48.963587],[2.393301,48.963654],[2.392847,48.964026],[2.392495,48.964374],[2.392239,48.964551],[2.39178,48.964736],[2.391129,48.965095],[2.390986,48.965025],[2.390242,48.965562],[2.388028,48.967252],[2.38786,48.967346],[2.386207,48.968748],[2.386099,48.968862],[2.384588,48.970163],[2.384159,48.971126],[2.382441,48.971227],[2.38303,48.971633],[2.384058,48.972363],[2.385545,48.973364],[2.387557,48.974876],[2.38836,48.975427],[2.388264,48.975492],[2.388743,48.975827],[2.388826,48.975775],[2.39662,48.981128],[2.397869,48.982186],[2.398211,48.982451],[2.401375,48.982721],[2.40387,48.982231],[2.40413,48.983039],[2.404427,48.982865],[2.407157,48.982764],[2.407385,48.982645],[2.407591,48.982254],[2.408192,48.982218],[2.408773,48.981925],[2.409898,48.981383],[2.410019,48.981308],[2.412268,48.980893],[2.41311,48.981034],[2.414036,48.980995],[2.414454,48.98099],[2.415164,48.980948],[2.41556,48.980887],[2.41621,48.980705],[2.416802,48.980468],[2.41719,48.980225],[2.417482,48.980115],[2.417382,48.979931],[2.417535,48.979892],[2.4166,48.978469],[2.417723,48.978125],[2.417632,48.977991],[2.417787,48.977817],[2.418158,48.977828],[2.418228,48.97796],[2.418659,48.977828],[2.418954,48.977772],[2.419417,48.977631],[2.419674,48.97753],[2.420455,48.977307],[2.421095,48.97711],[2.421092,48.976913],[2.421241,48.976764],[2.421156,48.976568],[2.422335,48.976366],[2.42239,48.976253],[2.422554,48.976098],[2.423022,48.975812],[2.423269,48.975458],[2.423454,48.975325],[2.4239,48.975197],[2.424222,48.974915],[2.424463,48.974855]]]}},{"type":"Feature","properties":{"nom":"Genainville","code":"95270","population":522,"codeDepartement":"95"},"geometry":{"type":"Polygon","coordinates":[[[1.753844,49.090028],[1.753727,49.090024],[1.752647,49.090429],[1.752563,49.090498],[1.751388,49.09097],[1.750975,49.091101],[1.742718,49.094324],[1.740987,49.099165],[1.741461,49.099273],[1.742379,49.099437],[1.743626,49.099722],[1.743913,49.100051],[1.744091,49.100411],[1.744406,49.101484],[1.744609,49.102225],[1.744963,49.103452],[1.745137,49.104015],[1.745555,49.105466],[1.74534,49.105514],[1.744826,49.105695],[1.744379,49.10597],[1.744113,49.106367],[1.744096,49.106547],[1.745195,49.107761],[1.743972,49.108557],[1.743592,49.108886],[1.742322,49.109836],[1.741673,49.110496],[1.741047,49.111342],[1.74094,49.111661],[1.740762,49.1118],[1.740567,49.112128],[1.740042,49.112456],[1.739605,49.113048],[1.739197,49.113575],[1.738728,49.114121],[1.738298,49.114564],[1.738035,49.115171],[1.737874,49.115427],[1.737669,49.115646],[1.737122,49.116058],[1.737002,49.11618],[1.736769,49.116331],[1.736573,49.116414],[1.735639,49.116701],[1.734815,49.117017],[1.734868,49.117064],[1.734276,49.117527],[1.733848,49.117844],[1.732972,49.118647],[1.732463,49.119413],[1.730095,49.124371],[1.72998,49.124842],[1.730662,49.125268],[1.730564,49.125746],[1.731485,49.126185],[1.731464,49.126345],[1.73174,49.126806],[1.730921,49.127621],[1.730883,49.128508],[1.734482,49.129562],[1.738326,49.132442],[1.739711,49.133459],[1.739514,49.134198],[1.740325,49.134405],[1.739455,49.136195],[1.740133,49.136403],[1.740588,49.136513],[1.740628,49.13683],[1.741126,49.13709],[1.74105,49.137549],[1.741699,49.137769],[1.741707,49.137904],[1.742729,49.138004],[1.74414,49.138154],[1.74548,49.13838],[1.746112,49.137032],[1.746703,49.137112],[1.74679,49.136979],[1.747845,49.135978],[1.74837,49.135555],[1.748558,49.135682],[1.748873,49.135789],[1.749211,49.135528],[1.750024,49.136037],[1.750888,49.135326],[1.751648,49.135232],[1.752928,49.134599],[1.753774,49.134213],[1.754442,49.13376],[1.754684,49.133655],[1.755206,49.133992],[1.755396,49.13408],[1.755597,49.134002],[1.755898,49.133836],[1.756596,49.133313],[1.757473,49.132804],[1.758,49.132562],[1.758733,49.132974],[1.761371,49.135036],[1.76303,49.133935],[1.766405,49.131895],[1.766942,49.132308],[1.769921,49.130809],[1.769759,49.130657],[1.770059,49.130494],[1.769546,49.129982],[1.770292,49.129988],[1.770702,49.129803],[1.771764,49.129434],[1.771903,49.129405],[1.771642,49.129109],[1.771994,49.128977],[1.7714,49.128426],[1.770293,49.127601],[1.769513,49.127584],[1.769396,49.127301],[1.768188,49.126026],[1.767467,49.125215],[1.766752,49.123561],[1.767405,49.123404],[1.768826,49.123099],[1.775549,49.121429],[1.776387,49.121258],[1.777584,49.120929],[1.777067,49.120031],[1.777391,49.119894],[1.778496,49.119544],[1.77941,49.119207],[1.780494,49.118845],[1.781453,49.118541],[1.781533,49.118038],[1.781315,49.117955],[1.780697,49.117809],[1.780328,49.117694],[1.780077,49.117518],[1.779806,49.117099],[1.779624,49.116862],[1.779582,49.11633],[1.779651,49.115647],[1.779626,49.114547],[1.779545,49.11415],[1.779436,49.113834],[1.779301,49.113568],[1.779144,49.113172],[1.77853,49.111767],[1.777475,49.109307],[1.77698,49.10821],[1.776896,49.107645],[1.767662,49.104649],[1.767521,49.104704],[1.76312,49.104499],[1.762774,49.104009],[1.762257,49.103987],[1.762301,49.102898],[1.759526,49.102912],[1.759492,49.102793],[1.759263,49.101745],[1.758955,49.100442],[1.758747,49.099783],[1.758692,49.099658],[1.758729,49.099563],[1.758651,49.099442],[1.758534,49.099387],[1.757391,49.0986],[1.757603,49.098501],[1.754852,49.096108],[1.755463,49.095621],[1.756063,49.095017],[1.753633,49.09303],[1.753688,49.091365],[1.75381,49.09046],[1.753794,49.090255],[1.753844,49.090028]]]}},{"type":"Feature","properties":{"nom":"Génicourt","code":"95271","population":514,"codeDepartement":"95"},"geometry":{"type":"Polygon","coordinates":[[[2.072597,49.100594],[2.072305,49.099966],[2.072235,49.099844],[2.072315,49.099662],[2.072373,49.099175],[2.072442,49.099146],[2.073077,49.098322],[2.073078,49.098272],[2.072873,49.098141],[2.072819,49.097811],[2.072828,49.097539],[2.072998,49.097511],[2.072948,49.097276],[2.073503,49.097159],[2.073828,49.097353],[2.074847,49.0966],[2.074414,49.096271],[2.074628,49.096151],[2.075086,49.095957],[2.075641,49.095676],[2.076251,49.095237],[2.076766,49.094835],[2.076941,49.094723],[2.077399,49.094528],[2.078205,49.094254],[2.079049,49.094116],[2.079683,49.093915],[2.080053,49.093717],[2.080137,49.093527],[2.08024,49.093453],[2.080791,49.093207],[2.081123,49.092987],[2.081613,49.092576],[2.08197,49.092251],[2.082045,49.092123],[2.082508,49.092212],[2.082927,49.092333],[2.083356,49.092597],[2.083359,49.09239],[2.083404,49.09223],[2.083595,49.092048],[2.083768,49.091951],[2.084081,49.091723],[2.084835,49.091228],[2.08504,49.091022],[2.085485,49.090514],[2.085523,49.090395],[2.085299,49.090316],[2.085244,49.090072],[2.085321,49.089483],[2.085449,49.088694],[2.085112,49.088388],[2.084815,49.08815],[2.084539,49.087872],[2.08407,49.086998],[2.08396,49.086497],[2.083747,49.0859],[2.083649,49.085751],[2.083875,49.08505],[2.084171,49.084333],[2.084152,49.08423],[2.083549,49.084312],[2.082799,49.084389],[2.080733,49.084649],[2.080163,49.084755],[2.078636,49.085123],[2.075183,49.0813],[2.0729,49.078639],[2.072455,49.079051],[2.071605,49.079794],[2.069398,49.081738],[2.067931,49.083038],[2.066676,49.084135],[2.066508,49.084273],[2.065095,49.085264],[2.06456,49.085659],[2.063614,49.086335],[2.063324,49.086316],[2.062958,49.086358],[2.062626,49.086429],[2.062269,49.086417],[2.06194,49.086355],[2.060223,49.086002],[2.059462,49.08587],[2.057996,49.085675],[2.057307,49.085548],[2.056185,49.085287],[2.05556,49.085115],[2.054499,49.084873],[2.052858,49.084623],[2.051669,49.084452],[2.051537,49.084487],[2.049629,49.084323],[2.048939,49.084233],[2.048656,49.084177],[2.048134,49.084031],[2.047695,49.08388],[2.047084,49.083606],[2.046407,49.083339],[2.046156,49.083158],[2.044515,49.082764],[2.043895,49.082686],[2.044433,49.085248],[2.045053,49.086804],[2.045484,49.086765],[2.045545,49.087094],[2.045679,49.087566],[2.046003,49.087529],[2.046254,49.089423],[2.046343,49.089882],[2.047507,49.091348],[2.045844,49.091682],[2.046586,49.093312],[2.041399,49.094732],[2.042384,49.095983],[2.042963,49.095803],[2.044196,49.097465],[2.04424,49.097596],[2.043668,49.097924],[2.040853,49.098805],[2.040859,49.098943],[2.04097,49.099124],[2.039974,49.099341],[2.040105,49.099514],[2.04028,49.099904],[2.039586,49.100071],[2.039773,49.100922],[2.041284,49.101437],[2.041874,49.101722],[2.042121,49.102144],[2.04215,49.102356],[2.042117,49.102506],[2.041876,49.103126],[2.041829,49.103343],[2.041862,49.103489],[2.044196,49.108203],[2.04423,49.108287],[2.047067,49.108081],[2.047086,49.109121],[2.050155,49.109329],[2.054122,49.109626],[2.054103,49.109743],[2.053905,49.110313],[2.054413,49.110328],[2.054411,49.110453],[2.05533,49.110511],[2.055332,49.110626],[2.055588,49.110482],[2.055698,49.110492],[2.05626,49.110434],[2.057057,49.110297],[2.057521,49.110229],[2.058609,49.110094],[2.060417,49.10971],[2.060399,49.109302],[2.060493,49.108225],[2.061294,49.10813],[2.061246,49.108401],[2.062422,49.108258],[2.062446,49.108123],[2.063481,49.108064],[2.063567,49.107397],[2.064081,49.10681],[2.065203,49.106641],[2.065006,49.10556],[2.064919,49.105306],[2.065128,49.105137],[2.06504,49.103525],[2.064563,49.1031],[2.064173,49.102547],[2.064525,49.102441],[2.064892,49.102018],[2.065482,49.1018],[2.065356,49.101487],[2.066255,49.101386],[2.066932,49.101348],[2.067967,49.101327],[2.068379,49.101295],[2.069671,49.101242],[2.070868,49.101182],[2.070804,49.100866],[2.072597,49.100594]]]}},{"type":"Feature","properties":{"nom":"Gonesse","code":"95277","population":27707,"codeDepartement":"95"},"geometry":{"type":"Polygon","coordinates":[[[2.442918,49.012672],[2.443011,49.012667],[2.443071,49.012422],[2.443295,49.012109],[2.443377,49.011947],[2.443411,49.011672],[2.443359,49.011423],[2.443376,49.011312],[2.443476,49.011021],[2.4454,49.010551],[2.445805,49.010427],[2.44649,49.010292],[2.44673,49.010182],[2.444024,49.005526],[2.44422,49.00548],[2.44595,49.00503],[2.4473,49.004655],[2.449327,49.004115],[2.450488,49.003825],[2.451737,49.003486],[2.452428,49.003286],[2.453213,49.003029],[2.454361,49.002642],[2.454992,49.002448],[2.456083,49.002178],[2.45652,49.002094],[2.457493,49.001959],[2.459126,49.001808],[2.460288,49.001714],[2.460801,49.00169],[2.462125,49.001684],[2.463017,49.001631],[2.463412,49.00158],[2.463986,49.001484],[2.464332,49.001401],[2.464567,49.001411],[2.464579,49.001342],[2.465283,49.001314],[2.464933,49.000503],[2.46434,48.999324],[2.464131,48.998981],[2.463303,48.997964],[2.463009,48.997616],[2.462953,48.997586],[2.461934,48.997851],[2.461327,48.997231],[2.462407,48.996783],[2.462974,48.99712],[2.463383,48.997391],[2.463695,48.997637],[2.463783,48.997544],[2.463848,48.997373],[2.464098,48.997065],[2.46451,48.996483],[2.464856,48.996043],[2.465262,48.995565],[2.466273,48.994209],[2.466575,48.994215],[2.466715,48.994292],[2.467072,48.994393],[2.467068,48.99463],[2.467012,48.994838],[2.467057,48.99503],[2.467278,48.995229],[2.467244,48.995377],[2.467281,48.995646],[2.467241,48.99582],[2.467241,48.996271],[2.467402,48.99616],[2.467993,48.996013],[2.468941,48.995697],[2.469457,48.99556],[2.469847,48.995412],[2.470436,48.995141],[2.47093,48.994939],[2.471471,48.99468],[2.471993,48.994499],[2.472523,48.994379],[2.473141,48.994257],[2.4735,48.994165],[2.473762,48.994073],[2.474126,48.993905],[2.474423,48.993799],[2.474774,48.99371],[2.47534,48.993641],[2.476181,48.9936],[2.476867,48.993605],[2.477382,48.993681],[2.478753,48.993965],[2.479009,48.994257],[2.47954,48.994812],[2.480266,48.995642],[2.481544,48.997081],[2.482381,48.998033],[2.483499,48.999247],[2.483706,48.999468],[2.484242,48.999675],[2.484923,48.999536],[2.485291,48.999482],[2.485756,48.999333],[2.484057,48.996684],[2.486181,48.996023],[2.488715,48.995666],[2.487848,48.990463],[2.488514,48.990717],[2.48865,48.990609],[2.489208,48.99054],[2.489835,48.990408],[2.490739,48.990181],[2.491332,48.990074],[2.491729,48.990026],[2.492778,48.989938],[2.493013,48.989932],[2.4934,48.989849],[2.49391,48.989574],[2.494424,48.989238],[2.494908,48.988946],[2.495332,48.988753],[2.495779,48.988624],[2.496621,48.988413],[2.497039,48.988318],[2.497855,48.98817],[2.49836,48.988054],[2.499036,48.987798],[2.499739,48.987554],[2.500747,48.987344],[2.501809,48.987181],[2.502851,48.987029],[2.503952,48.986771],[2.502402,48.984107],[2.501817,48.98279],[2.501316,48.981808],[2.500584,48.980805],[2.500558,48.980652],[2.500019,48.979772],[2.501026,48.979154],[2.501877,48.978535],[2.500374,48.977707],[2.500757,48.977473],[2.50211,48.976568],[2.501014,48.97603],[2.500239,48.975613],[2.500487,48.975435],[2.49835,48.975211],[2.497605,48.975094],[2.497244,48.975061],[2.49579,48.975055],[2.497961,48.973863],[2.497302,48.97338],[2.496176,48.972599],[2.49249,48.974586],[2.490908,48.973354],[2.490704,48.973177],[2.488321,48.971297],[2.490258,48.97007],[2.486772,48.967258],[2.483829,48.96832],[2.48151,48.969583],[2.480767,48.969813],[2.479278,48.968107],[2.478825,48.9675],[2.478533,48.967612],[2.477798,48.966703],[2.47503,48.967668],[2.473101,48.965867],[2.470592,48.96394],[2.469496,48.963022],[2.467346,48.964306],[2.464255,48.961244],[2.463404,48.960306],[2.462947,48.959748],[2.462602,48.959536],[2.4622,48.959229],[2.461141,48.958542],[2.46083,48.958469],[2.460718,48.958396],[2.460569,48.958175],[2.460474,48.957865],[2.460338,48.957308],[2.460184,48.956987],[2.460201,48.956798],[2.460299,48.956556],[2.460144,48.956146],[2.459593,48.955273],[2.459489,48.955049],[2.459011,48.955127],[2.457659,48.955531],[2.456749,48.955731],[2.455879,48.955668],[2.457365,48.95885],[2.457794,48.959752],[2.456964,48.960154],[2.455787,48.960776],[2.454743,48.961307],[2.453326,48.961896],[2.451468,48.962661],[2.451018,48.962878],[2.451521,48.963465],[2.449167,48.964342],[2.448566,48.964582],[2.448006,48.96488],[2.447695,48.96517],[2.446809,48.966068],[2.4463,48.966616],[2.446159,48.967156],[2.446021,48.967788],[2.445943,48.968222],[2.445894,48.968872],[2.445631,48.970336],[2.445465,48.971326],[2.444825,48.972392],[2.444355,48.972302],[2.443499,48.972465],[2.440733,48.972949],[2.439141,48.973262],[2.437142,48.973715],[2.437865,48.974463],[2.439706,48.976225],[2.440235,48.976724],[2.440596,48.977089],[2.436943,48.977983],[2.436076,48.978192],[2.434843,48.978499],[2.434868,48.978605],[2.434318,48.978974],[2.433654,48.979349],[2.43246,48.980052],[2.432363,48.980093],[2.432256,48.98033],[2.431884,48.980925],[2.431182,48.982023],[2.431072,48.982153],[2.430826,48.982575],[2.430622,48.982879],[2.430224,48.983226],[2.429592,48.983726],[2.427285,48.985368],[2.426888,48.985377],[2.426605,48.985972],[2.425969,48.986784],[2.425477,48.987397],[2.425331,48.987638],[2.424934,48.988156],[2.42452,48.98873],[2.424082,48.989777],[2.423314,48.992054],[2.423144,48.992541],[2.42258,48.993185],[2.421807,48.993094],[2.421171,48.994315],[2.42219,48.994517],[2.420435,48.99627],[2.416992,48.998374],[2.416474,48.998624],[2.416599,48.999762],[2.417235,48.99971],[2.419099,48.999413],[2.419304,49.001579],[2.418839,49.001716],[2.418949,49.003017],[2.420475,49.002916],[2.420433,49.00427],[2.420409,49.005323],[2.420532,49.005411],[2.420729,49.005625],[2.421535,49.00655],[2.423945,49.009292],[2.425348,49.0102],[2.428253,49.012122],[2.427771,49.01223],[2.42413,49.013004],[2.424772,49.013914],[2.424908,49.01409],[2.425562,49.014852],[2.427107,49.014527],[2.427825,49.01624],[2.430727,49.015415],[2.430927,49.015773],[2.431223,49.015664],[2.432501,49.015374],[2.433404,49.015195],[2.434254,49.015052],[2.435254,49.014969],[2.436066,49.01488],[2.436269,49.014914],[2.436396,49.015057],[2.436597,49.015051],[2.438215,49.01486],[2.438799,49.014727],[2.438587,49.014375],[2.442562,49.0126],[2.442729,49.012673],[2.442918,49.012672]]]}},{"type":"Feature","properties":{"nom":"Goussainville","code":"95280","population":31301,"codeDepartement":"95"},"geometry":{"type":"Polygon","coordinates":[[[2.443376,49.011312],[2.443359,49.011423],[2.443411,49.011672],[2.443377,49.011947],[2.443295,49.012109],[2.443071,49.012422],[2.443011,49.012667],[2.442918,49.012672],[2.442907,49.012964],[2.442964,49.013403],[2.442978,49.013847],[2.444014,49.014864],[2.44357,49.01605],[2.4434,49.016396],[2.443346,49.01663],[2.443165,49.017187],[2.443011,49.017488],[2.442357,49.01923],[2.442228,49.019503],[2.442186,49.019716],[2.441897,49.020462],[2.441199,49.022427],[2.441054,49.02275],[2.440944,49.023121],[2.439193,49.02648],[2.439103,49.026615],[2.438572,49.027668],[2.438344,49.028186],[2.438073,49.02889],[2.438787,49.028866],[2.440452,49.028902],[2.440991,49.028937],[2.441019,49.031113],[2.441019,49.032108],[2.441056,49.034549],[2.441944,49.034991],[2.444068,49.036015],[2.446439,49.037129],[2.447092,49.037412],[2.446759,49.037876],[2.447186,49.037996],[2.448344,49.038272],[2.448856,49.038313],[2.449485,49.038338],[2.449817,49.038371],[2.450598,49.038407],[2.452209,49.038515],[2.452468,49.038584],[2.453299,49.038894],[2.453665,49.039015],[2.453851,49.038831],[2.45464,49.038126],[2.45567,49.038595],[2.455998,49.038271],[2.456417,49.038412],[2.45737,49.038698],[2.45774,49.038821],[2.459706,49.039538],[2.459583,49.039672],[2.459347,49.039836],[2.458552,49.040307],[2.45798,49.040668],[2.458358,49.040918],[2.459105,49.041446],[2.460273,49.04223],[2.460809,49.042597],[2.46124,49.042909],[2.461507,49.043082],[2.461197,49.043346],[2.459901,49.044292],[2.459816,49.044424],[2.459673,49.044534],[2.460058,49.044702],[2.460304,49.044759],[2.460801,49.044796],[2.461199,49.044752],[2.462652,49.044853],[2.463209,49.044876],[2.463861,49.044846],[2.464038,49.044785],[2.464476,49.04448],[2.46457,49.044517],[2.465085,49.04431],[2.465609,49.044072],[2.465992,49.043878],[2.467103,49.043498],[2.4674,49.043419],[2.467734,49.043546],[2.467966,49.04347],[2.46825,49.043306],[2.468705,49.042904],[2.468961,49.04274],[2.468714,49.042564],[2.469235,49.042289],[2.469921,49.042082],[2.470163,49.042141],[2.470617,49.042015],[2.470989,49.041963],[2.471216,49.042001],[2.471641,49.042352],[2.472014,49.042744],[2.472708,49.042307],[2.473057,49.042024],[2.473672,49.041669],[2.473909,49.041596],[2.474002,49.041629],[2.4742,49.041359],[2.474608,49.040926],[2.474909,49.04111],[2.475227,49.041265],[2.475386,49.041112],[2.475732,49.040657],[2.476047,49.040805],[2.476176,49.040704],[2.476819,49.03994],[2.477274,49.039582],[2.477754,49.039264],[2.478536,49.038809],[2.478809,49.038663],[2.478795,49.038578],[2.479747,49.037942],[2.479575,49.037614],[2.479363,49.037026],[2.47982,49.036849],[2.47957,49.036476],[2.480733,49.035271],[2.479555,49.034656],[2.48013,49.034082],[2.481594,49.033217],[2.481312,49.03306],[2.48205,49.032746],[2.482998,49.032406],[2.484072,49.032064],[2.484337,49.031967],[2.484711,49.031756],[2.484958,49.031543],[2.485092,49.03136],[2.485094,49.031212],[2.484817,49.030713],[2.485201,49.03049],[2.484635,49.029535],[2.484612,49.029441],[2.484634,49.029098],[2.484726,49.028829],[2.484566,49.028472],[2.48422,49.028147],[2.483903,49.027727],[2.484887,49.027397],[2.485455,49.027593],[2.485612,49.027622],[2.486018,49.027501],[2.485798,49.027112],[2.485364,49.026602],[2.485261,49.026517],[2.484967,49.026367],[2.485033,49.026212],[2.485384,49.026193],[2.485434,49.025973],[2.485428,49.025765],[2.485973,49.025723],[2.486575,49.025651],[2.487337,49.025625],[2.488015,49.025644],[2.488896,49.025721],[2.489774,49.025822],[2.490396,49.025936],[2.491655,49.026105],[2.492313,49.026166],[2.492359,49.026356],[2.493663,49.026446],[2.494025,49.026457],[2.493629,49.024832],[2.496235,49.024406],[2.498381,49.024068],[2.4985,49.024036],[2.498241,49.023614],[2.496131,49.020321],[2.493767,49.016606],[2.493386,49.01588],[2.493196,49.015438],[2.4912,49.010247],[2.490411,49.010299],[2.489923,49.010407],[2.48966,49.010442],[2.488792,49.010609],[2.488138,49.010703],[2.486256,49.010901],[2.485241,49.01102],[2.483704,49.011175],[2.4827,49.011231],[2.481305,49.0113],[2.479796,49.011417],[2.47925,49.011467],[2.478789,49.011536],[2.478685,49.011159],[2.478511,49.010641],[2.477473,49.010781],[2.477282,49.010084],[2.477255,49.00991],[2.475748,49.010038],[2.475378,49.010103],[2.475352,49.010073],[2.474987,49.010135],[2.473042,49.010429],[2.472446,49.01033],[2.472561,49.009925],[2.472559,49.009819],[2.471883,49.009479],[2.469701,49.008347],[2.469489,49.008674],[2.469471,49.008752],[2.469595,49.009004],[2.469828,49.009318],[2.468713,49.009571],[2.467567,49.009591],[2.46754,49.009447],[2.467325,49.009496],[2.466858,49.009508],[2.466507,49.009496],[2.466196,49.008911],[2.466063,49.008992],[2.465423,49.009216],[2.464937,49.009403],[2.464563,49.009507],[2.463804,49.009678],[2.46295,49.009923],[2.461928,49.010239],[2.46128,49.010425],[2.461106,49.010419],[2.461049,49.009792],[2.461058,49.009683],[2.459144,49.009532],[2.458499,49.009513],[2.458142,49.009534],[2.457301,49.009649],[2.456461,49.009723],[2.455111,49.009988],[2.454266,49.010135],[2.453852,49.010189],[2.452013,49.010558],[2.450274,49.01078],[2.449923,49.01083],[2.449095,49.011029],[2.447699,49.011513],[2.447615,49.011527],[2.445928,49.012099],[2.444625,49.012456],[2.444028,49.012052],[2.443721,49.011734],[2.443557,49.011502],[2.443376,49.011312]]]}},{"type":"Feature","properties":{"nom":"Grisy-les-Plâtres","code":"95287","population":709,"codeDepartement":"95"},"geometry":{"type":"Polygon","coordinates":[[[2.058903,49.153193],[2.059733,49.152919],[2.060377,49.15275],[2.060881,49.152552],[2.060875,49.151904],[2.061063,49.151616],[2.061196,49.151166],[2.061067,49.15068],[2.060542,49.14994],[2.060558,49.148983],[2.06047,49.148561],[2.060457,49.14785],[2.0605,49.147576],[2.060852,49.147004],[2.062194,49.145677],[2.062371,49.145524],[2.062953,49.145073],[2.06365,49.144819],[2.064169,49.144646],[2.064958,49.144265],[2.064834,49.144176],[2.065364,49.143851],[2.066496,49.143406],[2.066795,49.143568],[2.067004,49.143454],[2.067317,49.143368],[2.067287,49.143125],[2.06745,49.143053],[2.06717,49.142991],[2.06728,49.142405],[2.067461,49.142399],[2.067524,49.141718],[2.067423,49.141407],[2.067376,49.140921],[2.06701,49.139932],[2.067005,49.139881],[2.066272,49.138651],[2.066563,49.138514],[2.06645,49.13814],[2.066319,49.137599],[2.066048,49.137162],[2.065996,49.137044],[2.065835,49.136984],[2.065537,49.136946],[2.065193,49.136639],[2.064933,49.13632],[2.064769,49.135968],[2.064803,49.135675],[2.064982,49.135362],[2.065057,49.134917],[2.065051,49.13481],[2.064673,49.134386],[2.064665,49.133029],[2.063975,49.132979],[2.064336,49.131666],[2.063953,49.131448],[2.062368,49.131904],[2.062069,49.131343],[2.061918,49.130899],[2.060977,49.129218],[2.060585,49.129377],[2.059755,49.127932],[2.059579,49.127997],[2.059249,49.127776],[2.058881,49.127649],[2.058667,49.127604],[2.05772,49.127485],[2.057884,49.127288],[2.058184,49.127068],[2.057628,49.126909],[2.05424,49.124996],[2.054006,49.124827],[2.054145,49.124634],[2.052571,49.123792],[2.053106,49.123172],[2.050022,49.121904],[2.05022,49.121494],[2.049449,49.120827],[2.047433,49.121588],[2.047438,49.120228],[2.047408,49.119622],[2.047209,49.118199],[2.04735,49.11809],[2.047472,49.1179],[2.047652,49.117496],[2.047689,49.117161],[2.047634,49.116832],[2.047517,49.116519],[2.047316,49.116142],[2.047018,49.115759],[2.046741,49.115526],[2.050376,49.11555],[2.050605,49.113261],[2.049819,49.113257],[2.049639,49.11322],[2.049633,49.113092],[2.049776,49.112174],[2.049965,49.110877],[2.049958,49.110761],[2.050155,49.109329],[2.047086,49.109121],[2.047067,49.108081],[2.04423,49.108287],[2.044196,49.108203],[2.041734,49.108426],[2.041711,49.11075],[2.037667,49.112144],[2.036932,49.112405],[2.036565,49.11255],[2.038992,49.113363],[2.040353,49.113779],[2.041223,49.114062],[2.042113,49.114364],[2.039751,49.116082],[2.03712,49.117965],[2.037322,49.117977],[2.038273,49.118074],[2.038856,49.118762],[2.039357,49.119372],[2.038963,49.119709],[2.038317,49.120232],[2.037788,49.12068],[2.037289,49.121083],[2.037808,49.121602],[2.037535,49.121966],[2.03676,49.123067],[2.036398,49.123594],[2.036052,49.124139],[2.036429,49.124364],[2.034215,49.125436],[2.032287,49.12638],[2.029729,49.127584],[2.029918,49.128557],[2.03018,49.130174],[2.030269,49.130804],[2.030441,49.131645],[2.030683,49.13248],[2.031058,49.133815],[2.031064,49.134125],[2.032599,49.136006],[2.034882,49.13887],[2.034408,49.139144],[2.033648,49.139606],[2.034175,49.139933],[2.035806,49.141177],[2.036655,49.141891],[2.036772,49.142013],[2.040976,49.145603],[2.042616,49.147054],[2.043807,49.148085],[2.044017,49.148287],[2.044102,49.148238],[2.045529,49.147947],[2.046379,49.147848],[2.0469,49.147973],[2.047337,49.148192],[2.04815,49.148513],[2.048721,49.148773],[2.04964,49.14917],[2.053756,49.150906],[2.054662,49.151302],[2.054965,49.151374],[2.055054,49.151446],[2.05627,49.152305],[2.05653,49.152601],[2.057036,49.152651],[2.057448,49.152754],[2.057669,49.152903],[2.058451,49.153135],[2.05882,49.153133],[2.058903,49.153193]]]}},{"type":"Feature","properties":{"nom":"Groslay","code":"95288","population":8453,"codeDepartement":"95"},"geometry":{"type":"Polygon","coordinates":[[[2.366071,48.989701],[2.366677,48.989472],[2.365996,48.988775],[2.366531,48.98852],[2.368118,48.987887],[2.368043,48.987669],[2.367896,48.987098],[2.367765,48.986817],[2.367538,48.986414],[2.36747,48.986172],[2.367517,48.985661],[2.367583,48.985132],[2.36768,48.984686],[2.367748,48.984547],[2.367887,48.984416],[2.367651,48.983818],[2.367423,48.983389],[2.367221,48.983145],[2.367137,48.982959],[2.367011,48.982809],[2.366663,48.982259],[2.366419,48.981918],[2.366117,48.981435],[2.365961,48.98114],[2.365828,48.980831],[2.365651,48.980612],[2.365386,48.980236],[2.364234,48.979038],[2.364068,48.978962],[2.364097,48.978889],[2.363363,48.9788],[2.363097,48.978752],[2.362782,48.978653],[2.362635,48.978548],[2.362518,48.978352],[2.362319,48.977911],[2.36221,48.97788],[2.36142,48.977908],[2.36068,48.977911],[2.360148,48.977947],[2.360063,48.978032],[2.359268,48.977863],[2.358406,48.977727],[2.357702,48.977635],[2.356926,48.977507],[2.35641,48.977368],[2.355989,48.977883],[2.355096,48.978927],[2.354859,48.979296],[2.35444,48.979819],[2.354139,48.979768],[2.353054,48.979637],[2.352553,48.979533],[2.35178,48.979276],[2.351212,48.979163],[2.350928,48.978949],[2.350479,48.978659],[2.349823,48.978257],[2.349314,48.978656],[2.348951,48.978915],[2.34842,48.979361],[2.348099,48.979797],[2.348021,48.979858],[2.347757,48.979245],[2.347542,48.978945],[2.347172,48.978275],[2.346743,48.977583],[2.346626,48.977294],[2.34653,48.977176],[2.346232,48.976565],[2.344879,48.97692],[2.345059,48.977295],[2.345045,48.977423],[2.344782,48.977608],[2.344317,48.977871],[2.344208,48.978057],[2.344097,48.978314],[2.343784,48.979167],[2.34364,48.979673],[2.343451,48.98052],[2.343154,48.981976],[2.342781,48.983277],[2.342033,48.983026],[2.34151,48.982795],[2.341097,48.982525],[2.340696,48.982192],[2.340462,48.981927],[2.340161,48.981499],[2.339778,48.981131],[2.339367,48.980827],[2.338908,48.980584],[2.338448,48.980522],[2.338012,48.980583],[2.337417,48.98069],[2.33712,48.980691],[2.336967,48.980583],[2.33666,48.980758],[2.336335,48.981023],[2.336237,48.98114],[2.335054,48.980972],[2.334996,48.981827],[2.335103,48.981872],[2.335032,48.9825],[2.334954,48.98297],[2.334987,48.983346],[2.33507,48.983822],[2.335255,48.984089],[2.335229,48.984657],[2.334871,48.984612],[2.334812,48.984938],[2.334813,48.985624],[2.334791,48.986161],[2.334816,48.986388],[2.335053,48.986835],[2.334998,48.986847],[2.335181,48.987292],[2.334666,48.987444],[2.334846,48.987905],[2.335006,48.988198],[2.335508,48.988029],[2.335801,48.988522],[2.336067,48.989006],[2.336346,48.988995],[2.336428,48.989673],[2.336659,48.990116],[2.337189,48.991352],[2.337042,48.991894],[2.337289,48.992798],[2.337199,48.993034],[2.336997,48.993285],[2.337657,48.993314],[2.337686,48.993366],[2.339265,48.993323],[2.339244,48.993605],[2.339515,48.993788],[2.340639,48.993823],[2.341002,48.993844],[2.341354,48.993834],[2.341334,48.993746],[2.341952,48.993705],[2.342305,48.993613],[2.343274,48.993572],[2.344163,48.993628],[2.344388,48.993631],[2.346267,48.99343],[2.347087,48.993349],[2.347648,48.993351],[2.348106,48.99337],[2.348658,48.993368],[2.349806,48.99328],[2.35025,48.993293],[2.350521,48.993415],[2.350462,48.993166],[2.350382,48.992617],[2.350301,48.99177],[2.35024,48.9908],[2.352194,48.991014],[2.353744,48.991195],[2.354457,48.991243],[2.355762,48.991311],[2.356787,48.991344],[2.356875,48.991284],[2.356792,48.990041],[2.356768,48.989862],[2.356839,48.989619],[2.356985,48.989434],[2.357137,48.989561],[2.357437,48.989696],[2.358308,48.98998],[2.359235,48.990292],[2.359453,48.990432],[2.359774,48.989776],[2.360106,48.989008],[2.360329,48.988308],[2.360437,48.98805],[2.360672,48.987406],[2.360968,48.986658],[2.361859,48.986811],[2.364003,48.987557],[2.364142,48.987674],[2.364501,48.988062],[2.365061,48.988638],[2.365404,48.98893],[2.366071,48.989701]]]}},{"type":"Feature","properties":{"nom":"Guiry-en-Vexin","code":"95295","population":161,"codeDepartement":"95"},"geometry":{"type":"Polygon","coordinates":[[[1.827608,49.116587],[1.82903,49.117452],[1.829408,49.117701],[1.82978,49.117975],[1.830021,49.118192],[1.830542,49.118877],[1.830962,49.119394],[1.831621,49.120069],[1.832069,49.120551],[1.832398,49.12088],[1.833394,49.120854],[1.833271,49.120404],[1.835301,49.120292],[1.835381,49.120467],[1.837528,49.119999],[1.837712,49.120351],[1.836835,49.1205],[1.840942,49.121061],[1.842919,49.120598],[1.843201,49.120633],[1.844928,49.118995],[1.84836,49.119736],[1.848462,49.1198],[1.850499,49.121652],[1.850894,49.121478],[1.851538,49.121092],[1.852729,49.121511],[1.855758,49.12248],[1.857295,49.121627],[1.860149,49.123842],[1.86042,49.124191],[1.861122,49.124865],[1.861669,49.125405],[1.863241,49.126884],[1.863622,49.127295],[1.864857,49.128474],[1.86404,49.128851],[1.862962,49.129287],[1.862111,49.129605],[1.862868,49.130234],[1.862946,49.130193],[1.865974,49.132418],[1.868489,49.131039],[1.868645,49.13115],[1.870776,49.129997],[1.873493,49.128859],[1.87478,49.128313],[1.876525,49.127552],[1.877508,49.12715],[1.876662,49.127096],[1.875636,49.126953],[1.875061,49.126938],[1.872659,49.125185],[1.873806,49.124722],[1.874501,49.124405],[1.875636,49.123867],[1.876338,49.123592],[1.877414,49.123137],[1.878065,49.12291],[1.878931,49.12273],[1.8793,49.122582],[1.879837,49.122261],[1.880995,49.121685],[1.88258,49.121062],[1.883553,49.120643],[1.883199,49.1201],[1.882429,49.119491],[1.88135,49.118685],[1.880115,49.117756],[1.879428,49.117208],[1.878522,49.116373],[1.877229,49.115048],[1.876962,49.11475],[1.871479,49.117858],[1.87064,49.117106],[1.870218,49.11675],[1.869753,49.116444],[1.869055,49.11607],[1.868126,49.115606],[1.872188,49.11335],[1.871678,49.112932],[1.870092,49.111692],[1.868672,49.110618],[1.866752,49.109093],[1.864491,49.107345],[1.864276,49.107161],[1.86359,49.106711],[1.863364,49.106822],[1.863225,49.106697],[1.862203,49.105987],[1.861886,49.105786],[1.861569,49.10551],[1.861031,49.105108],[1.860226,49.104412],[1.859341,49.103572],[1.8584,49.102614],[1.857464,49.101718],[1.85639,49.100611],[1.855367,49.099647],[1.852938,49.100254],[1.852256,49.10043],[1.851641,49.100634],[1.851166,49.100845],[1.85042,49.10032],[1.849628,49.100741],[1.84918,49.101026],[1.848706,49.101433],[1.848557,49.101579],[1.848005,49.102041],[1.84748,49.102423],[1.846916,49.102744],[1.845988,49.10313],[1.845045,49.103396],[1.844197,49.103681],[1.844922,49.104272],[1.844352,49.104287],[1.84373,49.104284],[1.843667,49.105037],[1.84372,49.105525],[1.843127,49.10571],[1.842968,49.105714],[1.842841,49.105785],[1.842675,49.10576],[1.842433,49.10583],[1.842144,49.105755],[1.841762,49.105694],[1.841267,49.105646],[1.841233,49.106444],[1.841272,49.106712],[1.840744,49.10675],[1.840764,49.108137],[1.841199,49.108438],[1.841073,49.108632],[1.840914,49.108714],[1.840317,49.109376],[1.840087,49.109661],[1.839536,49.110198],[1.838863,49.110489],[1.83844,49.110696],[1.837004,49.111445],[1.835752,49.112157],[1.835124,49.112401],[1.834578,49.112667],[1.834567,49.112799],[1.835277,49.114049],[1.835383,49.114156],[1.835409,49.114349],[1.834713,49.114694],[1.834227,49.115073],[1.833504,49.115238],[1.832913,49.115487],[1.831997,49.115604],[1.830996,49.115778],[1.830867,49.11578],[1.829035,49.11617],[1.828491,49.116296],[1.827822,49.116489],[1.827608,49.116587]]]}},{"type":"Feature","properties":{"nom":"Haravilliers","code":"95298","population":589,"codeDepartement":"95"},"geometry":{"type":"Polygon","coordinates":[[[1.998974,49.175192],[1.999122,49.175406],[1.99968,49.175652],[2,49.175759],[2.001138,49.175778],[2.001541,49.175794],[2.00268,49.176019],[2.002953,49.176161],[2.004743,49.177192],[2.006259,49.178344],[2.00675,49.178607],[2.010773,49.181322],[2.014977,49.184238],[2.017586,49.185986],[2.021066,49.188357],[2.021778,49.188808],[2.025655,49.188827],[2.026443,49.188592],[2.028418,49.187956],[2.030952,49.188424],[2.031353,49.188504],[2.032165,49.188706],[2.03264,49.188887],[2.033009,49.188617],[2.033566,49.188102],[2.034205,49.188618],[2.034436,49.18891],[2.034554,49.18918],[2.034573,49.189405],[2.03463,49.189606],[2.035004,49.190007],[2.035259,49.190204],[2.035671,49.190478],[2.035422,49.190598],[2.035953,49.191107],[2.036236,49.190987],[2.036697,49.19133],[2.037548,49.19185],[2.037998,49.19217],[2.038181,49.191837],[2.038214,49.191403],[2.039524,49.191296],[2.039192,49.190652],[2.040418,49.190067],[2.040492,49.190228],[2.041075,49.190085],[2.041578,49.190026],[2.041838,49.19058],[2.043382,49.190377],[2.046005,49.190095],[2.045808,49.189024],[2.045732,49.188552],[2.045741,49.188144],[2.045858,49.187631],[2.046412,49.185601],[2.048403,49.184253],[2.048615,49.183982],[2.048704,49.183811],[2.050532,49.184403],[2.050969,49.184583],[2.052038,49.185077],[2.053298,49.184281],[2.055325,49.183933],[2.055916,49.183531],[2.056242,49.183218],[2.057771,49.181946],[2.058275,49.181605],[2.058385,49.181575],[2.059868,49.180944],[2.060636,49.180599],[2.061368,49.180236],[2.062264,49.17982],[2.064259,49.178941],[2.064704,49.178735],[2.065155,49.178557],[2.067222,49.1776],[2.068039,49.17725],[2.069405,49.176637],[2.069686,49.176493],[2.07044,49.176149],[2.071198,49.17572],[2.071588,49.175448],[2.072026,49.175112],[2.072291,49.174936],[2.072894,49.174398],[2.073038,49.174207],[2.073223,49.174244],[2.07384,49.174039],[2.07635,49.173321],[2.076226,49.173105],[2.075953,49.172433],[2.075464,49.171283],[2.075098,49.170326],[2.072763,49.169935],[2.06858,49.170207],[2.066581,49.169134],[2.065577,49.168683],[2.064687,49.168148],[2.064266,49.167917],[2.063316,49.167321],[2.06216,49.166567],[2.061642,49.166712],[2.060818,49.165258],[2.060613,49.165295],[2.060207,49.164478],[2.057258,49.16385],[2.057418,49.163444],[2.054538,49.162931],[2.05185,49.162598],[2.049564,49.16256],[2.047707,49.16348],[2.047509,49.163254],[2.047153,49.163435],[2.0469,49.163465],[2.046882,49.164101],[2.046308,49.164197],[2.046266,49.164072],[2.04401,49.164735],[2.043929,49.164595],[2.043133,49.164854],[2.042707,49.164319],[2.042262,49.163911],[2.041728,49.163489],[2.041344,49.163118],[2.04111,49.162925],[2.040592,49.162581],[2.03992,49.162005],[2.039805,49.161884],[2.03958,49.161778],[2.038894,49.161367],[2.038467,49.161085],[2.038202,49.160797],[2.037706,49.160334],[2.037161,49.160531],[2.036352,49.160853],[2.035958,49.160996],[2.035501,49.16113],[2.035037,49.16124],[2.034616,49.161387],[2.034327,49.161553],[2.034047,49.161796],[2.033752,49.162128],[2.033569,49.162451],[2.032554,49.162086],[2.032118,49.162243],[2.030829,49.161995],[2.029571,49.162296],[2.029515,49.162212],[2.028919,49.162252],[2.028758,49.162164],[2.027949,49.162178],[2.027449,49.162146],[2.026121,49.162345],[2.024987,49.162497],[2.024479,49.162518],[2.024478,49.162697],[2.022811,49.162567],[2.022751,49.162495],[2.022099,49.16305],[2.021601,49.163417],[2.021268,49.163597],[2.017637,49.163616],[2.016863,49.163176],[2.016501,49.163439],[2.016106,49.163689],[2.015509,49.164008],[2.014963,49.164281],[2.014294,49.164635],[2.01382,49.164865],[2.013313,49.16514],[2.012744,49.165569],[2.012435,49.16603],[2.012298,49.1662],[2.011423,49.167293],[2.011741,49.167397],[2.010281,49.169016],[2.010364,49.169123],[2.010174,49.16916],[2.007098,49.17307],[2.006658,49.173125],[2.006193,49.173135],[2.004819,49.172921],[2.004491,49.173201],[2.003847,49.173392],[2.002915,49.173501],[2.002433,49.173026],[2.001817,49.173405],[2.001598,49.173306],[2.000872,49.173892],[2.000915,49.173982],[1.998974,49.175192]]]}},{"type":"Feature","properties":{"nom":"Haute-Isle","code":"95301","population":293,"codeDepartement":"95"},"geometry":{"type":"Polygon","coordinates":[[[1.691893,49.075228],[1.690844,49.074481],[1.68959,49.073329],[1.687949,49.072102],[1.687842,49.072156],[1.687481,49.071858],[1.686616,49.072095],[1.686106,49.072272],[1.685464,49.072558],[1.685072,49.072775],[1.684579,49.073004],[1.683944,49.073317],[1.682886,49.07397],[1.682203,49.07436],[1.68122,49.0748],[1.680004,49.075473],[1.679657,49.075657],[1.679108,49.075872],[1.677931,49.076187],[1.677404,49.076302],[1.676106,49.076817],[1.675486,49.077054],[1.675127,49.077217],[1.674359,49.077598],[1.673046,49.07831],[1.672377,49.078542],[1.671465,49.078707],[1.669666,49.079009],[1.669269,49.079092],[1.668968,49.079112],[1.668616,49.079099],[1.668156,49.079046],[1.667823,49.078963],[1.667391,49.07893],[1.667047,49.078925],[1.666703,49.078978],[1.665931,49.07914],[1.664778,49.079291],[1.663966,49.079424],[1.662672,49.079759],[1.662174,49.079904],[1.661868,49.080023],[1.661325,49.080292],[1.660502,49.080813],[1.660144,49.081001],[1.659848,49.081114],[1.659525,49.081193],[1.658821,49.081288],[1.658368,49.08129],[1.657398,49.081263],[1.656542,49.081282],[1.656205,49.081339],[1.655067,49.081459],[1.653535,49.081781],[1.652687,49.081908],[1.651842,49.081936],[1.651434,49.081921],[1.650906,49.08186],[1.650092,49.081718],[1.649473,49.081572],[1.649146,49.081425],[1.64877,49.081287],[1.648501,49.081245],[1.64808,49.081303],[1.647749,49.081319],[1.647255,49.081373],[1.646764,49.081394],[1.646612,49.081477],[1.646031,49.081425],[1.645748,49.081462],[1.646186,49.082033],[1.645805,49.082852],[1.644809,49.082943],[1.644897,49.084235],[1.644708,49.084894],[1.644832,49.08492],[1.644991,49.08509],[1.645034,49.085438],[1.644921,49.08579],[1.644649,49.085967],[1.644577,49.086516],[1.64451,49.086884],[1.643507,49.086843],[1.643527,49.086982],[1.643701,49.087727],[1.644012,49.089688],[1.644086,49.090025],[1.644222,49.090882],[1.644245,49.091143],[1.644318,49.091463],[1.64434,49.091832],[1.644426,49.092231],[1.644439,49.092413],[1.644615,49.093501],[1.644795,49.09448],[1.644986,49.095289],[1.645458,49.095545],[1.646766,49.095494],[1.647599,49.096484],[1.650056,49.097611],[1.650564,49.097952],[1.650744,49.09804],[1.65101,49.098119],[1.651141,49.097812],[1.651261,49.097417],[1.651684,49.096415],[1.651819,49.096115],[1.652422,49.095811],[1.65295,49.095595],[1.653039,49.092668],[1.652656,49.092603],[1.652264,49.092451],[1.651511,49.092009],[1.650717,49.091473],[1.649943,49.091125],[1.648706,49.090461],[1.648479,49.090352],[1.650817,49.087994],[1.651603,49.087305],[1.652081,49.086801],[1.65293,49.087084],[1.653453,49.087148],[1.654228,49.087169],[1.654939,49.087174],[1.65645,49.087197],[1.656412,49.086974],[1.656445,49.086926],[1.657033,49.086842],[1.657764,49.086641],[1.65798,49.086661],[1.658224,49.086635],[1.658694,49.086513],[1.659103,49.086429],[1.659327,49.08633],[1.659933,49.086382],[1.660308,49.086365],[1.660727,49.086275],[1.661987,49.085946],[1.66265,49.085971],[1.663119,49.086025],[1.663834,49.085979],[1.664097,49.085981],[1.664688,49.085894],[1.665526,49.085723],[1.665828,49.085641],[1.666311,49.085445],[1.666813,49.085136],[1.667516,49.0848],[1.667939,49.084666],[1.668349,49.084616],[1.668789,49.084422],[1.669231,49.084385],[1.669655,49.084143],[1.670097,49.083807],[1.670275,49.083692],[1.670825,49.083505],[1.671683,49.083329],[1.671975,49.083243],[1.67231,49.083102],[1.673108,49.082881],[1.673603,49.082692],[1.674615,49.082363],[1.675037,49.082259],[1.675616,49.082089],[1.676019,49.082016],[1.676472,49.081909],[1.676866,49.081912],[1.677023,49.081888],[1.677742,49.08148],[1.678597,49.080935],[1.679093,49.080662],[1.679474,49.080507],[1.680837,49.079885],[1.681334,49.079683],[1.682344,49.079381],[1.683823,49.078871],[1.684643,49.078575],[1.685013,49.078426],[1.685492,49.078209],[1.686352,49.077847],[1.687058,49.077647],[1.687447,49.077498],[1.688019,49.077255],[1.689542,49.076499],[1.689956,49.076259],[1.690481,49.076048],[1.69114,49.075693],[1.691893,49.075228]]]}},{"type":"Feature","properties":{"nom":"Le Heaulme","code":"95303","population":207,"codeDepartement":"95"},"geometry":{"type":"Polygon","coordinates":[[[1.995857,49.158898],[1.995837,49.158918],[1.994903,49.160308],[1.993777,49.160492],[1.993679,49.160432],[1.992416,49.161452],[1.992267,49.161355],[1.991223,49.161629],[1.991136,49.161558],[1.99012,49.161832],[1.990276,49.162063],[1.989204,49.162342],[1.98941,49.162697],[1.989109,49.162808],[1.989232,49.162943],[1.989519,49.162854],[1.990143,49.163215],[1.990021,49.163625],[1.989696,49.16431],[1.989944,49.164345],[1.989821,49.164606],[1.990027,49.164641],[1.989954,49.166023],[1.990646,49.165944],[1.990917,49.165929],[1.990875,49.16605],[1.990844,49.167138],[1.990864,49.167439],[1.991141,49.167763],[1.99135,49.168041],[1.991548,49.16836],[1.992017,49.169013],[1.992659,49.169837],[1.991817,49.170508],[1.9927,49.171154],[1.992498,49.171356],[1.991605,49.172127],[1.992532,49.172594],[1.992348,49.172774],[1.99491,49.173862],[1.995464,49.174071],[1.99579,49.174124],[1.996039,49.174203],[1.996367,49.174264],[1.997011,49.174423],[1.998043,49.17489],[1.998974,49.175192],[2.000915,49.173982],[2.000872,49.173892],[2.001598,49.173306],[2.001817,49.173405],[2.002433,49.173026],[2.002915,49.173501],[2.003847,49.173392],[2.004491,49.173201],[2.004819,49.172921],[2.006193,49.173135],[2.006658,49.173125],[2.007098,49.17307],[2.010174,49.16916],[2.010364,49.169123],[2.010281,49.169016],[2.011741,49.167397],[2.011423,49.167293],[2.012298,49.1662],[2.0093,49.162897],[2.006579,49.161573],[2.003665,49.160824],[2.002496,49.160777],[2.00208,49.160775],[2.001886,49.160648],[2.001356,49.160571],[2.001191,49.160569],[1.999938,49.16038],[1.999035,49.160193],[1.996065,49.159241],[1.995857,49.158898]]]}},{"type":"Feature","properties":{"nom":"Hédouville","code":"95304","population":278,"codeDepartement":"95"},"geometry":{"type":"Polygon","coordinates":[[[2.196897,49.167059],[2.196696,49.166933],[2.195477,49.166412],[2.195074,49.166211],[2.194222,49.165722],[2.193656,49.165476],[2.192303,49.164971],[2.193876,49.16152],[2.194386,49.160995],[2.19516,49.160152],[2.195857,49.159443],[2.196489,49.15874],[2.198455,49.156646],[2.198089,49.156612],[2.195374,49.156194],[2.193247,49.155872],[2.192331,49.155741],[2.191427,49.157798],[2.190946,49.158922],[2.190543,49.159821],[2.19004,49.161007],[2.18985,49.161342],[2.189693,49.161813],[2.189628,49.162219],[2.189623,49.164025],[2.189201,49.164243],[2.18712,49.163215],[2.186302,49.162263],[2.186353,49.162119],[2.186317,49.16201],[2.185641,49.161069],[2.185568,49.160991],[2.184919,49.160533],[2.184841,49.160407],[2.184854,49.160271],[2.18508,49.160035],[2.185241,49.159929],[2.185612,49.159769],[2.185813,49.159536],[2.18437,49.158727],[2.184425,49.158456],[2.184548,49.157604],[2.184677,49.156976],[2.184705,49.156755],[2.184684,49.156542],[2.184595,49.156305],[2.184361,49.155901],[2.184166,49.155409],[2.184063,49.154961],[2.184062,49.154816],[2.184156,49.154225],[2.184199,49.154099],[2.184409,49.153699],[2.184992,49.15403],[2.185741,49.153001],[2.186647,49.151172],[2.18704,49.148784],[2.185866,49.146259],[2.185684,49.146453],[2.185561,49.146519],[2.185319,49.146792],[2.184553,49.146326],[2.184211,49.146088],[2.184088,49.146188],[2.183932,49.146241],[2.183708,49.146376],[2.183093,49.14662],[2.181609,49.146942],[2.180452,49.146537],[2.179033,49.146018],[2.176542,49.145028],[2.175109,49.144041],[2.174073,49.142983],[2.173928,49.143092],[2.173478,49.142598],[2.173805,49.142254],[2.173059,49.141446],[2.173231,49.141217],[2.172328,49.141249],[2.172294,49.141211],[2.170389,49.141277],[2.17042,49.140727],[2.169326,49.140686],[2.168713,49.140902],[2.166819,49.141843],[2.166961,49.142527],[2.164967,49.142687],[2.165265,49.143486],[2.16498,49.144001],[2.164888,49.144334],[2.164695,49.144335],[2.164409,49.145771],[2.164053,49.145768],[2.163786,49.146221],[2.163511,49.147498],[2.163542,49.148172],[2.163073,49.148267],[2.163214,49.148628],[2.163394,49.149023],[2.163697,49.149473],[2.163968,49.149936],[2.164061,49.150203],[2.164197,49.151022],[2.164352,49.151489],[2.164556,49.151772],[2.16483,49.152218],[2.16494,49.152437],[2.165054,49.152747],[2.164976,49.153029],[2.165074,49.153458],[2.164973,49.153999],[2.164884,49.154241],[2.165449,49.154307],[2.1654,49.154624],[2.165399,49.15493],[2.165432,49.155059],[2.16582,49.155677],[2.165832,49.155889],[2.165794,49.156163],[2.165376,49.157314],[2.16498,49.158019],[2.16465,49.158265],[2.16426,49.158495],[2.163558,49.158831],[2.16329,49.15904],[2.163185,49.159029],[2.162513,49.158782],[2.162365,49.158698],[2.162185,49.158536],[2.161738,49.158034],[2.161493,49.15785],[2.161321,49.157783],[2.160652,49.157619],[2.160385,49.157523],[2.159908,49.157281],[2.159527,49.158889],[2.160589,49.161603],[2.161031,49.162832],[2.161485,49.163354],[2.161705,49.164229],[2.163155,49.165673],[2.16376,49.166259],[2.163829,49.166298],[2.164926,49.16596],[2.166294,49.165481],[2.168035,49.164851],[2.167889,49.16464],[2.16879,49.163947],[2.169216,49.164018],[2.169362,49.163918],[2.169821,49.164067],[2.1702,49.164254],[2.170553,49.164358],[2.170904,49.164624],[2.171052,49.164779],[2.171135,49.164969],[2.171068,49.165158],[2.171049,49.165688],[2.170836,49.16588],[2.170551,49.166258],[2.170429,49.166356],[2.170667,49.166558],[2.170894,49.166701],[2.171127,49.166961],[2.171163,49.167097],[2.171099,49.167188],[2.171244,49.167684],[2.171465,49.167858],[2.172238,49.168104],[2.173235,49.168473],[2.173637,49.168634],[2.173857,49.168766],[2.174271,49.168955],[2.174758,49.16928],[2.1751,49.169466],[2.175321,49.169535],[2.17593,49.169627],[2.176605,49.169699],[2.176815,49.169752],[2.17737,49.169969],[2.177894,49.170213],[2.178412,49.170385],[2.178734,49.170515],[2.179279,49.170824],[2.179502,49.170833],[2.179971,49.170779],[2.180904,49.170559],[2.18225,49.170381],[2.181876,49.170972],[2.181092,49.17159],[2.180867,49.172001],[2.180539,49.172259],[2.180188,49.172489],[2.179715,49.17271],[2.179867,49.173005],[2.179835,49.173214],[2.179367,49.173558],[2.178013,49.174283],[2.177247,49.174234],[2.176961,49.174326],[2.176201,49.174636],[2.175686,49.17478],[2.175379,49.174887],[2.174946,49.175004],[2.175224,49.175224],[2.175224,49.175268],[2.175758,49.175758],[2.176093,49.176032],[2.178097,49.17522],[2.178149,49.175203],[2.181953,49.173676],[2.182442,49.174414],[2.183317,49.174145],[2.183419,49.174189],[2.185616,49.173633],[2.185693,49.173655],[2.186106,49.173508],[2.186675,49.173448],[2.186825,49.173415],[2.187044,49.173187],[2.187848,49.171772],[2.188149,49.171188],[2.18851,49.170208],[2.188679,49.169925],[2.18909,49.169382],[2.190624,49.168591],[2.193039,49.168424],[2.194868,49.167455],[2.196209,49.167998],[2.197371,49.168703],[2.197938,49.168562],[2.198037,49.168518],[2.198103,49.168261],[2.19806,49.167987],[2.197451,49.16748],[2.196897,49.167059]]]}},{"type":"Feature","properties":{"nom":"Herblay-sur-Seine","code":"95306","population":31779,"codeDepartement":"95"},"geometry":{"type":"Polygon","coordinates":[[[2.120986,49.018101],[2.120469,49.018669],[2.120776,49.019429],[2.120685,49.019632],[2.120537,49.019829],[2.119229,49.021267],[2.119098,49.02148],[2.117272,49.021905],[2.117246,49.022084],[2.117023,49.021918],[2.11606,49.023163],[2.116116,49.023945],[2.116082,49.024614],[2.119118,49.026928],[2.12239,49.029341],[2.125627,49.025686],[2.127345,49.024055],[2.127777,49.023685],[2.127928,49.023598],[2.128242,49.023292],[2.12864,49.022873],[2.129274,49.022237],[2.129571,49.021895],[2.13071,49.0207],[2.131072,49.020377],[2.132043,49.019547],[2.132426,49.019192],[2.133301,49.018417],[2.134304,49.017542],[2.135808,49.016193],[2.136638,49.015475],[2.136846,49.015283],[2.13772,49.014595],[2.138437,49.014044],[2.138832,49.013723],[2.139346,49.013336],[2.139944,49.012957],[2.141137,49.012404],[2.141673,49.012012],[2.142476,49.011464],[2.143371,49.010958],[2.144527,49.010342],[2.145295,49.009886],[2.145544,49.009714],[2.14653,49.009154],[2.14684,49.008946],[2.147167,49.008802],[2.147422,49.008647],[2.147662,49.00857],[2.148115,49.008318],[2.14863,49.00799],[2.14941,49.007607],[2.150351,49.007167],[2.150858,49.006974],[2.151281,49.006769],[2.151787,49.006591],[2.152658,49.006262],[2.153753,49.005803],[2.155213,49.004938],[2.155514,49.004849],[2.155308,49.005105],[2.15505,49.005485],[2.154852,49.005963],[2.154769,49.006358],[2.154682,49.007254],[2.154684,49.007551],[2.154599,49.008011],[2.1545,49.008939],[2.154499,49.009355],[2.154552,49.009726],[2.154653,49.010121],[2.154799,49.010415],[2.155163,49.011393],[2.155262,49.011784],[2.1554,49.012112],[2.155759,49.012668],[2.156081,49.013194],[2.156244,49.013495],[2.156514,49.013406],[2.157703,49.013075],[2.158175,49.012889],[2.158611,49.012785],[2.159221,49.0126],[2.160908,49.012052],[2.161084,49.012234],[2.162691,49.011302],[2.164878,49.010048],[2.167713,49.008395],[2.168346,49.008039],[2.169988,49.007167],[2.17196,49.006126],[2.173366,49.005397],[2.174692,49.004679],[2.178057,49.002905],[2.17919,49.002303],[2.1812,49.00122],[2.182087,49.000768],[2.182331,49.000846],[2.183383,49.001335],[2.185143,49.002166],[2.185439,49.00229],[2.186919,49.002979],[2.187368,49.003198],[2.187722,49.003343],[2.19141,49.004767],[2.1921,49.005046],[2.192915,49.005405],[2.193131,49.005489],[2.19323,49.005454],[2.195195,49.004608],[2.194098,49.00329],[2.193409,49.002524],[2.193061,49.002673],[2.192521,49.002129],[2.192491,49.002061],[2.192137,49.001599],[2.190873,48.999977],[2.189849,48.998646],[2.189403,48.99808],[2.188771,48.997252],[2.187747,48.997774],[2.186576,48.99717],[2.185102,48.996345],[2.184789,48.996162],[2.182964,48.995038],[2.182727,48.994744],[2.182288,48.994276],[2.18182,48.993874],[2.181188,48.993482],[2.180784,48.993199],[2.181271,48.993151],[2.18099,48.992447],[2.180767,48.99252],[2.179709,48.991422],[2.179458,48.9915],[2.179028,48.991028],[2.178943,48.990962],[2.177868,48.989547],[2.177747,48.989592],[2.177556,48.989365],[2.177356,48.989364],[2.176996,48.989478],[2.176689,48.989081],[2.176116,48.988492],[2.176003,48.98833],[2.175845,48.988343],[2.175715,48.988289],[2.17549,48.988032],[2.17526,48.988056],[2.175093,48.987717],[2.174861,48.98745],[2.174716,48.987161],[2.174788,48.987055],[2.17468,48.986808],[2.174494,48.986867],[2.174096,48.986575],[2.173776,48.986643],[2.173834,48.986295],[2.173662,48.986302],[2.173135,48.986184],[2.172764,48.986063],[2.17252,48.98609],[2.17234,48.986008],[2.172531,48.985856],[2.172098,48.98556],[2.172244,48.985498],[2.17173,48.985217],[2.170847,48.98469],[2.170423,48.984375],[2.170136,48.984271],[2.169766,48.984059],[2.169457,48.983782],[2.168961,48.983388],[2.168418,48.982878],[2.166017,48.981107],[2.165903,48.981299],[2.165622,48.981597],[2.164683,48.982149],[2.164115,48.982383],[2.163381,48.982514],[2.162705,48.982661],[2.162371,48.98277],[2.162024,48.982843],[2.161573,48.982965],[2.161114,48.983189],[2.160914,48.983248],[2.160493,48.983462],[2.159216,48.983967],[2.158302,48.984212],[2.156337,48.984895],[2.156088,48.985079],[2.155892,48.985363],[2.155704,48.985589],[2.150469,48.986455],[2.149799,48.986388],[2.148935,48.986437],[2.148314,48.986498],[2.147683,48.986609],[2.147349,48.986691],[2.146235,48.987016],[2.144455,48.987504],[2.143459,48.987758],[2.142648,48.987944],[2.141629,48.988125],[2.14015,48.988283],[2.13808,48.988292],[2.137628,48.988287],[2.136933,48.988304],[2.136164,48.988369],[2.135393,48.988485],[2.134811,48.988537],[2.134115,48.988615],[2.133263,48.988694],[2.132137,48.988694],[2.130149,48.988776],[2.128814,48.988882],[2.128157,48.98896],[2.12763,48.98906],[2.126997,48.989237],[2.126531,48.989407],[2.126256,48.989541],[2.125898,48.989792],[2.125561,48.990058],[2.124965,48.990656],[2.12454,48.991024],[2.123926,48.991485],[2.123636,48.991659],[2.124011,48.993594],[2.123325,48.993568],[2.122479,48.993484],[2.121561,48.993369],[2.120713,48.9933],[2.121053,48.995484],[2.122023,48.998627],[2.12237,48.999812],[2.12262,49.000616],[2.122782,49.001209],[2.122905,49.001595],[2.122955,49.00166],[2.123127,49.002304],[2.123562,49.003692],[2.125629,49.007056],[2.12712,49.009672],[2.126846,49.011084],[2.126703,49.012202],[2.124232,49.014979],[2.122733,49.01666],[2.121254,49.018332],[2.120986,49.018101]]]}},{"type":"Feature","properties":{"nom":"Hérouville-en-Vexin","code":"95308","population":584,"codeDepartement":"95"},"geometry":{"type":"Polygon","coordinates":[[[2.117135,49.093726],[2.113186,49.095928],[2.113344,49.095993],[2.112584,49.096689],[2.111936,49.097246],[2.11059,49.099136],[2.109664,49.100077],[2.110281,49.100545],[2.11004,49.100759],[2.111629,49.101786],[2.110543,49.102636],[2.111356,49.103072],[2.108537,49.104473],[2.108612,49.104544],[2.109431,49.105188],[2.109663,49.105421],[2.10969,49.105528],[2.10982,49.106457],[2.109956,49.107652],[2.110039,49.108306],[2.110232,49.109045],[2.110483,49.109358],[2.110707,49.109714],[2.110362,49.110639],[2.109587,49.111434],[2.108222,49.112262],[2.107698,49.112621],[2.107232,49.11289],[2.10572,49.113507],[2.104707,49.113976],[2.107649,49.116489],[2.109541,49.117796],[2.106869,49.11886],[2.105144,49.119663],[2.108491,49.123642],[2.11144,49.123235],[2.114261,49.122828],[2.113291,49.12141],[2.113357,49.121288],[2.115975,49.120754],[2.117093,49.120512],[2.120575,49.119704],[2.122674,49.119201],[2.123934,49.118992],[2.123878,49.119143],[2.125069,49.118777],[2.128941,49.11816],[2.129351,49.11791],[2.135364,49.116457],[2.135041,49.115845],[2.139331,49.113897],[2.139535,49.114193],[2.139814,49.114665],[2.145229,49.112497],[2.146583,49.111694],[2.146628,49.111367],[2.146702,49.111191],[2.14687,49.110998],[2.147266,49.110627],[2.147935,49.110189],[2.14827,49.109869],[2.148557,49.109678],[2.149728,49.109065],[2.150618,49.108588],[2.151369,49.108172],[2.151834,49.107853],[2.151635,49.107624],[2.15106,49.106762],[2.150862,49.106502],[2.150728,49.104958],[2.149638,49.104292],[2.149807,49.104273],[2.149747,49.10405],[2.148999,49.103415],[2.148508,49.102974],[2.148225,49.102614],[2.148055,49.102359],[2.147666,49.101478],[2.147126,49.101427],[2.147109,49.100588],[2.146614,49.099903],[2.145491,49.099344],[2.144954,49.099021],[2.144669,49.098818],[2.143675,49.09803],[2.14321,49.097649],[2.142392,49.096945],[2.144752,49.095554],[2.14489,49.095479],[2.145881,49.095042],[2.146293,49.094882],[2.146496,49.094723],[2.148743,49.092588],[2.14779,49.092167],[2.147869,49.092079],[2.145818,49.091386],[2.145352,49.092058],[2.14386,49.091704],[2.143962,49.09155],[2.143332,49.091351],[2.142603,49.092125],[2.138206,49.090565],[2.137766,49.090695],[2.133625,49.08828],[2.133785,49.088234],[2.132957,49.087644],[2.133316,49.087559],[2.130887,49.085783],[2.130382,49.086063],[2.129074,49.086781],[2.128523,49.086287],[2.126563,49.086961],[2.126464,49.086827],[2.12176,49.089007],[2.119681,49.089947],[2.118346,49.090566],[2.119891,49.092318],[2.119026,49.092842],[2.117135,49.093726]]]}},{"type":"Feature","properties":{"nom":"Hodent","code":"95309","population":225,"codeDepartement":"95"},"geometry":{"type":"Polygon","coordinates":[[[1.784031,49.144977],[1.783704,49.144741],[1.783255,49.144933],[1.781937,49.14405],[1.782682,49.143656],[1.782271,49.143377],[1.781915,49.143521],[1.780613,49.142713],[1.77928,49.143389],[1.777969,49.142435],[1.77924,49.141317],[1.778085,49.140817],[1.778746,49.140454],[1.779281,49.140135],[1.779667,49.139931],[1.779991,49.139711],[1.779782,49.139587],[1.779375,49.139475],[1.778466,49.139018],[1.778151,49.138814],[1.777934,49.138631],[1.777708,49.138513],[1.777504,49.138305],[1.776729,49.137706],[1.776484,49.137804],[1.776215,49.137865],[1.775494,49.137188],[1.774946,49.136446],[1.775055,49.136403],[1.775351,49.136185],[1.775525,49.136094],[1.774663,49.135382],[1.77358,49.135916],[1.773197,49.135652],[1.771665,49.136366],[1.771331,49.136074],[1.771299,49.135525],[1.769643,49.133929],[1.769309,49.134103],[1.767937,49.133107],[1.766942,49.132308],[1.766405,49.131895],[1.76303,49.133935],[1.761371,49.135036],[1.758733,49.132974],[1.758,49.132562],[1.757473,49.132804],[1.756596,49.133313],[1.755898,49.133836],[1.755597,49.134002],[1.755396,49.13408],[1.755206,49.133992],[1.754684,49.133655],[1.754442,49.13376],[1.753774,49.134213],[1.752928,49.134599],[1.751648,49.135232],[1.750888,49.135326],[1.750024,49.136037],[1.749211,49.135528],[1.748873,49.135789],[1.748558,49.135682],[1.74837,49.135555],[1.747845,49.135978],[1.74679,49.136979],[1.746703,49.137112],[1.746112,49.137032],[1.74548,49.13838],[1.74414,49.138154],[1.742729,49.138004],[1.741707,49.137904],[1.741228,49.137894],[1.740845,49.137847],[1.741285,49.139931],[1.741441,49.140609],[1.741914,49.143823],[1.742405,49.145103],[1.742534,49.145144],[1.742298,49.145479],[1.742284,49.14557],[1.742144,49.145638],[1.741873,49.145704],[1.741673,49.14584],[1.74203,49.146839],[1.743122,49.146658],[1.743562,49.146543],[1.743856,49.147129],[1.746346,49.146727],[1.74694,49.146588],[1.747487,49.146482],[1.747909,49.146351],[1.748759,49.146013],[1.749413,49.145825],[1.749926,49.145723],[1.750436,49.145641],[1.751086,49.145507],[1.75242,49.145275],[1.752759,49.14527],[1.752755,49.147533],[1.752566,49.148099],[1.752945,49.148157],[1.753215,49.148244],[1.753908,49.148433],[1.755501,49.148749],[1.756042,49.148845],[1.756845,49.148926],[1.756352,49.149463],[1.756269,49.149615],[1.767555,49.151525],[1.767834,49.151642],[1.767943,49.151579],[1.768286,49.151714],[1.7692,49.151936],[1.769339,49.151991],[1.770114,49.152169],[1.770446,49.152227],[1.77053,49.152161],[1.772585,49.152683],[1.773088,49.152111],[1.773416,49.152143],[1.773721,49.152246],[1.77464,49.152772],[1.775289,49.1531],[1.775508,49.152972],[1.775739,49.152752],[1.775277,49.152594],[1.774575,49.152235],[1.774283,49.152128],[1.774512,49.151929],[1.774827,49.151966],[1.775266,49.152129],[1.775668,49.152227],[1.776113,49.152288],[1.77611,49.152234],[1.776407,49.151849],[1.77676,49.151294],[1.777296,49.151203],[1.7767,49.150949],[1.776783,49.150902],[1.77709,49.150531],[1.776782,49.150437],[1.776186,49.150073],[1.776675,49.14969],[1.776976,49.149774],[1.777361,49.149939],[1.778036,49.14952],[1.779212,49.148808],[1.780569,49.147896],[1.780022,49.147554],[1.783747,49.145461],[1.784012,49.145388],[1.784031,49.144977]]]}},{"type":"Feature","properties":{"nom":"L'Isle-Adam","code":"95313","population":12493,"codeDepartement":"95"},"geometry":{"type":"Polygon","coordinates":[[[2.20635,49.087078],[2.207126,49.088663],[2.208319,49.091054],[2.208893,49.092218],[2.208998,49.092683],[2.209246,49.093511],[2.209699,49.095537],[2.209818,49.096662],[2.209748,49.097384],[2.209488,49.098841],[2.209255,49.099931],[2.209119,49.100988],[2.208966,49.102574],[2.208848,49.105068],[2.208839,49.105794],[2.208925,49.107352],[2.209016,49.108589],[2.208888,49.109431],[2.209179,49.110971],[2.20925,49.111474],[2.209366,49.112124],[2.209641,49.113057],[2.209732,49.113276],[2.210441,49.11473],[2.210544,49.11497],[2.21118,49.115861],[2.211279,49.11628],[2.211322,49.116862],[2.211324,49.117118],[2.211451,49.11792],[2.211777,49.119592],[2.212142,49.120306],[2.212446,49.120772],[2.212836,49.121157],[2.213372,49.1215],[2.213764,49.121696],[2.214529,49.121921],[2.215213,49.122174],[2.215951,49.12275],[2.216588,49.123307],[2.21726,49.123961],[2.21779,49.124509],[2.219427,49.126233],[2.219947,49.126722],[2.220413,49.127013],[2.221134,49.12726],[2.222044,49.12754],[2.224131,49.128116],[2.226389,49.128483],[2.229328,49.129232],[2.231537,49.129403],[2.232705,49.129577],[2.233529,49.129733],[2.234066,49.129968],[2.235054,49.130469],[2.235175,49.130022],[2.235716,49.129484],[2.235713,49.129301],[2.235898,49.129188],[2.23691,49.129248],[2.237789,49.129339],[2.238906,49.129547],[2.239225,49.129642],[2.239496,49.129775],[2.239851,49.129842],[2.240159,49.129845],[2.240205,49.129454],[2.240729,49.129203],[2.241659,49.129489],[2.241958,49.12937],[2.242223,49.129434],[2.242701,49.129379],[2.242881,49.129447],[2.24324,49.129411],[2.243872,49.129112],[2.244043,49.129107],[2.244357,49.129266],[2.244756,49.129259],[2.244787,49.129135],[2.245072,49.128962],[2.245396,49.128976],[2.245816,49.128829],[2.24597,49.128616],[2.24632,49.128499],[2.246585,49.128461],[2.24691,49.128288],[2.246535,49.127634],[2.248054,49.126412],[2.248475,49.126206],[2.248852,49.126105],[2.249066,49.126088],[2.249671,49.126149],[2.24989,49.12615],[2.250145,49.126107],[2.250346,49.126129],[2.251238,49.126031],[2.252002,49.126247],[2.252126,49.126429],[2.252221,49.126468],[2.252409,49.126399],[2.253146,49.126243],[2.253934,49.125868],[2.254184,49.125803],[2.254339,49.12571],[2.254964,49.125799],[2.255161,49.12565],[2.255295,49.125668],[2.255788,49.125408],[2.256096,49.125384],[2.256345,49.124835],[2.256409,49.12481],[2.25662,49.124552],[2.257223,49.124413],[2.25757,49.124466],[2.258005,49.124491],[2.258243,49.124539],[2.259125,49.124034],[2.259333,49.124008],[2.25985,49.123656],[2.260337,49.123618],[2.26086,49.123766],[2.260897,49.123993],[2.261163,49.123992],[2.261589,49.124229],[2.26235,49.124157],[2.262028,49.123411],[2.261783,49.122988],[2.26188,49.122877],[2.262469,49.122317],[2.263742,49.120765],[2.264011,49.120347],[2.263142,49.120162],[2.262313,49.119022],[2.261783,49.118689],[2.261115,49.117833],[2.260914,49.117551],[2.260014,49.116707],[2.260886,49.114244],[2.258357,49.113781],[2.258378,49.113573],[2.257118,49.11346],[2.255808,49.112794],[2.255613,49.112282],[2.255259,49.111249],[2.255222,49.110889],[2.255309,49.11064],[2.255475,49.110331],[2.255939,49.109979],[2.256207,49.109274],[2.256307,49.108397],[2.256387,49.108105],[2.256479,49.107988],[2.256833,49.107723],[2.257197,49.107491],[2.257367,49.107257],[2.257576,49.107035],[2.25821,49.106407],[2.258489,49.106399],[2.259472,49.106222],[2.260167,49.106148],[2.260863,49.106108],[2.261327,49.105868],[2.262173,49.105327],[2.262717,49.104696],[2.263007,49.104163],[2.263163,49.103692],[2.263131,49.103324],[2.262941,49.103018],[2.260433,49.100775],[2.260157,49.099384],[2.260059,49.098951],[2.259965,49.098807],[2.258616,49.096983],[2.257641,49.096169],[2.25644,49.095183],[2.255804,49.095179],[2.254324,49.093936],[2.253678,49.09341],[2.252601,49.092471],[2.251344,49.09143],[2.250632,49.090867],[2.250866,49.089071],[2.251041,49.087621],[2.251226,49.086241],[2.251323,49.085064],[2.249045,49.085864],[2.248172,49.086111],[2.247368,49.086251],[2.246929,49.086285],[2.246613,49.086278],[2.245996,49.086359],[2.245698,49.086415],[2.245485,49.086329],[2.244075,49.086484],[2.243637,49.086632],[2.241152,49.087243],[2.240268,49.0874],[2.238973,49.087438],[2.236991,49.087455],[2.235853,49.087554],[2.235751,49.087712],[2.234865,49.088551],[2.23465,49.088709],[2.232074,49.087981],[2.231136,49.08776],[2.230542,49.087763],[2.229906,49.087748],[2.228389,49.086858],[2.227083,49.086556],[2.22513,49.086786],[2.222798,49.087472],[2.220701,49.087908],[2.220776,49.088208],[2.220362,49.088227],[2.220164,49.088264],[2.218973,49.088395],[2.218384,49.088488],[2.217738,49.088547],[2.217218,49.088646],[2.216784,49.088711],[2.214177,49.089562],[2.213977,49.089205],[2.21369,49.088802],[2.213704,49.088681],[2.213792,49.088564],[2.214298,49.088342],[2.214079,49.087913],[2.213699,49.087979],[2.213008,49.086231],[2.212644,49.086176],[2.212198,49.086165],[2.209223,49.086564],[2.208843,49.086764],[2.207526,49.086785],[2.20635,49.087078]]]}},{"type":"Feature","properties":{"nom":"Jagny-sous-Bois","code":"95316","population":269,"codeDepartement":"95"},"geometry":{"type":"Polygon","coordinates":[[[2.422029,49.083808],[2.421961,49.086774],[2.42259,49.086887],[2.422935,49.086995],[2.423064,49.087051],[2.424791,49.087908],[2.424834,49.087869],[2.424749,49.08762],[2.425808,49.087674],[2.426123,49.087642],[2.426265,49.088033],[2.428296,49.087981],[2.430205,49.087916],[2.432099,49.087781],[2.432052,49.08799],[2.433408,49.087707],[2.433152,49.087206],[2.433516,49.087063],[2.434306,49.086826],[2.435537,49.08833],[2.435992,49.088195],[2.43829,49.089226],[2.438941,49.088562],[2.440399,49.089153],[2.44023,49.089422],[2.441316,49.089766],[2.441223,49.089397],[2.441735,49.089384],[2.441928,49.089943],[2.441702,49.090473],[2.441805,49.090951],[2.44163,49.091059],[2.441918,49.091262],[2.442019,49.091544],[2.442163,49.091757],[2.442476,49.091845],[2.444724,49.092187],[2.444696,49.092279],[2.446045,49.092482],[2.446002,49.092673],[2.446252,49.092729],[2.446218,49.093234],[2.446595,49.093634],[2.448234,49.094463],[2.448982,49.094598],[2.449406,49.095051],[2.449614,49.094828],[2.449843,49.094931],[2.449984,49.094776],[2.449606,49.094149],[2.449255,49.093905],[2.448889,49.093741],[2.448671,49.093392],[2.448604,49.093361],[2.448589,49.092954],[2.449123,49.09287],[2.449177,49.09306],[2.449524,49.093089],[2.449787,49.093079],[2.449758,49.092962],[2.449983,49.09286],[2.450492,49.092725],[2.451064,49.092702],[2.450954,49.092183],[2.452102,49.091981],[2.451888,49.091253],[2.45194,49.090024],[2.452424,49.090023],[2.452353,49.090223],[2.453096,49.090219],[2.453241,49.090399],[2.454239,49.089745],[2.452768,49.089059],[2.452546,49.08894],[2.452981,49.088311],[2.45305,49.088026],[2.453351,49.087731],[2.453485,49.087559],[2.453698,49.087433],[2.453982,49.087485],[2.454159,49.087692],[2.454562,49.087691],[2.45462,49.087597],[2.454709,49.086969],[2.454847,49.086783],[2.455312,49.086785],[2.455466,49.086728],[2.455491,49.086461],[2.455382,49.085957],[2.455253,49.08554],[2.455268,49.084847],[2.455378,49.084112],[2.455573,49.083411],[2.455671,49.083329],[2.455925,49.083271],[2.45642,49.083195],[2.456635,49.083089],[2.456627,49.082834],[2.456664,49.082562],[2.456729,49.082337],[2.456828,49.082207],[2.456948,49.081916],[2.456942,49.08173],[2.457004,49.081568],[2.457334,49.081022],[2.457549,49.080587],[2.457605,49.080516],[2.457346,49.080295],[2.458347,49.079861],[2.458138,49.079566],[2.458093,49.079265],[2.457742,49.078946],[2.457843,49.078654],[2.457823,49.077898],[2.457798,49.077647],[2.457779,49.077101],[2.457751,49.07678],[2.458016,49.076766],[2.459653,49.076305],[2.460613,49.07607],[2.46278,49.075422],[2.462358,49.074109],[2.46211,49.073365],[2.462081,49.073214],[2.46191,49.072698],[2.461057,49.072914],[2.460831,49.072988],[2.46048,49.073065],[2.459482,49.073353],[2.459234,49.073443],[2.459009,49.073599],[2.45896,49.073676],[2.458169,49.074215],[2.457372,49.074785],[2.456956,49.075062],[2.456511,49.074552],[2.456343,49.074395],[2.455771,49.074648],[2.455311,49.074024],[2.45436,49.07425],[2.453816,49.072823],[2.451549,49.073679],[2.450775,49.073109],[2.451379,49.072843],[2.451543,49.072729],[2.45215,49.072487],[2.452467,49.072331],[2.452878,49.072247],[2.453298,49.072134],[2.453478,49.072057],[2.453504,49.07197],[2.452858,49.070526],[2.45279,49.070342],[2.452672,49.069738],[2.450678,49.069374],[2.45073,49.068408],[2.449704,49.068441],[2.449202,49.068478],[2.448473,49.068508],[2.447614,49.068526],[2.446886,49.068595],[2.446635,49.068646],[2.446013,49.06882],[2.445303,49.068924],[2.444923,49.069035],[2.444662,49.06906],[2.445299,49.069508],[2.444742,49.069973],[2.444431,49.070259],[2.442712,49.069765],[2.441362,49.068809],[2.441513,49.069856],[2.441657,49.070381],[2.44168,49.070651],[2.441514,49.071338],[2.438334,49.071383],[2.439693,49.072243],[2.439997,49.072515],[2.440095,49.072776],[2.440163,49.073122],[2.440151,49.073322],[2.439885,49.073988],[2.439466,49.075],[2.439388,49.075296],[2.439093,49.075361],[2.436801,49.076069],[2.435503,49.076457],[2.434836,49.076669],[2.433703,49.077014],[2.433217,49.077153],[2.432229,49.077461],[2.431908,49.077534],[2.430962,49.077608],[2.430875,49.077643],[2.430883,49.077904],[2.430435,49.077973],[2.429976,49.078101],[2.429224,49.078446],[2.429387,49.078741],[2.429801,49.079828],[2.429655,49.080682],[2.429501,49.080772],[2.42938,49.080936],[2.429131,49.081179],[2.428972,49.081274],[2.428922,49.081384],[2.427916,49.081597],[2.42801,49.081995],[2.427833,49.082062],[2.426713,49.082045],[2.426337,49.082077],[2.426215,49.082253],[2.425854,49.082241],[2.424698,49.082113],[2.424519,49.082054],[2.42419,49.082072],[2.423637,49.082247],[2.423032,49.082361],[2.422759,49.082388],[2.422622,49.082642],[2.422693,49.083848],[2.422029,49.083808]]]}},{"type":"Feature","properties":{"nom":"Jouy-le-Moutier","code":"95323","population":17854,"codeDepartement":"95"},"geometry":{"type":"Polygon","coordinates":[[[2.023651,48.997946],[2.023569,48.998012],[2.021956,48.998754],[2.021202,48.999034],[2.020715,48.999198],[2.018784,48.999793],[2.017128,49.000265],[2.014504,49.001099],[2.014149,49.001169],[2.013295,49.001271],[2.012813,49.001843],[2.01266,49.00205],[2.01187,49.003586],[2.011949,49.004136],[2.011984,49.004595],[2.010137,49.005921],[2.009542,49.006368],[2.008441,49.007315],[2.007279,49.008364],[2.007849,49.008355],[2.008224,49.008375],[2.008611,49.00851],[2.009376,49.00896],[2.009965,49.009361],[2.01022,49.009468],[2.010394,49.009488],[2.010227,49.009735],[2.009397,49.010799],[2.008702,49.011483],[2.009274,49.011692],[2.011184,49.012593],[2.013434,49.013572],[2.014684,49.014015],[2.015124,49.0142],[2.014977,49.014423],[2.013898,49.015401],[2.013741,49.01557],[2.013835,49.017364],[2.013699,49.017504],[2.012287,49.017433],[2.011587,49.017573],[2.011019,49.019177],[2.010836,49.020658],[2.012263,49.020752],[2.014286,49.020873],[2.016081,49.020921],[2.019002,49.021037],[2.02117,49.021116],[2.021456,49.021109],[2.021919,49.021055],[2.024588,49.020237],[2.024783,49.020197],[2.026377,49.019699],[2.027113,49.019486],[2.027915,49.019235],[2.028797,49.018971],[2.028903,49.018975],[2.029064,49.019255],[2.029237,49.019671],[2.032399,49.020289],[2.031921,49.021215],[2.031662,49.02136],[2.031626,49.021466],[2.031692,49.021588],[2.031909,49.021676],[2.032344,49.021629],[2.032949,49.021669],[2.033035,49.021714],[2.033344,49.021744],[2.033994,49.021859],[2.03454,49.02199],[2.034807,49.022087],[2.035101,49.022368],[2.03514,49.022485],[2.034915,49.022777],[2.034685,49.023142],[2.035141,49.023503],[2.035312,49.023605],[2.035724,49.023724],[2.036757,49.023852],[2.037259,49.023846],[2.037044,49.024361],[2.037463,49.024563],[2.037814,49.024653],[2.040773,49.025703],[2.041291,49.025109],[2.041906,49.024284],[2.042355,49.023642],[2.042799,49.023064],[2.043343,49.022504],[2.044209,49.022012],[2.045427,49.021215],[2.046106,49.020717],[2.046856,49.020098],[2.047795,49.019364],[2.048564,49.01879],[2.050141,49.017732],[2.051061,49.017138],[2.052367,49.016313],[2.053241,49.015801],[2.053666,49.015504],[2.054132,49.015239],[2.054997,49.014882],[2.055343,49.014719],[2.056289,49.014153],[2.056569,49.01397],[2.057499,49.013284],[2.058032,49.012856],[2.058661,49.01239],[2.059425,49.011904],[2.06058,49.011102],[2.06111,49.01077],[2.061409,49.010549],[2.062015,49.010011],[2.063704,49.00875],[2.064128,49.008459],[2.063686,49.008139],[2.063237,49.00792],[2.062362,49.007535],[2.061819,49.007312],[2.061642,49.007211],[2.060364,49.006689],[2.059394,49.006256],[2.057449,49.005748],[2.057519,49.005651],[2.057311,49.005521],[2.056963,49.005382],[2.05647,49.005282],[2.056215,49.005249],[2.05541,49.005236],[2.054914,49.005201],[2.054629,49.005138],[2.053912,49.004886],[2.053205,49.00446],[2.052777,49.004297],[2.052454,49.004255],[2.052207,49.004171],[2.051406,49.003949],[2.051047,49.003806],[2.049923,49.003044],[2.049747,49.00296],[2.049876,49.002619],[2.049375,49.002574],[2.048113,49.002324],[2.047383,49.002141],[2.046703,49.001922],[2.044981,49.001327],[2.043557,49.000776],[2.042792,49.000586],[2.042626,49.000729],[2.041662,49.001322],[2.041456,49.001379],[2.040875,49.001359],[2.039875,49.001363],[2.03899,49.001414],[2.037893,49.001532],[2.037022,49.001656],[2.03662,49.001693],[2.035983,49.001697],[2.034931,49.001683],[2.03443,49.001689],[2.030638,49.001675],[2.029937,49.00174],[2.02933,49.001754],[2.029085,49.001738],[2.028624,49.001656],[2.028284,49.001559],[2.027594,49.001307],[2.026851,49.00097],[2.025891,49.000411],[2.02605,48.999844],[2.025074,48.999028],[2.023651,48.997946]]]}},{"type":"Feature","properties":{"nom":"Labbeville","code":"95328","population":641,"codeDepartement":"95"},"geometry":{"type":"Polygon","coordinates":[[[2.112003,49.143724],[2.113185,49.143642],[2.114225,49.143773],[2.115579,49.144137],[2.115378,49.144868],[2.115227,49.145199],[2.115092,49.145408],[2.114248,49.14647],[2.112305,49.14874],[2.112228,49.148851],[2.112215,49.149016],[2.112272,49.149548],[2.112763,49.149431],[2.113041,49.149621],[2.113602,49.150143],[2.114257,49.150348],[2.114733,49.150065],[2.114799,49.149909],[2.114924,49.149778],[2.115242,49.149585],[2.115433,49.149531],[2.115852,49.149472],[2.116674,49.149477],[2.117172,49.149449],[2.118204,49.14917],[2.118663,49.14907],[2.119157,49.148988],[2.120452,49.14883],[2.121104,49.148722],[2.121104,49.148804],[2.121638,49.150336],[2.121955,49.152367],[2.12203,49.152797],[2.122177,49.153483],[2.122444,49.153482],[2.125053,49.153534],[2.12561,49.153556],[2.127016,49.153655],[2.128672,49.15382],[2.129071,49.153873],[2.131755,49.149218],[2.133468,49.149692],[2.133822,49.149771],[2.134486,49.149883],[2.135333,49.14999],[2.135658,49.149399],[2.136181,49.148243],[2.138003,49.148377],[2.138359,49.147649],[2.138647,49.147622],[2.138934,49.146201],[2.139859,49.146286],[2.139965,49.145569],[2.139988,49.145105],[2.139358,49.145088],[2.139357,49.144494],[2.139947,49.144448],[2.14148,49.144376],[2.141755,49.144321],[2.143263,49.144097],[2.143825,49.143917],[2.144557,49.143728],[2.145099,49.14388],[2.145249,49.143477],[2.146687,49.143539],[2.146605,49.143781],[2.147392,49.14402],[2.148083,49.144248],[2.149188,49.144546],[2.150404,49.14439],[2.151552,49.143715],[2.151958,49.143532],[2.152558,49.143293],[2.153307,49.143099],[2.153843,49.142818],[2.154039,49.142675],[2.154388,49.142277],[2.154526,49.142294],[2.155112,49.142443],[2.155181,49.142384],[2.155695,49.142081],[2.156097,49.14169],[2.156513,49.14138],[2.157191,49.141016],[2.15788,49.140913],[2.158154,49.140798],[2.158945,49.140319],[2.159448,49.139973],[2.159707,49.139728],[2.159289,49.138586],[2.158702,49.138771],[2.158247,49.138873],[2.158056,49.138697],[2.157715,49.13813],[2.157632,49.138134],[2.156958,49.137319],[2.157374,49.137271],[2.157788,49.137144],[2.156832,49.136054],[2.156586,49.136175],[2.156291,49.136273],[2.15574,49.134928],[2.15564,49.134871],[2.154608,49.133488],[2.154029,49.132298],[2.153863,49.131379],[2.155258,49.131364],[2.153263,49.129711],[2.152166,49.128979],[2.151689,49.128364],[2.15123,49.127996],[2.151158,49.127982],[2.150926,49.127805],[2.14918,49.127437],[2.148601,49.125757],[2.145626,49.122641],[2.146177,49.122334],[2.145787,49.121853],[2.145299,49.121295],[2.143747,49.119502],[2.142009,49.117517],[2.141299,49.116682],[2.140998,49.116354],[2.140618,49.115882],[2.136066,49.117968],[2.135902,49.117545],[2.135604,49.116913],[2.135364,49.116457],[2.129351,49.11791],[2.128941,49.11816],[2.125069,49.118777],[2.123878,49.119143],[2.123934,49.118992],[2.122674,49.119201],[2.120575,49.119704],[2.117093,49.120512],[2.115975,49.120754],[2.113357,49.121288],[2.113291,49.12141],[2.114261,49.122828],[2.115233,49.124244],[2.117694,49.127936],[2.11784,49.127986],[2.118813,49.128159],[2.121414,49.133149],[2.120563,49.133242],[2.120893,49.134218],[2.120699,49.134219],[2.120653,49.1343],[2.120874,49.134802],[2.121221,49.135489],[2.121431,49.13546],[2.121642,49.135958],[2.121785,49.136152],[2.122,49.136187],[2.123499,49.135972],[2.123957,49.135555],[2.124548,49.135428],[2.124883,49.135565],[2.125357,49.136452],[2.12646,49.137211],[2.126827,49.137174],[2.127776,49.137103],[2.127795,49.13733],[2.127907,49.137917],[2.128086,49.138763],[2.129211,49.138614],[2.129531,49.138598],[2.130116,49.138636],[2.130457,49.139978],[2.130862,49.141834],[2.130398,49.141866],[2.125505,49.142312],[2.126066,49.142807],[2.123002,49.144853],[2.121918,49.144158],[2.121969,49.144026],[2.12095,49.143153],[2.120852,49.142961],[2.12104,49.142689],[2.120476,49.142564],[2.120771,49.142017],[2.119637,49.141711],[2.119694,49.141495],[2.118131,49.141135],[2.117384,49.141065],[2.116091,49.140867],[2.115919,49.140916],[2.115822,49.141089],[2.115474,49.142465],[2.11516,49.142269],[2.114884,49.142196],[2.114638,49.142098],[2.113514,49.141939],[2.112521,49.142273],[2.111558,49.142526],[2.111287,49.142735],[2.112686,49.143236],[2.112003,49.143724]]]}},{"type":"Feature","properties":{"nom":"Lassy","code":"95331","population":196,"codeDepartement":"95"},"geometry":{"type":"Polygon","coordinates":[[[2.422935,49.086995],[2.422894,49.08714],[2.422837,49.087593],[2.422823,49.087874],[2.422876,49.088349],[2.422991,49.0887],[2.42325,49.089171],[2.423432,49.089361],[2.423972,49.089771],[2.424229,49.090046],[2.425093,49.091242],[2.425364,49.091652],[2.425935,49.091858],[2.426757,49.091723],[2.42758,49.09316],[2.428268,49.093023],[2.428889,49.094051],[2.428677,49.094382],[2.42899,49.095039],[2.429364,49.095647],[2.429904,49.095398],[2.43032,49.095144],[2.430663,49.095368],[2.430322,49.095952],[2.430733,49.096087],[2.430507,49.096492],[2.430515,49.096707],[2.430586,49.096832],[2.431231,49.096766],[2.431375,49.097107],[2.431873,49.097855],[2.432381,49.098361],[2.43288,49.098815],[2.433471,49.09923],[2.433756,49.09927],[2.434011,49.099359],[2.434671,49.099676],[2.434929,49.099867],[2.435461,49.1002],[2.436016,49.10067],[2.436177,49.100849],[2.43666,49.101133],[2.437191,49.101417],[2.438022,49.101947],[2.438559,49.102217],[2.439517,49.102909],[2.440722,49.103467],[2.44107,49.103741],[2.442101,49.103143],[2.442365,49.102785],[2.443293,49.102081],[2.443859,49.101634],[2.444471,49.101205],[2.4448,49.100997],[2.446809,49.100562],[2.449754,49.100761],[2.448311,49.099826],[2.448078,49.099726],[2.448385,49.099682],[2.450777,49.099376],[2.451111,49.099348],[2.45156,49.099059],[2.451715,49.099015],[2.451605,49.098463],[2.451381,49.098028],[2.451136,49.097756],[2.450921,49.097379],[2.450633,49.097033],[2.450354,49.096603],[2.450234,49.096372],[2.449394,49.096551],[2.4493,49.096457],[2.450218,49.096109],[2.449466,49.095081],[2.449406,49.095051],[2.448982,49.094598],[2.448234,49.094463],[2.446595,49.093634],[2.446218,49.093234],[2.446252,49.092729],[2.446002,49.092673],[2.446045,49.092482],[2.444696,49.092279],[2.444724,49.092187],[2.442476,49.091845],[2.442163,49.091757],[2.442019,49.091544],[2.441918,49.091262],[2.44163,49.091059],[2.441805,49.090951],[2.441702,49.090473],[2.441928,49.089943],[2.441735,49.089384],[2.441223,49.089397],[2.441316,49.089766],[2.44023,49.089422],[2.440399,49.089153],[2.438941,49.088562],[2.43829,49.089226],[2.435992,49.088195],[2.435537,49.08833],[2.434306,49.086826],[2.433516,49.087063],[2.433152,49.087206],[2.433408,49.087707],[2.432052,49.08799],[2.432099,49.087781],[2.430205,49.087916],[2.428296,49.087981],[2.426265,49.088033],[2.426123,49.087642],[2.425808,49.087674],[2.424749,49.08762],[2.424834,49.087869],[2.424791,49.087908],[2.423064,49.087051],[2.422935,49.086995]]]}},{"type":"Feature","properties":{"nom":"Livilliers","code":"95341","population":389,"codeDepartement":"95"},"geometry":{"type":"Polygon","coordinates":[[[2.10572,49.113507],[2.107232,49.11289],[2.107698,49.112621],[2.108222,49.112262],[2.109587,49.111434],[2.110362,49.110639],[2.110707,49.109714],[2.110483,49.109358],[2.110232,49.109045],[2.110039,49.108306],[2.109956,49.107652],[2.10982,49.106457],[2.10969,49.105528],[2.109663,49.105421],[2.109431,49.105188],[2.108612,49.104544],[2.108537,49.104473],[2.111356,49.103072],[2.110543,49.102636],[2.111629,49.101786],[2.11004,49.100759],[2.110281,49.100545],[2.109664,49.100077],[2.11059,49.099136],[2.111936,49.097246],[2.112584,49.096689],[2.113344,49.095993],[2.113186,49.095928],[2.117135,49.093726],[2.112916,49.092655],[2.110389,49.091971],[2.108826,49.091563],[2.107617,49.091239],[2.103835,49.090241],[2.101875,49.089747],[2.100652,49.089417],[2.099373,49.088667],[2.098419,49.088081],[2.09251,49.084569],[2.087926,49.086129],[2.086626,49.086556],[2.086212,49.085632],[2.086186,49.085257],[2.086225,49.084675],[2.086205,49.084196],[2.086049,49.083936],[2.085807,49.084013],[2.084292,49.084211],[2.084152,49.08423],[2.084171,49.084333],[2.083875,49.08505],[2.083649,49.085751],[2.083747,49.0859],[2.08396,49.086497],[2.08407,49.086998],[2.084539,49.087872],[2.084815,49.08815],[2.085112,49.088388],[2.085449,49.088694],[2.085321,49.089483],[2.085244,49.090072],[2.085299,49.090316],[2.085523,49.090395],[2.085485,49.090514],[2.08504,49.091022],[2.084835,49.091228],[2.084081,49.091723],[2.083768,49.091951],[2.083595,49.092048],[2.083404,49.09223],[2.083359,49.09239],[2.083356,49.092597],[2.082927,49.092333],[2.082508,49.092212],[2.082045,49.092123],[2.08197,49.092251],[2.081613,49.092576],[2.081123,49.092987],[2.080791,49.093207],[2.08024,49.093453],[2.080137,49.093527],[2.080053,49.093717],[2.079683,49.093915],[2.079049,49.094116],[2.078205,49.094254],[2.077399,49.094528],[2.076941,49.094723],[2.076766,49.094835],[2.076251,49.095237],[2.075641,49.095676],[2.075086,49.095957],[2.074628,49.096151],[2.074414,49.096271],[2.074847,49.0966],[2.073828,49.097353],[2.073503,49.097159],[2.072948,49.097276],[2.072998,49.097511],[2.072828,49.097539],[2.072819,49.097811],[2.072873,49.098141],[2.073078,49.098272],[2.073077,49.098322],[2.072442,49.099146],[2.072373,49.099175],[2.072315,49.099662],[2.072235,49.099844],[2.072305,49.099966],[2.072597,49.100594],[2.072668,49.100751],[2.073242,49.101756],[2.073803,49.102608],[2.074402,49.103432],[2.074689,49.103671],[2.075573,49.104336],[2.076852,49.104856],[2.076543,49.105074],[2.076806,49.105282],[2.076942,49.10543],[2.077294,49.106127],[2.077308,49.106193],[2.078386,49.106739],[2.078907,49.106507],[2.083379,49.109447],[2.083626,49.109186],[2.084649,49.109829],[2.088449,49.112266],[2.089775,49.113121],[2.088551,49.113928],[2.08921,49.114352],[2.091154,49.115549],[2.091117,49.115851],[2.092005,49.116349],[2.094356,49.114558],[2.097914,49.112693],[2.098301,49.112667],[2.101832,49.112294],[2.102722,49.112143],[2.104183,49.112016],[2.104462,49.112299],[2.10572,49.113507]]]}},{"type":"Feature","properties":{"nom":"Longuesse","code":"95348","population":496,"codeDepartement":"95"},"geometry":{"type":"Polygon","coordinates":[[[1.914132,49.045783],[1.913518,49.045905],[1.913025,49.046074],[1.912576,49.046192],[1.911903,49.046437],[1.910809,49.046935],[1.908804,49.047896],[1.908621,49.048011],[1.90846,49.048181],[1.908183,49.048568],[1.907374,49.04986],[1.90661,49.051057],[1.906526,49.051234],[1.906091,49.051141],[1.904318,49.053029],[1.90384,49.053527],[1.903655,49.053986],[1.903301,49.054784],[1.903025,49.055257],[1.902644,49.055741],[1.90227,49.056138],[1.902163,49.056357],[1.902001,49.056938],[1.902,49.057566],[1.901943,49.057802],[1.901854,49.058015],[1.901536,49.058426],[1.901318,49.058767],[1.901266,49.058772],[1.90061,49.058624],[1.899109,49.060129],[1.89772,49.061759],[1.89847,49.061955],[1.899324,49.062195],[1.899592,49.062257],[1.89955,49.062538],[1.899372,49.063352],[1.899453,49.063627],[1.899655,49.064081],[1.899688,49.064264],[1.899699,49.064649],[1.899597,49.06488],[1.89921,49.065363],[1.89915,49.065482],[1.899148,49.065724],[1.899301,49.066121],[1.899324,49.066382],[1.899283,49.066631],[1.899182,49.066909],[1.898833,49.067614],[1.898857,49.067769],[1.899247,49.068111],[1.89952,49.068461],[1.899565,49.068715],[1.89965,49.068944],[1.89978,49.069145],[1.899984,49.069356],[1.900311,49.069609],[1.900469,49.06964],[1.900767,49.069817],[1.901972,49.071433],[1.902659,49.072422],[1.903147,49.073097],[1.903241,49.073249],[1.904241,49.074647],[1.904457,49.074583],[1.906377,49.073538],[1.907038,49.073166],[1.907582,49.072901],[1.90855,49.072389],[1.908883,49.072184],[1.909417,49.071934],[1.910649,49.071324],[1.911541,49.070868],[1.911978,49.070669],[1.912455,49.070373],[1.912739,49.070136],[1.913456,49.069372],[1.913593,49.069251],[1.914344,49.068802],[1.915584,49.067998],[1.916999,49.068946],[1.917843,49.069419],[1.918137,49.069366],[1.918164,49.069101],[1.918338,49.069156],[1.918672,49.069211],[1.919002,49.069237],[1.919618,49.069169],[1.919741,49.069137],[1.920428,49.069158],[1.920925,49.069073],[1.920938,49.068843],[1.921038,49.068584],[1.921144,49.068424],[1.921484,49.068149],[1.922101,49.067815],[1.922569,49.067668],[1.923144,49.067556],[1.923554,49.067426],[1.933754,49.069782],[1.934316,49.069507],[1.934646,49.069315],[1.934947,49.0692],[1.935884,49.06873],[1.936464,49.06841],[1.937042,49.068784],[1.937108,49.068855],[1.937975,49.069474],[1.938638,49.069907],[1.939104,49.070155],[1.939631,49.070494],[1.939702,49.070502],[1.940547,49.071196],[1.941964,49.07078],[1.942056,49.070847],[1.945394,49.073656],[1.946471,49.075009],[1.94706,49.074891],[1.947339,49.075344],[1.947095,49.075424],[1.947809,49.075982],[1.94882,49.075564],[1.952485,49.078615],[1.952999,49.078322],[1.956468,49.076423],[1.955443,49.075639],[1.961039,49.073281],[1.959097,49.071694],[1.95999,49.071565],[1.959605,49.071113],[1.960263,49.070816],[1.959294,49.069858],[1.957701,49.068219],[1.957117,49.067604],[1.956772,49.067741],[1.953474,49.064363],[1.953192,49.064509],[1.952708,49.064718],[1.952052,49.06497],[1.951949,49.065035],[1.951221,49.06416],[1.950799,49.063733],[1.950497,49.063375],[1.950251,49.062958],[1.950127,49.062785],[1.950153,49.062721],[1.950396,49.062615],[1.949317,49.060993],[1.948315,49.061219],[1.948229,49.061104],[1.948435,49.060942],[1.947493,49.06079],[1.947307,49.060614],[1.946835,49.060453],[1.94643,49.060257],[1.94581,49.059988],[1.945814,49.059947],[1.945074,49.059531],[1.945674,49.059304],[1.942018,49.055934],[1.941252,49.05631],[1.939724,49.054645],[1.940313,49.054404],[1.940805,49.054224],[1.941057,49.054153],[1.940939,49.053886],[1.940353,49.053424],[1.939978,49.052829],[1.940345,49.052684],[1.942457,49.052381],[1.942925,49.052285],[1.943096,49.052168],[1.943334,49.051746],[1.943533,49.051582],[1.944097,49.051233],[1.94424,49.050961],[1.944135,49.050853],[1.943528,49.050323],[1.943211,49.050105],[1.942772,49.049868],[1.942485,49.049578],[1.941749,49.048907],[1.941488,49.048699],[1.941271,49.048602],[1.941057,49.048588],[1.938989,49.048219],[1.937724,49.04827],[1.936918,49.048446],[1.936553,49.048513],[1.935395,49.048694],[1.935036,49.048789],[1.934775,49.048915],[1.934203,49.049252],[1.933702,49.049584],[1.93341,49.049659],[1.933221,49.049751],[1.932694,49.049827],[1.93178,49.050176],[1.931718,49.050079],[1.930535,49.050309],[1.930657,49.05043],[1.930175,49.050442],[1.929331,49.05043],[1.929406,49.050809],[1.928885,49.050801],[1.928511,49.050754],[1.927933,49.050556],[1.927337,49.050465],[1.926564,49.050435],[1.926299,49.050455],[1.925668,49.050601],[1.924298,49.050958],[1.923713,49.051147],[1.923288,49.051255],[1.922516,49.051381],[1.922452,49.051378],[1.922288,49.051055],[1.921178,49.051277],[1.921109,49.051155],[1.921101,49.051004],[1.92022,49.05115],[1.918906,49.051453],[1.918556,49.051498],[1.918113,49.051592],[1.916518,49.052105],[1.916333,49.051662],[1.91627,49.05142],[1.91581,49.050232],[1.915536,49.049416],[1.915409,49.048804],[1.91526,49.048425],[1.914941,49.047693],[1.914745,49.047187],[1.914567,49.04678],[1.914498,49.046573],[1.914132,49.045783]]]}},{"type":"Feature","properties":{"nom":"Louvres","code":"95351","population":12560,"codeDepartement":"95"},"geometry":{"type":"Polygon","coordinates":[[[2.526051,49.030112],[2.525564,49.027679],[2.525552,49.02758],[2.525339,49.026913],[2.5238,49.026987],[2.518669,49.027345],[2.51653,49.027657],[2.515589,49.027834],[2.509683,49.028722],[2.50981,49.028436],[2.508948,49.026489],[2.507257,49.026754],[2.506321,49.02485],[2.502621,49.025606],[2.502687,49.025768],[2.500029,49.026427],[2.49985,49.026157],[2.4985,49.024036],[2.498381,49.024068],[2.496235,49.024406],[2.493629,49.024832],[2.494025,49.026457],[2.493663,49.026446],[2.492359,49.026356],[2.492313,49.026166],[2.491655,49.026105],[2.490396,49.025936],[2.489774,49.025822],[2.488896,49.025721],[2.488015,49.025644],[2.487337,49.025625],[2.486575,49.025651],[2.485973,49.025723],[2.485428,49.025765],[2.485434,49.025973],[2.485384,49.026193],[2.485033,49.026212],[2.484967,49.026367],[2.485261,49.026517],[2.485364,49.026602],[2.485798,49.027112],[2.486018,49.027501],[2.485612,49.027622],[2.485455,49.027593],[2.484887,49.027397],[2.483903,49.027727],[2.48422,49.028147],[2.484566,49.028472],[2.484726,49.028829],[2.484634,49.029098],[2.484612,49.029441],[2.484635,49.029535],[2.485201,49.03049],[2.484817,49.030713],[2.485094,49.031212],[2.485092,49.03136],[2.484958,49.031543],[2.484711,49.031756],[2.484337,49.031967],[2.484072,49.032064],[2.482998,49.032406],[2.48205,49.032746],[2.481312,49.03306],[2.481594,49.033217],[2.48013,49.034082],[2.479555,49.034656],[2.480733,49.035271],[2.47957,49.036476],[2.47982,49.036849],[2.479363,49.037026],[2.479575,49.037614],[2.479747,49.037942],[2.478795,49.038578],[2.478809,49.038663],[2.478536,49.038809],[2.477754,49.039264],[2.477274,49.039582],[2.476819,49.03994],[2.476176,49.040704],[2.476047,49.040805],[2.475732,49.040657],[2.475386,49.041112],[2.475227,49.041265],[2.474909,49.04111],[2.474608,49.040926],[2.4742,49.041359],[2.474002,49.041629],[2.474127,49.041688],[2.474277,49.04188],[2.474118,49.042216],[2.475217,49.043597],[2.478606,49.04531],[2.482159,49.050606],[2.482344,49.050564],[2.482316,49.05225],[2.482153,49.052279],[2.481885,49.054037],[2.488648,49.053385],[2.488994,49.052938],[2.489903,49.05171],[2.490152,49.0517],[2.49066,49.051571],[2.491977,49.051258],[2.492119,49.051204],[2.492325,49.051631],[2.492536,49.052132],[2.492708,49.052364],[2.493009,49.052681],[2.493485,49.053217],[2.493727,49.05362],[2.493785,49.053849],[2.494616,49.053764],[2.495121,49.053787],[2.495575,49.053909],[2.496219,49.054003],[2.496782,49.054031],[2.497388,49.054081],[2.499021,49.054542],[2.498949,49.054784],[2.49953,49.055006],[2.499605,49.054943],[2.500293,49.055425],[2.501068,49.055922],[2.503057,49.057139],[2.504157,49.057797],[2.503921,49.058187],[2.503879,49.058395],[2.503855,49.059097],[2.503874,49.059518],[2.504362,49.059564],[2.505595,49.059658],[2.505612,49.059675],[2.505652,49.060736],[2.506647,49.060754],[2.506673,49.061315],[2.506755,49.062204],[2.506854,49.063096],[2.506931,49.063627],[2.507003,49.064424],[2.507042,49.064665],[2.50866,49.064842],[2.50927,49.064774],[2.50953,49.064713],[2.510074,49.064654],[2.511753,49.064517],[2.512863,49.064407],[2.514804,49.064175],[2.517292,49.063922],[2.518145,49.063812],[2.518757,49.063712],[2.519234,49.063618],[2.519891,49.063428],[2.520133,49.063398],[2.522976,49.06269],[2.522093,49.061554],[2.521788,49.061183],[2.520961,49.060095],[2.51527,49.052784],[2.516531,49.051847],[2.518312,49.051626],[2.521252,49.051181],[2.525519,49.050509],[2.527285,49.05028],[2.526582,49.049262],[2.527243,49.049119],[2.527107,49.048872],[2.527626,49.04876],[2.527795,49.048996],[2.528235,49.048902],[2.528173,49.048647],[2.528011,49.047784],[2.527962,49.047143],[2.527973,49.046732],[2.528038,49.046614],[2.527998,49.045963],[2.527932,49.045688],[2.527671,49.04536],[2.527235,49.044715],[2.526918,49.044071],[2.52688,49.043879],[2.526779,49.042843],[2.526909,49.041915],[2.52709,49.041824],[2.526793,49.040934],[2.526107,49.03861],[2.5266,49.038619],[2.526989,49.038562],[2.527148,49.038515],[2.528029,49.038151],[2.527156,49.034871],[2.527353,49.03245],[2.526513,49.032411],[2.526051,49.030112]]]}},{"type":"Feature","properties":{"nom":"Luzarches","code":"95352","population":5008,"codeDepartement":"95"},"geometry":{"type":"Polygon","coordinates":[[[2.4389,49.141639],[2.438041,49.139633],[2.437561,49.138608],[2.436735,49.136629],[2.43571,49.13448],[2.435477,49.134049],[2.434737,49.13394],[2.434349,49.133858],[2.433884,49.133783],[2.433599,49.133766],[2.43336,49.133827],[2.431716,49.133458],[2.431674,49.133426],[2.431334,49.135367],[2.428522,49.135332],[2.428521,49.134868],[2.42785,49.134844],[2.427609,49.134867],[2.426519,49.134872],[2.425845,49.134913],[2.425553,49.134806],[2.4252,49.134471],[2.42469,49.134129],[2.424173,49.133719],[2.423514,49.133518],[2.422961,49.133648],[2.422168,49.133877],[2.421837,49.133999],[2.420761,49.133058],[2.419806,49.133556],[2.419561,49.133668],[2.419392,49.133498],[2.418803,49.132839],[2.418721,49.132786],[2.417937,49.13191],[2.417631,49.131545],[2.420023,49.129992],[2.419428,49.129503],[2.418813,49.129639],[2.417787,49.127275],[2.414841,49.128093],[2.413585,49.127019],[2.41353,49.126989],[2.411447,49.125446],[2.411301,49.125298],[2.410918,49.124828],[2.411976,49.124292],[2.412718,49.123991],[2.41319,49.123703],[2.413965,49.122939],[2.415341,49.122576],[2.415496,49.122661],[2.415922,49.123116],[2.416043,49.123653],[2.416405,49.124206],[2.416514,49.12451],[2.417159,49.124418],[2.417757,49.124354],[2.418287,49.124473],[2.418426,49.124533],[2.419339,49.125497],[2.421177,49.125016],[2.421648,49.124723],[2.421941,49.124475],[2.421529,49.124268],[2.422809,49.123204],[2.422542,49.123018],[2.420947,49.12205],[2.422297,49.121322],[2.42357,49.120171],[2.42378,49.120341],[2.42408,49.120134],[2.423988,49.120013],[2.425365,49.119595],[2.425722,49.119412],[2.425418,49.119251],[2.425269,49.118988],[2.425466,49.118678],[2.425724,49.118525],[2.426911,49.118891],[2.427301,49.118814],[2.427483,49.118461],[2.427837,49.117918],[2.427966,49.117745],[2.428224,49.117746],[2.429001,49.118231],[2.429964,49.118448],[2.43108,49.118832],[2.431184,49.118832],[2.431271,49.118571],[2.431342,49.117962],[2.431303,49.117796],[2.431112,49.116718],[2.431092,49.116424],[2.430935,49.115821],[2.430625,49.11489],[2.430614,49.114679],[2.430654,49.114512],[2.431654,49.114964],[2.431981,49.115048],[2.433614,49.115515],[2.434461,49.115794],[2.434829,49.115962],[2.435,49.116147],[2.435519,49.116419],[2.436043,49.116067],[2.43644,49.116307],[2.43651,49.11724],[2.436674,49.117397],[2.436947,49.117555],[2.435985,49.118283],[2.436577,49.118696],[2.43746,49.119195],[2.438032,49.119589],[2.43843,49.119885],[2.438489,49.120172],[2.438752,49.120238],[2.439237,49.121152],[2.439574,49.121871],[2.440222,49.121755],[2.441222,49.121632],[2.44216,49.121457],[2.442359,49.121393],[2.442604,49.121956],[2.442678,49.122195],[2.442907,49.12272],[2.443501,49.124],[2.444325,49.123828],[2.447526,49.128111],[2.447828,49.128336],[2.448657,49.129078],[2.449623,49.129704],[2.451525,49.130184],[2.452274,49.130614],[2.45309,49.130722],[2.454524,49.131077],[2.45555,49.131521],[2.456146,49.131646],[2.456642,49.131829],[2.457227,49.134581],[2.457439,49.134699],[2.457834,49.134975],[2.458596,49.13544],[2.459017,49.135679],[2.45997,49.136058],[2.460317,49.136225],[2.460957,49.136611],[2.461138,49.136744],[2.461191,49.136755],[2.461286,49.136142],[2.464842,49.136248],[2.464797,49.136105],[2.465223,49.136113],[2.46662,49.136097],[2.467595,49.136102],[2.467628,49.136055],[2.467557,49.135013],[2.468843,49.134908],[2.46883,49.134731],[2.469503,49.134681],[2.469713,49.135288],[2.470105,49.1352],[2.470628,49.135044],[2.470812,49.1353],[2.471189,49.135264],[2.47154,49.135404],[2.471745,49.135083],[2.472502,49.134222],[2.472954,49.133692],[2.474558,49.131847],[2.474861,49.13151],[2.475304,49.130983],[2.477511,49.13098],[2.476158,49.129443],[2.475313,49.128462],[2.475346,49.128446],[2.47676,49.128121],[2.483246,49.126607],[2.487289,49.125646],[2.487312,49.12565],[2.489568,49.12501],[2.494386,49.123596],[2.496531,49.122973],[2.497826,49.122588],[2.499083,49.12224],[2.49913,49.122164],[2.499816,49.121383],[2.502305,49.118519],[2.50297,49.117769],[2.503013,49.117666],[2.498272,49.115142],[2.491838,49.111726],[2.491218,49.11142],[2.491423,49.111083],[2.491366,49.110421],[2.491257,49.110113],[2.490953,49.108823],[2.490769,49.108221],[2.4904,49.107212],[2.490068,49.106246],[2.489877,49.106317],[2.489079,49.106508],[2.488208,49.106652],[2.48645,49.106833],[2.484634,49.106996],[2.48409,49.107008],[2.484057,49.107455],[2.483966,49.108251],[2.483823,49.109231],[2.483636,49.110119],[2.483343,49.110688],[2.483238,49.111724],[2.481785,49.112021],[2.479203,49.112122],[2.475561,49.112271],[2.466866,49.111844],[2.466603,49.111472],[2.465675,49.111003],[2.465243,49.110595],[2.464184,49.111026],[2.463688,49.111478],[2.46316,49.111836],[2.462132,49.111477],[2.460496,49.110621],[2.460239,49.110452],[2.458924,49.109527],[2.45844,49.109123],[2.458238,49.10899],[2.457904,49.10871],[2.458266,49.108325],[2.458838,49.107842],[2.457158,49.107294],[2.456343,49.10701],[2.455575,49.106722],[2.45543,49.106749],[2.454691,49.106118],[2.454559,49.10605],[2.453785,49.105391],[2.453407,49.105044],[2.452856,49.104428],[2.452492,49.103995],[2.452126,49.103373],[2.451868,49.102736],[2.451683,49.102425],[2.451415,49.102062],[2.4512,49.101514],[2.450755,49.101397],[2.450264,49.101218],[2.449974,49.101025],[2.449782,49.100784],[2.449754,49.100761],[2.446809,49.100562],[2.4448,49.100997],[2.444471,49.101205],[2.443859,49.101634],[2.443293,49.102081],[2.442365,49.102785],[2.442101,49.103143],[2.44107,49.103741],[2.440722,49.103467],[2.439517,49.102909],[2.438559,49.102217],[2.438022,49.101947],[2.437191,49.101417],[2.43666,49.101133],[2.436177,49.100849],[2.436016,49.10067],[2.435461,49.1002],[2.434929,49.099867],[2.434671,49.099676],[2.434011,49.099359],[2.433756,49.09927],[2.433471,49.09923],[2.43288,49.098815],[2.432381,49.098361],[2.431873,49.097855],[2.431375,49.097107],[2.431231,49.096766],[2.430586,49.096832],[2.430515,49.096707],[2.430507,49.096492],[2.430733,49.096087],[2.430322,49.095952],[2.430663,49.095368],[2.43032,49.095144],[2.429904,49.095398],[2.429364,49.095647],[2.42899,49.095039],[2.428677,49.094382],[2.428889,49.094051],[2.428268,49.093023],[2.42758,49.09316],[2.426757,49.091723],[2.425935,49.091858],[2.426212,49.093117],[2.425937,49.093161],[2.425261,49.093059],[2.42071,49.093563],[2.420076,49.093623],[2.419472,49.093698],[2.417931,49.093824],[2.417196,49.093371],[2.41716,49.093634],[2.416685,49.093786],[2.415374,49.092835],[2.41402,49.092209],[2.413152,49.091975],[2.412694,49.091906],[2.411689,49.091967],[2.40905,49.092323],[2.408931,49.091964],[2.406972,49.09205],[2.407039,49.092568],[2.407179,49.093497],[2.408275,49.093896],[2.410714,49.09495],[2.411902,49.095561],[2.412203,49.095594],[2.41245,49.095471],[2.412929,49.09547],[2.41423,49.095694],[2.414722,49.096009],[2.414791,49.096233],[2.414299,49.096593],[2.414163,49.097357],[2.413775,49.098162],[2.413482,49.098885],[2.413223,49.098936],[2.412988,49.098874],[2.412376,49.098606],[2.411198,49.098435],[2.410402,49.09821],[2.409336,49.09786],[2.408691,49.097765],[2.407597,49.098394],[2.407323,49.098395],[2.406296,49.097766],[2.406159,49.097766],[2.401798,49.099702],[2.400697,49.100275],[2.398159,49.10141],[2.397954,49.10141],[2.394632,49.099839],[2.394447,49.09912],[2.393557,49.098087],[2.392758,49.099076],[2.39137,49.100694],[2.391281,49.101408],[2.391334,49.101731],[2.391247,49.102403],[2.391153,49.102749],[2.390762,49.10328],[2.389933,49.104479],[2.3892,49.10534],[2.388424,49.106077],[2.388749,49.106836],[2.389312,49.10812],[2.389484,49.10836],[2.389796,49.108663],[2.390434,49.109328],[2.390807,49.109683],[2.391221,49.1101],[2.391454,49.110241],[2.391813,49.110453],[2.392257,49.110876],[2.392974,49.11153],[2.393707,49.112186],[2.394324,49.112511],[2.395301,49.113306],[2.39556,49.114539],[2.39604,49.115662],[2.396465,49.116344],[2.398472,49.116355],[2.399886,49.116253],[2.400024,49.116792],[2.400367,49.117106],[2.400955,49.117414],[2.401522,49.117695],[2.401874,49.117914],[2.401943,49.118139],[2.401771,49.118165],[2.401532,49.118319],[2.401876,49.119397],[2.400576,49.119757],[2.399823,49.120071],[2.398866,49.120297],[2.398729,49.120477],[2.399243,49.121109],[2.39962,49.121419],[2.400346,49.121899],[2.402084,49.122713],[2.403112,49.12326],[2.404279,49.124293],[2.4051,49.124697],[2.407361,49.125998],[2.40784,49.126223],[2.407841,49.126312],[2.408372,49.126604],[2.409035,49.127089],[2.409322,49.127338],[2.409743,49.127841],[2.410442,49.128839],[2.410582,49.12906],[2.411065,49.131171],[2.411647,49.13198],[2.412519,49.133102],[2.41245,49.133237],[2.411274,49.133552],[2.411275,49.134091],[2.411727,49.135434],[2.411972,49.136008],[2.412748,49.135773],[2.413892,49.135303],[2.414816,49.135273],[2.416016,49.135255],[2.416869,49.13523],[2.417656,49.135145],[2.418122,49.135071],[2.419411,49.134731],[2.420743,49.134334],[2.421879,49.135571],[2.423562,49.137254],[2.426282,49.139979],[2.428296,49.141865],[2.432016,49.14179],[2.433233,49.141776],[2.434596,49.141746],[2.43764,49.141694],[2.438624,49.141669],[2.4389,49.141639]]]}},{"type":"Feature","properties":{"nom":"Maffliers","code":"95353","population":1856,"codeDepartement":"95"},"geometry":{"type":"Polygon","coordinates":[[[2.302904,49.092177],[2.302694,49.093828],[2.302361,49.094552],[2.30217,49.094494],[2.301554,49.09521],[2.301154,49.095832],[2.301155,49.095872],[2.301425,49.096193],[2.301531,49.096447],[2.301734,49.097135],[2.302708,49.098016],[2.303272,49.098407],[2.303955,49.09867],[2.305404,49.100557],[2.305739,49.100896],[2.305915,49.100762],[2.306035,49.100468],[2.306108,49.100377],[2.307374,49.100156],[2.307312,49.100016],[2.307366,49.099573],[2.30753,49.099258],[2.307771,49.09899],[2.308052,49.098562],[2.312054,49.097351],[2.312201,49.09757],[2.312582,49.097441],[2.313173,49.097305],[2.313812,49.097122],[2.31405,49.097036],[2.315034,49.096603],[2.315176,49.096509],[2.315669,49.096311],[2.316573,49.096026],[2.316819,49.095965],[2.317007,49.095955],[2.317924,49.095572],[2.318267,49.095683],[2.318511,49.095669],[2.319127,49.095596],[2.3194,49.095233],[2.319482,49.094948],[2.319602,49.094651],[2.319604,49.094559],[2.319955,49.094257],[2.320129,49.094177],[2.320859,49.094022],[2.321268,49.093978],[2.321837,49.093838],[2.322357,49.093746],[2.322969,49.093578],[2.323389,49.093555],[2.32348,49.093503],[2.323635,49.093252],[2.323775,49.093108],[2.324167,49.092962],[2.324528,49.092734],[2.324744,49.092637],[2.324796,49.092516],[2.324732,49.092388],[2.3249,49.092293],[2.32788,49.091443],[2.327415,49.090758],[2.326812,49.090335],[2.326129,49.090379],[2.325583,49.08941],[2.325204,49.088861],[2.324353,49.087732],[2.324182,49.087638],[2.324174,49.087529],[2.324566,49.087024],[2.326156,49.086186],[2.327518,49.087118],[2.328662,49.08737],[2.329848,49.087531],[2.329704,49.087755],[2.330391,49.087809],[2.330765,49.087431],[2.330887,49.087681],[2.330988,49.087792],[2.331838,49.088407],[2.332404,49.088852],[2.334365,49.08623],[2.331159,49.086178],[2.331161,49.085837],[2.3323,49.08587],[2.332414,49.084617],[2.332119,49.084671],[2.33116,49.084532],[2.330858,49.083664],[2.3306,49.08359],[2.331121,49.082649],[2.331083,49.082552],[2.33066,49.08225],[2.330667,49.082131],[2.332389,49.082256],[2.332638,49.082364],[2.334739,49.082883],[2.334885,49.082513],[2.33501,49.082282],[2.335322,49.082037],[2.335186,49.081517],[2.334952,49.08123],[2.336358,49.081321],[2.336659,49.080684],[2.338874,49.076817],[2.339228,49.076913],[2.33944,49.076419],[2.338325,49.076615],[2.337919,49.076302],[2.337803,49.076243],[2.337324,49.076117],[2.335027,49.075615],[2.334527,49.075491],[2.332665,49.075042],[2.332399,49.07492],[2.331684,49.074779],[2.331128,49.074616],[2.33036,49.074423],[2.329615,49.076379],[2.325388,49.075514],[2.325399,49.074694],[2.32436,49.074501],[2.324559,49.074046],[2.325078,49.07306],[2.32491,49.073073],[2.324299,49.072782],[2.324075,49.073066],[2.323311,49.072955],[2.323256,49.072996],[2.319271,49.072522],[2.316656,49.072298],[2.315366,49.072156],[2.314903,49.073419],[2.314043,49.073221],[2.314008,49.073408],[2.312055,49.072932],[2.311402,49.073427],[2.31127,49.073504],[2.311076,49.073545],[2.309556,49.073517],[2.309605,49.073136],[2.309655,49.072951],[2.310034,49.072477],[2.309185,49.072509],[2.308641,49.072136],[2.30804,49.07183],[2.307922,49.071973],[2.30822,49.072118],[2.30826,49.072239],[2.30783,49.072793],[2.304996,49.07237],[2.302381,49.073576],[2.301014,49.074254],[2.300776,49.07502],[2.298903,49.075518],[2.296551,49.079062],[2.296401,49.078937],[2.296314,49.078792],[2.296493,49.077364],[2.295844,49.07763],[2.291242,49.079605],[2.289715,49.076597],[2.289399,49.076716],[2.288743,49.077091],[2.288522,49.077044],[2.288458,49.076871],[2.287095,49.076919],[2.286432,49.077237],[2.28577,49.077043],[2.285063,49.077471],[2.284717,49.07854],[2.284267,49.078298],[2.283714,49.078601],[2.284055,49.079082],[2.285282,49.080777],[2.286039,49.081874],[2.286734,49.082834],[2.287297,49.083651],[2.287499,49.083578],[2.288084,49.083461],[2.289864,49.08354],[2.289581,49.083687],[2.290345,49.084583],[2.290075,49.08469],[2.290892,49.085223],[2.290592,49.085355],[2.291175,49.085856],[2.291609,49.085575],[2.292264,49.086001],[2.292232,49.086133],[2.292012,49.086497],[2.291645,49.087041],[2.291451,49.087515],[2.291453,49.087738],[2.293728,49.087959],[2.293404,49.088341],[2.296105,49.089526],[2.297064,49.089781],[2.297846,49.08997],[2.298605,49.090066],[2.300699,49.090637],[2.301624,49.091262],[2.301177,49.091504],[2.302904,49.092177]]]}},{"type":"Feature","properties":{"nom":"Magny-en-Vexin","code":"95355","population":5779,"codeDepartement":"95"},"geometry":{"type":"Polygon","coordinates":[[[1.83571,49.140673],[1.833996,49.141379],[1.831929,49.142251],[1.83118,49.142576],[1.830943,49.142291],[1.830311,49.141394],[1.829582,49.140935],[1.822955,49.143624],[1.822234,49.142688],[1.821062,49.141224],[1.820018,49.139931],[1.819041,49.13873],[1.817137,49.139475],[1.81574,49.140027],[1.813211,49.141019],[1.812893,49.141138],[1.809876,49.14233],[1.808318,49.142942],[1.807074,49.143436],[1.803514,49.14484],[1.799171,49.146533],[1.797901,49.147024],[1.796496,49.147506],[1.795845,49.147698],[1.795573,49.147762],[1.794716,49.147894],[1.794485,49.147915],[1.793846,49.148012],[1.79097,49.14829],[1.79095,49.147981],[1.791265,49.147273],[1.790708,49.14727],[1.790154,49.146803],[1.789475,49.146397],[1.789989,49.146047],[1.789135,49.14547],[1.788979,49.145117],[1.78898,49.144665],[1.789042,49.14435],[1.789234,49.143822],[1.789439,49.143511],[1.789787,49.14303],[1.790153,49.142551],[1.790407,49.142494],[1.790645,49.142384],[1.790852,49.142017],[1.791133,49.141802],[1.791385,49.141735],[1.791719,49.14157],[1.78769,49.140195],[1.787594,49.142785],[1.786399,49.142283],[1.786014,49.142102],[1.785417,49.141978],[1.784401,49.141968],[1.784344,49.143165],[1.784607,49.143384],[1.784407,49.144001],[1.78405,49.144525],[1.784031,49.144977],[1.784012,49.145388],[1.783747,49.145461],[1.780022,49.147554],[1.780569,49.147896],[1.779212,49.148808],[1.778036,49.14952],[1.777361,49.149939],[1.776976,49.149774],[1.776675,49.14969],[1.776186,49.150073],[1.776782,49.150437],[1.77709,49.150531],[1.776783,49.150902],[1.7767,49.150949],[1.777296,49.151203],[1.77676,49.151294],[1.776407,49.151849],[1.77611,49.152234],[1.776113,49.152288],[1.775668,49.152227],[1.775266,49.152129],[1.774827,49.151966],[1.774512,49.151929],[1.774283,49.152128],[1.774575,49.152235],[1.775277,49.152594],[1.775739,49.152752],[1.775508,49.152972],[1.775289,49.1531],[1.776195,49.153486],[1.776607,49.153598],[1.77674,49.153665],[1.777065,49.153728],[1.776583,49.154064],[1.775766,49.154747],[1.775556,49.154961],[1.775457,49.155114],[1.775414,49.155293],[1.775448,49.155473],[1.775567,49.155554],[1.775989,49.155956],[1.776154,49.156031],[1.775878,49.156199],[1.773929,49.157216],[1.774286,49.157377],[1.774275,49.157548],[1.773624,49.157729],[1.769854,49.161168],[1.770262,49.161322],[1.770763,49.161559],[1.771483,49.161962],[1.771937,49.162186],[1.773622,49.163061],[1.773888,49.162907],[1.77417,49.162614],[1.774438,49.162209],[1.774572,49.161882],[1.774695,49.161648],[1.777719,49.163006],[1.777972,49.162873],[1.778712,49.16321],[1.779346,49.163514],[1.779914,49.163763],[1.780116,49.16356],[1.78159,49.161997],[1.782167,49.161371],[1.782309,49.161147],[1.782491,49.160955],[1.782797,49.160459],[1.783091,49.159799],[1.783224,49.159228],[1.783211,49.158933],[1.783159,49.15864],[1.783286,49.158612],[1.786555,49.160287],[1.786894,49.16047],[1.787455,49.161103],[1.788026,49.161354],[1.788417,49.160932],[1.789183,49.161638],[1.789443,49.161919],[1.789676,49.162364],[1.789742,49.162439],[1.789913,49.162857],[1.79007,49.162835],[1.790106,49.16268],[1.791696,49.161935],[1.792245,49.161822],[1.792625,49.162576],[1.793072,49.162463],[1.793671,49.1624],[1.794324,49.162388],[1.794919,49.162406],[1.79516,49.162392],[1.795466,49.162428],[1.795662,49.162373],[1.795986,49.162381],[1.79617,49.162843],[1.79623,49.163243],[1.795388,49.163516],[1.795994,49.164138],[1.796304,49.164244],[1.797041,49.164726],[1.798912,49.166076],[1.797422,49.166851],[1.796498,49.167361],[1.797465,49.172249],[1.797907,49.174416],[1.797937,49.174767],[1.79794,49.17525],[1.797864,49.178002],[1.797765,49.179945],[1.796979,49.179816],[1.796497,49.179753],[1.794257,49.179503],[1.79378,49.179487],[1.793628,49.180269],[1.793939,49.180305],[1.793502,49.182654],[1.79399,49.182733],[1.794184,49.183172],[1.794607,49.184045],[1.794848,49.184504],[1.794991,49.184822],[1.795279,49.184916],[1.795474,49.185263],[1.79701,49.185226],[1.797593,49.185209],[1.803075,49.185108],[1.80305,49.183711],[1.803089,49.183702],[1.803036,49.183071],[1.803085,49.182735],[1.803313,49.18185],[1.801209,49.181775],[1.801016,49.182294],[1.799967,49.1823],[1.800259,49.180409],[1.801578,49.180666],[1.802278,49.180786],[1.803554,49.18095],[1.803551,49.179959],[1.806285,49.180127],[1.807378,49.179947],[1.808309,49.179587],[1.810787,49.178974],[1.811603,49.17878],[1.813082,49.178339],[1.814085,49.176375],[1.814482,49.176129],[1.811297,49.174928],[1.811784,49.173972],[1.813378,49.174397],[1.813895,49.173632],[1.815958,49.173867],[1.815646,49.174948],[1.817204,49.175204],[1.817345,49.17528],[1.817316,49.175579],[1.819209,49.175884],[1.819519,49.17695],[1.82141,49.177735],[1.822171,49.178067],[1.822256,49.178125],[1.823518,49.178718],[1.825871,49.179348],[1.826488,49.179518],[1.826821,49.17965],[1.828105,49.178354],[1.829243,49.177697],[1.830765,49.177257],[1.831922,49.177345],[1.832525,49.176007],[1.834227,49.175913],[1.834919,49.176888],[1.83585,49.176413],[1.834823,49.175436],[1.834716,49.174455],[1.835514,49.174114],[1.835421,49.173964],[1.83582,49.173784],[1.836115,49.173588],[1.836304,49.173556],[1.836703,49.173404],[1.836925,49.173269],[1.837243,49.173127],[1.837452,49.172801],[1.837412,49.171726],[1.837378,49.1716],[1.836847,49.170991],[1.836521,49.170669],[1.836223,49.170428],[1.835961,49.170141],[1.835785,49.169724],[1.835738,49.169426],[1.835713,49.168773],[1.835678,49.168553],[1.835375,49.168018],[1.835123,49.167342],[1.835082,49.167072],[1.835176,49.166751],[1.835231,49.166256],[1.835182,49.166052],[1.835013,49.165774],[1.834328,49.16521],[1.834305,49.165173],[1.833785,49.164415],[1.833591,49.164173],[1.833525,49.16369],[1.833446,49.163517],[1.833114,49.163078],[1.833279,49.162925],[1.833277,49.162376],[1.832797,49.162384],[1.833395,49.161286],[1.834394,49.16134],[1.834561,49.161368],[1.834956,49.161232],[1.835118,49.160666],[1.834624,49.16058],[1.837225,49.156947],[1.83555,49.15696],[1.833879,49.152906],[1.834566,49.152898],[1.838452,49.152826],[1.838342,49.152556],[1.837168,49.149786],[1.836849,49.14893],[1.836654,49.148463],[1.836513,49.148268],[1.836366,49.14813],[1.838214,49.1476],[1.837261,49.146216],[1.841781,49.144919],[1.840843,49.14349],[1.83913,49.140897],[1.838508,49.139977],[1.838273,49.139645],[1.837521,49.13993],[1.83571,49.140673]]]}},{"type":"Feature","properties":{"nom":"Mareil-en-France","code":"95365","population":734,"codeDepartement":"95"},"geometry":{"type":"Polygon","coordinates":[[[2.413258,49.056195],[2.413371,49.057089],[2.410832,49.057123],[2.40852,49.05718],[2.408299,49.056978],[2.407533,49.056328],[2.407259,49.056359],[2.404307,49.059342],[2.401594,49.062052],[2.400642,49.062652],[2.399118,49.063595],[2.400719,49.064982],[2.399443,49.065735],[2.397973,49.066624],[2.39602,49.067778],[2.394129,49.068911],[2.39563,49.07006],[2.397504,49.071513],[2.397592,49.071576],[2.396771,49.07168],[2.395643,49.071806],[2.394819,49.071848],[2.395397,49.07248],[2.397983,49.075143],[2.398646,49.075809],[2.399431,49.076584],[2.399807,49.076985],[2.403508,49.08077],[2.405146,49.082482],[2.408191,49.081584],[2.410923,49.080766],[2.412235,49.08038],[2.412295,49.080478],[2.41273,49.080439],[2.413396,49.080357],[2.415098,49.0802],[2.415673,49.081344],[2.416822,49.081302],[2.416917,49.082325],[2.418072,49.083031],[2.418713,49.082997],[2.418719,49.083526],[2.419842,49.083587],[2.420596,49.08364],[2.420741,49.083731],[2.422029,49.083808],[2.422693,49.083848],[2.422622,49.082642],[2.422759,49.082388],[2.423032,49.082361],[2.423637,49.082247],[2.42419,49.082072],[2.424519,49.082054],[2.424698,49.082113],[2.425854,49.082241],[2.426215,49.082253],[2.426337,49.082077],[2.426713,49.082045],[2.427833,49.082062],[2.42801,49.081995],[2.427916,49.081597],[2.428922,49.081384],[2.428972,49.081274],[2.429131,49.081179],[2.42938,49.080936],[2.429501,49.080772],[2.429655,49.080682],[2.429801,49.079828],[2.429387,49.078741],[2.429224,49.078446],[2.429976,49.078101],[2.430435,49.077973],[2.430883,49.077904],[2.430875,49.077643],[2.430962,49.077608],[2.431908,49.077534],[2.432229,49.077461],[2.433217,49.077153],[2.433703,49.077014],[2.434836,49.076669],[2.435503,49.076457],[2.436801,49.076069],[2.439093,49.075361],[2.439388,49.075296],[2.439466,49.075],[2.439885,49.073988],[2.440151,49.073322],[2.440163,49.073122],[2.440095,49.072776],[2.439997,49.072515],[2.439693,49.072243],[2.438334,49.071383],[2.441514,49.071338],[2.44168,49.070651],[2.441657,49.070381],[2.441513,49.069856],[2.441362,49.068809],[2.44134,49.068601],[2.441346,49.067624],[2.440213,49.067684],[2.439724,49.067751],[2.438927,49.067896],[2.437492,49.066211],[2.43743,49.066098],[2.436601,49.065065],[2.43454,49.062586],[2.428962,49.060463],[2.42369,49.058479],[2.423576,49.05765],[2.419471,49.057695],[2.415619,49.057727],[2.415563,49.056044],[2.414683,49.056069],[2.413258,49.056195]]]}},{"type":"Feature","properties":{"nom":"Margency","code":"95369","population":3012,"codeDepartement":"95"},"geometry":{"type":"Polygon","coordinates":[[[2.291501,49.006378],[2.292218,49.006225],[2.293361,49.006081],[2.29416,49.005933],[2.294554,49.005899],[2.294942,49.005904],[2.294511,49.004507],[2.294776,49.004468],[2.294855,49.003743],[2.297226,49.003462],[2.297119,49.003346],[2.296132,49.002618],[2.295966,49.002432],[2.295928,49.002264],[2.295205,49.001021],[2.294962,49.000591],[2.294537,49.000042],[2.294185,48.999684],[2.293835,48.999477],[2.293429,48.999307],[2.292858,48.999134],[2.292349,48.999021],[2.292115,48.998903],[2.29178,48.998619],[2.290624,48.9974],[2.290142,48.996798],[2.289274,48.996997],[2.288375,48.997154],[2.286451,48.997434],[2.285944,48.997465],[2.284819,48.997463],[2.284667,48.99748],[2.28265,48.997866],[2.281147,48.998164],[2.281178,48.998273],[2.281419,48.998543],[2.281601,48.998644],[2.281719,48.998822],[2.281856,48.998868],[2.281986,48.998991],[2.28211,48.999267],[2.282814,48.999592],[2.283132,48.999771],[2.283213,48.999856],[2.283524,49.00041],[2.283613,49.000916],[2.28374,49.001263],[2.283863,49.001482],[2.283362,49.001574],[2.282268,49.001927],[2.282044,49.002116],[2.281935,49.00228],[2.281906,49.002441],[2.282096,49.002691],[2.282612,49.002789],[2.282988,49.003039],[2.283964,49.002671],[2.284325,49.00257],[2.285038,49.003045],[2.285312,49.003243],[2.289188,49.005886],[2.290326,49.006532],[2.290701,49.006593],[2.290857,49.006594],[2.291501,49.006378]]]}},{"type":"Feature","properties":{"nom":"Marines","code":"95370","population":3594,"codeDepartement":"95"},"geometry":{"type":"Polygon","coordinates":[[[1.991548,49.16836],[1.99135,49.168041],[1.991141,49.167763],[1.990864,49.167439],[1.990844,49.167138],[1.990875,49.16605],[1.990917,49.165929],[1.990646,49.165944],[1.989954,49.166023],[1.990027,49.164641],[1.989821,49.164606],[1.989944,49.164345],[1.989696,49.16431],[1.990021,49.163625],[1.990143,49.163215],[1.989519,49.162854],[1.989232,49.162943],[1.989109,49.162808],[1.98941,49.162697],[1.989204,49.162342],[1.990276,49.162063],[1.99012,49.161832],[1.991136,49.161558],[1.991223,49.161629],[1.992267,49.161355],[1.992416,49.161452],[1.993679,49.160432],[1.993777,49.160492],[1.994903,49.160308],[1.995837,49.158918],[1.995857,49.158898],[1.996381,49.158396],[1.996491,49.158404],[1.996901,49.157909],[1.998021,49.157241],[1.997139,49.156658],[1.996326,49.156076],[1.995569,49.155583],[2.001056,49.152346],[2.003306,49.151008],[2.003139,49.150777],[2.002909,49.150515],[2.002807,49.150202],[2.002907,49.149776],[2.001607,49.149598],[2.000514,49.150051],[1.999868,49.149728],[2.000277,49.149403],[2.001274,49.148933],[2.001242,49.148142],[2.000911,49.147738],[2.000956,49.146102],[2.001406,49.145741],[2.002067,49.144084],[2.002079,49.143725],[2.000883,49.143278],[2.00111,49.142333],[2.001176,49.142001],[2.00066,49.140301],[2.003321,49.140583],[2.003339,49.139932],[2.003334,49.138782],[2.004995,49.138651],[2.000356,49.135993],[1.999131,49.135134],[1.99646,49.132286],[1.995843,49.132543],[1.995168,49.131346],[1.995069,49.131191],[1.994815,49.13132],[1.994581,49.131583],[1.993934,49.132023],[1.993346,49.13175],[1.992147,49.132151],[1.990934,49.132408],[1.990947,49.132275],[1.990853,49.132206],[1.990528,49.132266],[1.990229,49.132369],[1.989232,49.132119],[1.987725,49.131455],[1.988296,49.130794],[1.988329,49.130659],[1.987631,49.130555],[1.986009,49.130705],[1.985673,49.13195],[1.984767,49.131614],[1.983204,49.130942],[1.983044,49.131151],[1.98226,49.130957],[1.982181,49.13092],[1.982103,49.13161],[1.982051,49.131836],[1.981406,49.13153],[1.980537,49.131169],[1.980363,49.131118],[1.980164,49.131117],[1.979955,49.131174],[1.978664,49.13175],[1.977974,49.132142],[1.977692,49.132267],[1.977298,49.132403],[1.976381,49.132643],[1.976064,49.13274],[1.975696,49.132908],[1.97538,49.133094],[1.974785,49.133475],[1.97426,49.133743],[1.973801,49.134004],[1.973737,49.134071],[1.974125,49.134476],[1.972308,49.135173],[1.972643,49.135527],[1.972214,49.136505],[1.971992,49.136945],[1.971742,49.13723],[1.971615,49.137339],[1.970794,49.137914],[1.969866,49.138979],[1.968942,49.139932],[1.968064,49.140745],[1.966882,49.140093],[1.966837,49.139932],[1.966338,49.139521],[1.965696,49.139932],[1.965075,49.140199],[1.964624,49.139785],[1.964461,49.139932],[1.963896,49.140222],[1.964501,49.140462],[1.964459,49.140589],[1.964596,49.140662],[1.965771,49.141454],[1.965997,49.141562],[1.966589,49.142081],[1.965608,49.14294],[1.965377,49.143178],[1.964966,49.143711],[1.964418,49.144517],[1.964215,49.144761],[1.963782,49.145225],[1.962413,49.145104],[1.961512,49.144982],[1.961068,49.144853],[1.961401,49.145528],[1.962579,49.146925],[1.962264,49.146842],[1.962035,49.14691],[1.961249,49.147196],[1.960971,49.147351],[1.960806,49.147511],[1.96055,49.147684],[1.960349,49.147866],[1.959959,49.148022],[1.963243,49.151317],[1.963428,49.151472],[1.963745,49.151671],[1.965466,49.152795],[1.967973,49.154391],[1.966663,49.155192],[1.966928,49.1557],[1.967401,49.156354],[1.968466,49.157293],[1.969829,49.156659],[1.970872,49.158273],[1.970699,49.158345],[1.971334,49.159237],[1.9716,49.159627],[1.971813,49.159981],[1.972557,49.161121],[1.972893,49.161588],[1.97357,49.161397],[1.974177,49.161797],[1.974448,49.161647],[1.974607,49.161753],[1.9751,49.161451],[1.974867,49.161288],[1.975342,49.161027],[1.975434,49.160995],[1.975797,49.160755],[1.976253,49.160406],[1.976415,49.160334],[1.976897,49.162035],[1.977172,49.161827],[1.977267,49.161891],[1.977372,49.162081],[1.977205,49.162328],[1.977025,49.16242],[1.977143,49.162644],[1.977578,49.163228],[1.977812,49.163619],[1.977966,49.16406],[1.977948,49.164262],[1.978962,49.164296],[1.979132,49.164229],[1.979194,49.164359],[1.979948,49.165077],[1.982166,49.164353],[1.983789,49.165239],[1.983517,49.16551],[1.983462,49.165753],[1.983998,49.165707],[1.983931,49.165917],[1.984152,49.165918],[1.985646,49.165718],[1.98573,49.166109],[1.985695,49.166283],[1.98577,49.166389],[1.986252,49.16724],[1.986547,49.167658],[1.986683,49.167817],[1.987414,49.168401],[1.98938,49.169297],[1.989715,49.168998],[1.990072,49.168976],[1.990641,49.168908],[1.990897,49.168823],[1.99113,49.168711],[1.991548,49.16836]]]}},{"type":"Feature","properties":{"nom":"Marly-la-Ville","code":"95371","population":6022,"codeDepartement":"95"},"geometry":{"type":"Polygon","coordinates":[[[2.524739,49.098022],[2.524657,49.091887],[2.524581,49.091316],[2.5245,49.090506],[2.52472,49.087319],[2.52377,49.087314],[2.523579,49.085945],[2.524508,49.083897],[2.524648,49.082396],[2.524813,49.081373],[2.526225,49.081276],[2.526673,49.08034],[2.529475,49.080563],[2.529254,49.07845],[2.529032,49.076064],[2.528767,49.073511],[2.528485,49.070658],[2.528367,49.070075],[2.528193,49.069593],[2.528044,49.069287],[2.527746,49.068806],[2.527279,49.068216],[2.526565,49.067281],[2.524616,49.064786],[2.523518,49.063397],[2.522976,49.06269],[2.520133,49.063398],[2.519891,49.063428],[2.519234,49.063618],[2.518757,49.063712],[2.518145,49.063812],[2.517292,49.063922],[2.514804,49.064175],[2.512863,49.064407],[2.511753,49.064517],[2.510074,49.064654],[2.50953,49.064713],[2.50927,49.064774],[2.50866,49.064842],[2.507042,49.064665],[2.507118,49.065139],[2.507171,49.065325],[2.506328,49.065535],[2.505376,49.065754],[2.504119,49.06607],[2.502541,49.066457],[2.501189,49.066806],[2.499844,49.067104],[2.499583,49.0672],[2.499556,49.067451],[2.49925,49.069122],[2.499001,49.070939],[2.498937,49.07118],[2.498921,49.071533],[2.498993,49.071759],[2.499058,49.072236],[2.499038,49.072865],[2.498964,49.073045],[2.497376,49.072996],[2.496359,49.073976],[2.496247,49.074102],[2.495833,49.074042],[2.495253,49.07374],[2.490765,49.073747],[2.491541,49.076917],[2.491501,49.076948],[2.490541,49.077205],[2.48847,49.07772],[2.485711,49.078423],[2.485908,49.078822],[2.486414,49.079983],[2.487289,49.082101],[2.486542,49.082219],[2.485756,49.082296],[2.484318,49.082456],[2.484741,49.083581],[2.485038,49.083712],[2.486694,49.085262],[2.486898,49.085151],[2.488931,49.086414],[2.489315,49.086691],[2.489591,49.087082],[2.489844,49.087535],[2.490059,49.088223],[2.489706,49.089017],[2.488556,49.089105],[2.488408,49.089484],[2.48768,49.089403],[2.48711,49.089401],[2.486751,49.089385],[2.486496,49.0894],[2.486736,49.089584],[2.487075,49.089919],[2.487592,49.090375],[2.487716,49.090634],[2.488174,49.091355],[2.48797,49.091411],[2.488953,49.093569],[2.488507,49.093603],[2.488173,49.093711],[2.488052,49.093783],[2.487811,49.094046],[2.487666,49.094308],[2.487907,49.094448],[2.488543,49.094613],[2.489296,49.094882],[2.489757,49.094958],[2.489963,49.094933],[2.490044,49.095013],[2.490656,49.095142],[2.491664,49.095241],[2.49191,49.095203],[2.492133,49.095087],[2.492282,49.095056],[2.492468,49.094921],[2.492677,49.094898],[2.492945,49.094746],[2.493499,49.094638],[2.493645,49.094473],[2.494322,49.094391],[2.495136,49.094399],[2.495339,49.094424],[2.49555,49.094514],[2.495706,49.094491],[2.496019,49.094281],[2.496301,49.094162],[2.496569,49.094085],[2.496859,49.093917],[2.497093,49.093864],[2.497242,49.094141],[2.498349,49.093633],[2.49896,49.093566],[2.499357,49.093588],[2.499201,49.094196],[2.500042,49.094162],[2.500403,49.094182],[2.500892,49.094251],[2.502881,49.09451],[2.503396,49.09457],[2.504558,49.094682],[2.506784,49.094865],[2.507169,49.09489],[2.509992,49.095144],[2.510514,49.095216],[2.511888,49.095477],[2.51401,49.095905],[2.514605,49.096088],[2.516808,49.096814],[2.517553,49.097082],[2.518918,49.097546],[2.519689,49.09788],[2.520774,49.098402],[2.520963,49.098292],[2.5212,49.098252],[2.522939,49.098119],[2.524355,49.098039],[2.524567,49.098067],[2.524739,49.098022]]]}},{"type":"Feature","properties":{"nom":"Maudétour-en-Vexin","code":"95379","population":208,"codeDepartement":"95"},"geometry":{"type":"Polygon","coordinates":[[[1.777636,49.089854],[1.777446,49.089836],[1.776645,49.089853],[1.776246,49.08985],[1.773978,49.08996],[1.772033,49.088715],[1.771071,49.088676],[1.770726,49.088393],[1.770527,49.087724],[1.770407,49.087602],[1.769766,49.087361],[1.768395,49.086974],[1.765007,49.087021],[1.76358,49.086739],[1.762287,49.08694],[1.762033,49.08699],[1.761866,49.087077],[1.761359,49.087113],[1.760571,49.087368],[1.760669,49.088246],[1.760881,49.089888],[1.760919,49.090457],[1.759863,49.090352],[1.757812,49.090234],[1.756992,49.090135],[1.753844,49.090028],[1.753794,49.090255],[1.75381,49.09046],[1.753688,49.091365],[1.753633,49.09303],[1.756063,49.095017],[1.755463,49.095621],[1.754852,49.096108],[1.757603,49.098501],[1.757391,49.0986],[1.758534,49.099387],[1.758651,49.099442],[1.758729,49.099563],[1.758692,49.099658],[1.758747,49.099783],[1.758955,49.100442],[1.759263,49.101745],[1.759492,49.102793],[1.759526,49.102912],[1.762301,49.102898],[1.762257,49.103987],[1.762774,49.104009],[1.76312,49.104499],[1.767521,49.104704],[1.767662,49.104649],[1.776896,49.107645],[1.77698,49.10821],[1.777475,49.109307],[1.77853,49.111767],[1.779144,49.113172],[1.779301,49.113568],[1.779436,49.113834],[1.779545,49.11415],[1.779626,49.114547],[1.779651,49.115647],[1.779582,49.11633],[1.779624,49.116862],[1.779806,49.117099],[1.780077,49.117518],[1.780328,49.117694],[1.780697,49.117809],[1.781315,49.117955],[1.781533,49.118038],[1.781453,49.118541],[1.780494,49.118845],[1.77941,49.119207],[1.778496,49.119544],[1.777391,49.119894],[1.777067,49.120031],[1.777584,49.120929],[1.776387,49.121258],[1.775549,49.121429],[1.768826,49.123099],[1.767405,49.123404],[1.766752,49.123561],[1.767467,49.125215],[1.768188,49.126026],[1.769396,49.127301],[1.769513,49.127584],[1.770293,49.127601],[1.7714,49.128426],[1.771994,49.128977],[1.771642,49.129109],[1.771903,49.129405],[1.77227,49.129251],[1.772759,49.129701],[1.773692,49.130692],[1.773771,49.13062],[1.77417,49.130465],[1.774596,49.130271],[1.778449,49.129387],[1.778492,49.129855],[1.779059,49.129631],[1.780281,49.130683],[1.780738,49.130506],[1.782206,49.129962],[1.784945,49.130225],[1.785229,49.129802],[1.78729,49.130829],[1.789237,49.132418],[1.790402,49.132184],[1.791824,49.131859],[1.792237,49.13245],[1.79321,49.132169],[1.794198,49.131916],[1.794637,49.1325],[1.795646,49.132232],[1.796496,49.132049],[1.797696,49.131761],[1.798632,49.131404],[1.798235,49.130114],[1.797567,49.129435],[1.796496,49.128575],[1.795792,49.127725],[1.794151,49.126409],[1.793907,49.125818],[1.793854,49.125632],[1.792993,49.124267],[1.792946,49.124288],[1.792657,49.123784],[1.792499,49.123296],[1.792392,49.122758],[1.792311,49.121732],[1.792461,49.119673],[1.796452,49.117897],[1.79471,49.116341],[1.793125,49.11494],[1.791271,49.113301],[1.781839,49.104573],[1.781829,49.100655],[1.781054,49.098703],[1.78037,49.097956],[1.780237,49.097852],[1.779274,49.097387],[1.780648,49.095707],[1.780726,49.095582],[1.780545,49.09459],[1.780549,49.094385],[1.780668,49.094041],[1.78069,49.093715],[1.780866,49.093701],[1.780796,49.093482],[1.780466,49.092832],[1.780266,49.092532],[1.779961,49.091837],[1.7778,49.090488],[1.777636,49.089854]]]}},{"type":"Feature","properties":{"nom":"Menouville","code":"95387","population":62,"codeDepartement":"95"},"geometry":{"type":"Polygon","coordinates":[[[2.129071,49.153873],[2.128672,49.15382],[2.127016,49.153655],[2.12561,49.153556],[2.125053,49.153534],[2.122444,49.153482],[2.122177,49.153483],[2.12203,49.152797],[2.121955,49.152367],[2.121638,49.150336],[2.121104,49.148804],[2.121104,49.148722],[2.120452,49.14883],[2.119157,49.148988],[2.118663,49.14907],[2.118204,49.14917],[2.117172,49.149449],[2.116674,49.149477],[2.115852,49.149472],[2.115433,49.149531],[2.115242,49.149585],[2.114924,49.149778],[2.114799,49.149909],[2.114733,49.150065],[2.114257,49.150348],[2.113602,49.150143],[2.113041,49.149621],[2.112763,49.149431],[2.112272,49.149548],[2.112215,49.149016],[2.112228,49.148851],[2.112305,49.14874],[2.114248,49.14647],[2.115092,49.145408],[2.115227,49.145199],[2.115378,49.144868],[2.115579,49.144137],[2.114225,49.143773],[2.113185,49.143642],[2.112003,49.143724],[2.111643,49.14411],[2.111828,49.144317],[2.111998,49.144564],[2.112392,49.145406],[2.11241,49.145571],[2.112358,49.145724],[2.112035,49.146079],[2.10996,49.146011],[2.103048,49.150769],[2.102877,49.150772],[2.10128,49.150682],[2.100642,49.150661],[2.100135,49.150627],[2.099321,49.150592],[2.098637,49.150447],[2.097041,49.150241],[2.0967,49.150186],[2.0954,49.150014],[2.094854,49.149998],[2.094116,49.150113],[2.093433,49.150202],[2.092028,49.15044],[2.090971,49.150686],[2.090636,49.150781],[2.089803,49.151098],[2.08924,49.151292],[2.088024,49.151694],[2.086397,49.152215],[2.0857,49.152418],[2.084991,49.152607],[2.085171,49.153885],[2.085363,49.155149],[2.085386,49.155236],[2.086233,49.157709],[2.086264,49.157832],[2.087092,49.160551],[2.088721,49.160315],[2.091733,49.160299],[2.09268,49.160693],[2.092854,49.160684],[2.092895,49.160117],[2.093185,49.15973],[2.093316,49.159601],[2.093638,49.159365],[2.093947,49.159227],[2.094329,49.158946],[2.095397,49.15862],[2.096656,49.158357],[2.097107,49.158356],[2.101762,49.158158],[2.102269,49.15831],[2.103201,49.15835],[2.104378,49.15819],[2.105198,49.158099],[2.105574,49.158005],[2.105782,49.15789],[2.106094,49.157673],[2.106371,49.157414],[2.106459,49.157397],[2.106221,49.157053],[2.106342,49.157026],[2.107503,49.156624],[2.108633,49.156221],[2.111117,49.155346],[2.111825,49.155079],[2.113753,49.154401],[2.114024,49.154282],[2.11714,49.153214],[2.117767,49.155194],[2.118079,49.155146],[2.121509,49.157729],[2.122361,49.15969],[2.124898,49.159742],[2.125952,49.159906],[2.12692,49.160085],[2.128657,49.157298],[2.129892,49.157939],[2.130283,49.157535],[2.132934,49.154844],[2.133376,49.154369],[2.132687,49.154299],[2.130633,49.154051],[2.129481,49.153925],[2.129071,49.153873]]]}},{"type":"Feature","properties":{"nom":"Menucourt","code":"95388","population":6184,"codeDepartement":"95"},"geometry":{"type":"Polygon","coordinates":[[[1.956727,49.021824],[1.956197,49.02217],[1.955947,49.022373],[1.955418,49.022895],[1.955281,49.023263],[1.954987,49.024202],[1.9549,49.024719],[1.954857,49.024885],[1.954558,49.025428],[1.954379,49.025696],[1.958409,49.026496],[1.958594,49.027725],[1.958872,49.028041],[1.960292,49.029418],[1.960173,49.032791],[1.960277,49.03327],[1.960813,49.034629],[1.960892,49.034806],[1.961673,49.034829],[1.963479,49.034906],[1.964778,49.034892],[1.966646,49.03491],[1.968198,49.034844],[1.971937,49.034646],[1.971943,49.034758],[1.972838,49.034738],[1.973333,49.034743],[1.974274,49.034699],[1.974297,49.034648],[1.97623,49.034714],[1.976373,49.035026],[1.976663,49.03558],[1.978919,49.035704],[1.980311,49.035605],[1.981851,49.035314],[1.982437,49.035222],[1.983709,49.03478],[1.985403,49.034192],[1.985581,49.034324],[1.986902,49.034245],[1.987256,49.034191],[1.987792,49.034075],[1.987927,49.034017],[1.988572,49.033347],[1.989093,49.032785],[1.989271,49.032615],[1.989953,49.032163],[1.990626,49.031734],[1.990866,49.03155],[1.991068,49.031506],[1.990797,49.031094],[1.990975,49.03101],[1.991328,49.030763],[1.992401,49.030093],[1.99284,49.029638],[1.993553,49.028381],[1.992892,49.02811],[1.992585,49.027904],[1.992132,49.02749],[1.991831,49.027057],[1.991216,49.026297],[1.991436,49.023762],[1.992191,49.021045],[1.991684,49.020999],[1.98966,49.020639],[1.989015,49.020507],[1.988154,49.020305],[1.9863,49.019849],[1.986063,49.019798],[1.983469,49.019361],[1.982683,49.019242],[1.982119,49.01918],[1.979944,49.018964],[1.979664,49.018943],[1.979164,49.018947],[1.978828,49.018975],[1.974131,49.01948],[1.973522,49.019822],[1.972522,49.020569],[1.969795,49.021391],[1.969206,49.021586],[1.969048,49.021691],[1.968823,49.021775],[1.968119,49.022116],[1.967565,49.022282],[1.967143,49.022445],[1.966853,49.022584],[1.966709,49.022744],[1.966693,49.022873],[1.965689,49.023896],[1.965394,49.02409],[1.965307,49.024211],[1.964711,49.024771],[1.964278,49.025251],[1.96406,49.025393],[1.963715,49.024959],[1.963453,49.02467],[1.963251,49.02451],[1.962722,49.024248],[1.962319,49.024079],[1.962043,49.023931],[1.961878,49.023797],[1.961759,49.023646],[1.961564,49.023263],[1.961352,49.023142],[1.960275,49.023092],[1.960114,49.02305],[1.959902,49.02294],[1.959413,49.022618],[1.959315,49.022525],[1.958704,49.02227],[1.958356,49.022175],[1.95807,49.022132],[1.95787,49.022068],[1.957316,49.021939],[1.956727,49.021824]]]}},{"type":"Feature","properties":{"nom":"Mériel","code":"95392","population":5347,"codeDepartement":"95"},"geometry":{"type":"Polygon","coordinates":[[[2.189245,49.072226],[2.190837,49.072697],[2.191796,49.073094],[2.193384,49.07384],[2.194901,49.074601],[2.195461,49.074945],[2.196585,49.075814],[2.198144,49.077182],[2.199035,49.078043],[2.200381,49.079515],[2.201161,49.080709],[2.201869,49.081939],[2.202531,49.082693],[2.203883,49.084153],[2.205275,49.085484],[2.20562,49.085922],[2.20635,49.087078],[2.207526,49.086785],[2.208843,49.086764],[2.209223,49.086564],[2.212198,49.086165],[2.212644,49.086176],[2.213008,49.086231],[2.213699,49.087979],[2.214079,49.087913],[2.214298,49.088342],[2.213792,49.088564],[2.213704,49.088681],[2.21369,49.088802],[2.213977,49.089205],[2.214177,49.089562],[2.216784,49.088711],[2.217218,49.088646],[2.217738,49.088547],[2.218384,49.088488],[2.218973,49.088395],[2.220164,49.088264],[2.220362,49.088227],[2.220776,49.088208],[2.220701,49.087908],[2.222798,49.087472],[2.22513,49.086786],[2.227083,49.086556],[2.228389,49.086858],[2.229906,49.087748],[2.230542,49.087763],[2.231136,49.08776],[2.232074,49.087981],[2.23465,49.088709],[2.234865,49.088551],[2.235751,49.087712],[2.235853,49.087554],[2.234601,49.081102],[2.234569,49.080744],[2.233903,49.077143],[2.233814,49.077053],[2.233782,49.076796],[2.233938,49.076635],[2.233839,49.076457],[2.233677,49.076379],[2.233408,49.076185],[2.232823,49.076384],[2.231873,49.076675],[2.230486,49.077179],[2.229974,49.07735],[2.229595,49.077419],[2.229358,49.077418],[2.226926,49.076795],[2.225057,49.076021],[2.224853,49.075534],[2.224665,49.075395],[2.2245,49.075481],[2.22403,49.075475],[2.223885,49.075306],[2.223068,49.074091],[2.222475,49.073276],[2.222015,49.072514],[2.221741,49.072174],[2.220949,49.070999],[2.220491,49.070364],[2.218417,49.067193],[2.217993,49.066853],[2.217311,49.066361],[2.216927,49.066053],[2.216471,49.065652],[2.215901,49.065564],[2.214663,49.065775],[2.214556,49.065348],[2.214468,49.065272],[2.210077,49.065724],[2.210088,49.065875],[2.206209,49.065696],[2.202724,49.064938],[2.202442,49.064974],[2.200086,49.064902],[2.19996,49.064937],[2.199622,49.065302],[2.199439,49.065372],[2.199391,49.065452],[2.19806,49.065837],[2.197387,49.066487],[2.196693,49.0672],[2.196547,49.067254],[2.195832,49.06745],[2.195705,49.067452],[2.195237,49.067359],[2.195095,49.067735],[2.194678,49.06812],[2.194625,49.068134],[2.193459,49.06894],[2.193284,49.069098],[2.192911,49.069362],[2.192123,49.069835],[2.191604,49.070229],[2.191064,49.070713],[2.190939,49.070748],[2.190187,49.071282],[2.190075,49.07139],[2.189706,49.071588],[2.189545,49.071818],[2.189425,49.07191],[2.189245,49.072226]]]}},{"type":"Feature","properties":{"nom":"Méry-sur-Oise","code":"95394","population":9983,"codeDepartement":"95"},"geometry":{"type":"Polygon","coordinates":[[[2.202724,49.064938],[2.202824,49.064835],[2.203263,49.063455],[2.204425,49.062457],[2.204515,49.06165],[2.204494,49.061531],[2.204013,49.061218],[2.203731,49.061004],[2.20268,49.060337],[2.202486,49.060185],[2.202386,49.059958],[2.202279,49.058889],[2.201917,49.058539],[2.201733,49.058499],[2.201432,49.058381],[2.200971,49.058261],[2.201135,49.058094],[2.201519,49.057762],[2.201983,49.057278],[2.202117,49.056993],[2.202034,49.056682],[2.201772,49.055856],[2.201843,49.055589],[2.202092,49.055208],[2.20134,49.05485],[2.200516,49.054408],[2.199033,49.053293],[2.198473,49.052911],[2.198162,49.052635],[2.197785,49.052332],[2.197622,49.052244],[2.198635,49.051646],[2.198315,49.051418],[2.198578,49.051267],[2.197784,49.051194],[2.19686,49.051173],[2.195766,49.051157],[2.195192,49.050907],[2.195032,49.050731],[2.19426,49.050186],[2.19373,49.049946],[2.192887,49.049655],[2.192615,49.049523],[2.19222,49.049274],[2.191715,49.049033],[2.191138,49.04879],[2.190272,49.048497],[2.189437,49.048184],[2.188115,49.047716],[2.187822,49.047648],[2.187154,49.047419],[2.186774,49.047254],[2.18599,49.046867],[2.185662,49.047089],[2.185182,49.047328],[2.184719,49.047066],[2.183566,49.046568],[2.183224,49.046488],[2.182957,49.046461],[2.182315,49.046434],[2.181682,49.046464],[2.181337,49.04645],[2.180882,49.046497],[2.180484,49.046489],[2.179608,49.046438],[2.176108,49.04627],[2.176131,49.046114],[2.174476,49.044964],[2.174928,49.044488],[2.174731,49.043552],[2.17523,49.042889],[2.174613,49.042718],[2.17421,49.041222],[2.173687,49.041151],[2.173666,49.040693],[2.173575,49.040233],[2.173577,49.040084],[2.173059,49.03891],[2.173727,49.038642],[2.173447,49.03847],[2.173213,49.038287],[2.172356,49.037546],[2.171867,49.03707],[2.171334,49.03662],[2.170974,49.036293],[2.170662,49.036068],[2.170444,49.036026],[2.169826,49.035489],[2.169485,49.035154],[2.169299,49.034924],[2.168799,49.034101],[2.168702,49.033694],[2.168655,49.033193],[2.168665,49.033007],[2.16849,49.032325],[2.168313,49.031699],[2.168187,49.031456],[2.165977,49.032365],[2.16539,49.032583],[2.164567,49.032903],[2.163955,49.033196],[2.162852,49.033671],[2.161643,49.034157],[2.1608,49.034514],[2.160418,49.034647],[2.159574,49.034987],[2.158858,49.035286],[2.158247,49.035506],[2.157389,49.035776],[2.156694,49.035978],[2.156513,49.036004],[2.156029,49.036144],[2.155655,49.036217],[2.156514,49.036608],[2.156979,49.036963],[2.161604,49.039798],[2.162076,49.04003],[2.163067,49.040664],[2.159782,49.041913],[2.156515,49.043143],[2.156341,49.043217],[2.154358,49.043939],[2.152943,49.044532],[2.152106,49.045927],[2.151698,49.045786],[2.151082,49.0469],[2.150786,49.046842],[2.150777,49.046975],[2.150329,49.047528],[2.150103,49.047949],[2.149847,49.048525],[2.149459,49.048524],[2.149393,49.04877],[2.149306,49.049828],[2.15018,49.049864],[2.150452,49.049862],[2.150444,49.049944],[2.15155,49.050135],[2.151493,49.051628],[2.153372,49.051908],[2.152627,49.057009],[2.151077,49.061245],[2.150847,49.06133],[2.150579,49.061507],[2.150491,49.061597],[2.150019,49.061447],[2.149109,49.061273],[2.148607,49.061164],[2.14838,49.06166],[2.147877,49.061562],[2.147567,49.062064],[2.146793,49.061956],[2.146211,49.061971],[2.145177,49.062138],[2.145303,49.06248],[2.145388,49.062603],[2.147068,49.063733],[2.147548,49.064017],[2.14823,49.064365],[2.148783,49.064628],[2.148961,49.064758],[2.149153,49.065178],[2.149244,49.065465],[2.149285,49.065731],[2.148507,49.065901],[2.148023,49.065962],[2.147012,49.065994],[2.1462,49.065996],[2.144509,49.066028],[2.143672,49.066027],[2.142519,49.066039],[2.141873,49.0661],[2.141627,49.066275],[2.141571,49.066455],[2.141792,49.066665],[2.141997,49.066785],[2.142694,49.066914],[2.143462,49.066963],[2.144618,49.067007],[2.145213,49.067012],[2.146062,49.066985],[2.147241,49.066928],[2.148346,49.066834],[2.149502,49.06669],[2.150274,49.06655],[2.151396,49.06626],[2.152598,49.065986],[2.153707,49.065713],[2.154504,49.065541],[2.156513,49.065144],[2.157531,49.064886],[2.158094,49.064682],[2.158572,49.06444],[2.161215,49.064603],[2.162549,49.064667],[2.163477,49.064644],[2.164384,49.064545],[2.165778,49.064318],[2.167179,49.064173],[2.168275,49.064115],[2.168824,49.064161],[2.169385,49.064228],[2.169936,49.064384],[2.1707,49.064772],[2.173336,49.066519],[2.176562,49.06867],[2.177577,49.069332],[2.178306,49.069782],[2.17897,49.070098],[2.179627,49.070292],[2.180565,49.070506],[2.182076,49.070763],[2.184645,49.071104],[2.185687,49.071288],[2.189245,49.072226],[2.189425,49.07191],[2.189545,49.071818],[2.189706,49.071588],[2.190075,49.07139],[2.190187,49.071282],[2.190939,49.070748],[2.191064,49.070713],[2.191604,49.070229],[2.192123,49.069835],[2.192911,49.069362],[2.193284,49.069098],[2.193459,49.06894],[2.194625,49.068134],[2.194678,49.06812],[2.195095,49.067735],[2.195237,49.067359],[2.195705,49.067452],[2.195832,49.06745],[2.196547,49.067254],[2.196693,49.0672],[2.197387,49.066487],[2.19806,49.065837],[2.199391,49.065452],[2.199439,49.065372],[2.199622,49.065302],[2.19996,49.064937],[2.200086,49.064902],[2.202442,49.064974],[2.202724,49.064938]]]}},{"type":"Feature","properties":{"nom":"Le Mesnil-Aubry","code":"95395","population":914,"codeDepartement":"95"},"geometry":{"type":"Polygon","coordinates":[[[2.413258,49.056195],[2.412354,49.054874],[2.41125,49.053283],[2.414309,49.051468],[2.41626,49.050008],[2.419966,49.047411],[2.418398,49.046491],[2.418066,49.046921],[2.417784,49.047237],[2.417244,49.04776],[2.417065,49.047905],[2.416373,49.048397],[2.407427,49.045451],[2.403421,49.044163],[2.402855,49.044627],[2.402151,49.045094],[2.40173,49.045457],[2.401635,49.045603],[2.400122,49.042406],[2.400038,49.042313],[2.399848,49.041942],[2.399694,49.041535],[2.399628,49.041123],[2.399526,49.040711],[2.399431,49.040516],[2.399397,49.040294],[2.399177,49.039701],[2.397939,49.039831],[2.397499,49.039855],[2.394655,49.038908],[2.394774,49.039107],[2.394716,49.039537],[2.394707,49.039915],[2.394751,49.040283],[2.394817,49.04051],[2.394684,49.040537],[2.388673,49.041254],[2.382745,49.041977],[2.383073,49.042149],[2.38231,49.042006],[2.381492,49.041876],[2.380294,49.041702],[2.380002,49.041706],[2.379494,49.041768],[2.378116,49.04201],[2.37795,49.04209],[2.378126,49.042546],[2.378399,49.043149],[2.378768,49.043899],[2.378817,49.044129],[2.378703,49.04449],[2.378744,49.044771],[2.378953,49.045183],[2.379422,49.04623],[2.379565,49.046462],[2.379881,49.046685],[2.375778,49.048783],[2.374482,49.050028],[2.372872,49.051588],[2.369657,49.054563],[2.370508,49.055162],[2.37174,49.056084],[2.372005,49.056266],[2.372683,49.057056],[2.373075,49.05814],[2.373852,49.060332],[2.375481,49.063454],[2.38091,49.065877],[2.383544,49.067081],[2.385122,49.067782],[2.386066,49.068217],[2.386432,49.068372],[2.38628,49.067746],[2.385982,49.066992],[2.385774,49.066512],[2.385688,49.066183],[2.387546,49.06676],[2.392812,49.068365],[2.393493,49.06858],[2.394129,49.068911],[2.39602,49.067778],[2.397973,49.066624],[2.399443,49.065735],[2.400719,49.064982],[2.399118,49.063595],[2.400642,49.062652],[2.401594,49.062052],[2.404307,49.059342],[2.407259,49.056359],[2.407533,49.056328],[2.408299,49.056978],[2.40852,49.05718],[2.410832,49.057123],[2.413371,49.057089],[2.413258,49.056195]]]}},{"type":"Feature","properties":{"nom":"Moisselles","code":"95409","population":1261,"codeDepartement":"95"},"geometry":{"type":"Polygon","coordinates":[[[2.324403,49.044585],[2.322198,49.050033],[2.321826,49.050875],[2.323124,49.051102],[2.323174,49.051171],[2.323231,49.052031],[2.324078,49.051793],[2.324649,49.0517],[2.325018,49.051677],[2.32539,49.051724],[2.326261,49.051861],[2.326875,49.051968],[2.327415,49.051972],[2.32805,49.051885],[2.328909,49.051706],[2.329389,49.051573],[2.330828,49.050716],[2.332011,49.050244],[2.332476,49.050034],[2.333455,49.049624],[2.334283,49.049289],[2.334723,49.049686],[2.334508,49.049703],[2.334357,49.050126],[2.334537,49.050208],[2.335473,49.050361],[2.335066,49.051408],[2.335854,49.051506],[2.336523,49.051312],[2.336156,49.050816],[2.335967,49.050592],[2.335755,49.050288],[2.336659,49.050473],[2.33682,49.050529],[2.33735,49.050782],[2.337785,49.051006],[2.338794,49.05062],[2.338372,49.050035],[2.337867,49.049432],[2.339204,49.048967],[2.339455,49.048873],[2.339784,49.049297],[2.344435,49.047656],[2.344662,49.04797],[2.347147,49.04709],[2.347966,49.046667],[2.348576,49.046384],[2.351675,49.044851],[2.352687,49.04273],[2.350845,49.041156],[2.350149,49.040748],[2.349734,49.040482],[2.348569,49.041267],[2.348027,49.041579],[2.347073,49.041997],[2.344418,49.040151],[2.34359,49.039765],[2.340242,49.038416],[2.339769,49.039638],[2.339323,49.040756],[2.338655,49.042232],[2.338511,49.042581],[2.338241,49.043151],[2.337468,49.044863],[2.337283,49.045143],[2.337215,49.045492],[2.337236,49.045799],[2.335783,49.044944],[2.335456,49.044783],[2.334959,49.044453],[2.334869,49.044376],[2.334228,49.044775],[2.334895,49.045238],[2.331428,49.047159],[2.330891,49.046779],[2.330828,49.046717],[2.330409,49.046467],[2.329107,49.045277],[2.327723,49.044663],[2.32748,49.045008],[2.324821,49.044134],[2.324403,49.044585]]]}},{"type":"Feature","properties":{"nom":"Montgeroult","code":"95422","population":361,"codeDepartement":"95"},"geometry":{"type":"Polygon","coordinates":[[[2.016033,49.077411],[2.01565,49.077515],[2.015266,49.07758],[2.014807,49.077674],[2.014603,49.07768],[2.013854,49.077596],[2.013146,49.077463],[2.013,49.077412],[2.012578,49.077353],[2.012325,49.077376],[2.011742,49.077475],[2.011483,49.077551],[2.011147,49.077684],[2.010896,49.076987],[2.010225,49.077103],[2.009681,49.077151],[2.009051,49.077341],[2.008717,49.07737],[2.008385,49.077227],[2.008144,49.077068],[2.008054,49.077138],[2.007578,49.077404],[2.007402,49.077539],[2.007276,49.077813],[2.007131,49.077922],[2.006422,49.078006],[2.006192,49.077996],[2.006098,49.077938],[2.005893,49.077599],[2.005706,49.077454],[2.005562,49.07746],[2.0054,49.077569],[2.005049,49.077963],[2.005277,49.078265],[2.004738,49.079294],[2.004952,49.079343],[2.00482,49.079535],[2.004114,49.079429],[2.003723,49.079331],[2.003351,49.079143],[2.002866,49.07912],[2.002464,49.079192],[2.001969,49.079224],[2.001395,49.07919],[2.001048,49.07924],[1.999714,49.079607],[1.999468,49.079681],[1.99895,49.079907],[1.998827,49.080186],[1.998567,49.080587],[1.998308,49.0811],[1.997996,49.081625],[1.997764,49.081843],[1.997351,49.082053],[1.996901,49.08244],[1.996553,49.082659],[1.996348,49.08282],[1.99581,49.083103],[1.995438,49.083339],[1.994964,49.08357],[1.994838,49.083704],[1.994731,49.083936],[1.994538,49.084083],[1.994472,49.08419],[1.994297,49.084296],[1.994078,49.084374],[1.993936,49.084474],[1.993694,49.084738],[1.993618,49.08493],[1.99345,49.085029],[1.992862,49.085154],[1.992551,49.085264],[1.992429,49.085273],[1.992357,49.085149],[1.992127,49.085128],[1.991505,49.085126],[1.99143,49.085108],[1.991278,49.084907],[1.991137,49.084788],[1.990621,49.084935],[1.990754,49.085082],[1.992003,49.086096],[1.992349,49.086358],[1.993107,49.086978],[1.993301,49.087319],[1.99347,49.087673],[1.994003,49.088602],[1.993325,49.088838],[1.993032,49.088439],[1.992728,49.088053],[1.992477,49.087766],[1.992455,49.087247],[1.992001,49.087339],[1.992053,49.087486],[1.991994,49.087896],[1.992099,49.08822],[1.992222,49.088433],[1.992555,49.088897],[1.992856,49.08926],[1.993111,49.089532],[1.993191,49.089661],[1.993151,49.089812],[1.99281,49.090104],[1.992464,49.090356],[1.992098,49.090647],[1.991872,49.09087],[1.991766,49.091039],[1.9917,49.091332],[1.991708,49.091699],[1.991825,49.092047],[1.991955,49.092303],[1.992308,49.092816],[1.992734,49.093137],[1.99354,49.093661],[1.993581,49.09402],[1.993537,49.094277],[1.993318,49.094466],[1.992752,49.094794],[1.992647,49.094888],[1.992569,49.095154],[1.9925,49.095202],[1.992314,49.096242],[1.991891,49.098049],[1.99326,49.098713],[1.993743,49.099005],[1.99364,49.099096],[1.993311,49.099899],[1.993044,49.100277],[1.993275,49.101133],[1.993357,49.10136],[1.993721,49.102114],[1.993893,49.102391],[1.994068,49.102759],[1.995209,49.101931],[1.997973,49.100134],[1.998392,49.100365],[1.99857,49.10023],[1.99851,49.100159],[1.998657,49.099986],[1.998457,49.099826],[1.998906,49.099491],[1.999003,49.099386],[1.999185,49.099438],[1.999677,49.099778],[2.001156,49.101108],[2.001653,49.100853],[2.003081,49.100145],[2.003865,49.100917],[2.00534,49.102444],[2.006233,49.102159],[2.015603,49.099251],[2.017534,49.101871],[2.019868,49.101111],[2.021203,49.100689],[2.022238,49.100329],[2.021961,49.100276],[2.022473,49.100024],[2.02233,49.099167],[2.022584,49.0991],[2.022155,49.09826],[2.02253,49.098141],[2.027073,49.096552],[2.028396,49.096039],[2.024438,49.09358],[2.02543,49.093122],[2.02422,49.092325],[2.021074,49.0902],[2.020061,49.089544],[2.02018,49.089149],[2.020324,49.088783],[2.020533,49.088531],[2.019502,49.087496],[2.019783,49.087372],[2.019742,49.087201],[2.019553,49.086937],[2.019092,49.086477],[2.018966,49.086257],[2.018884,49.085865],[2.018711,49.085234],[2.018543,49.084942],[2.017731,49.083846],[2.017354,49.083223],[2.017061,49.082667],[2.016779,49.081152],[2.016582,49.080231],[2.016364,49.079652],[2.015909,49.078863],[2.015704,49.078566],[2.016572,49.078371],[2.016238,49.077703],[2.016033,49.077411]]]}},{"type":"Feature","properties":{"nom":"Montigny-lès-Cormeilles","code":"95424","population":22457,"codeDepartement":"95"},"geometry":{"type":"Polygon","coordinates":[[[2.197113,49.007677],[2.198576,49.007178],[2.199229,49.00694],[2.20042,49.006472],[2.202907,49.005545],[2.203927,49.005179],[2.208102,49.003609],[2.20859,49.003428],[2.209519,49.003107],[2.210685,49.002658],[2.211919,49.002232],[2.212356,49.00204],[2.213243,49.001688],[2.212849,49.001275],[2.211808,49.000157],[2.211356,48.99966],[2.210471,48.998724],[2.210275,48.998486],[2.209857,48.998062],[2.209229,48.997307],[2.208969,48.996926],[2.208672,48.996224],[2.208532,48.995946],[2.208324,48.995168],[2.208119,48.994673],[2.208138,48.994543],[2.20825,48.994457],[2.20795,48.993654],[2.207433,48.992875],[2.207071,48.992172],[2.206756,48.991757],[2.206069,48.991107],[2.204903,48.990163],[2.204637,48.989981],[2.204481,48.989788],[2.204444,48.989629],[2.203442,48.989924],[2.203291,48.989954],[2.202174,48.9903],[2.201571,48.990443],[2.200802,48.988859],[2.200588,48.988444],[2.200256,48.987719],[2.199146,48.987721],[2.198404,48.987705],[2.198696,48.986985],[2.198911,48.986602],[2.198927,48.986319],[2.198848,48.986134],[2.198526,48.985815],[2.198095,48.985513],[2.197697,48.985311],[2.19632,48.985315],[2.194949,48.985286],[2.194233,48.984654],[2.193177,48.984749],[2.193108,48.984613],[2.19232,48.984646],[2.191873,48.984628],[2.191314,48.984464],[2.191109,48.984333],[2.191038,48.984186],[2.191128,48.983551],[2.190827,48.983502],[2.190737,48.983675],[2.190201,48.983602],[2.189085,48.983347],[2.189123,48.983278],[2.188533,48.982525],[2.188327,48.982203],[2.188151,48.981868],[2.187568,48.981251],[2.187841,48.981115],[2.18829,48.980781],[2.188971,48.980377],[2.188864,48.980321],[2.189245,48.979973],[2.189556,48.979748],[2.189193,48.979563],[2.189021,48.979532],[2.188419,48.979503],[2.187952,48.9794],[2.187629,48.979459],[2.187249,48.979408],[2.186311,48.979248],[2.185353,48.979255],[2.185118,48.979291],[2.184732,48.979579],[2.184479,48.979595],[2.183469,48.979199],[2.183095,48.979762],[2.182509,48.980621],[2.182227,48.98109],[2.182046,48.981499],[2.181902,48.981957],[2.181823,48.982309],[2.181802,48.982751],[2.181818,48.984528],[2.181553,48.98455],[2.179037,48.985658],[2.178641,48.985769],[2.177662,48.985883],[2.176154,48.986219],[2.175551,48.986341],[2.17454,48.986477],[2.174096,48.986575],[2.174494,48.986867],[2.17468,48.986808],[2.174788,48.987055],[2.174716,48.987161],[2.174861,48.98745],[2.175093,48.987717],[2.17526,48.988056],[2.17549,48.988032],[2.175715,48.988289],[2.175845,48.988343],[2.176003,48.98833],[2.176116,48.988492],[2.176689,48.989081],[2.176996,48.989478],[2.177356,48.989364],[2.177556,48.989365],[2.177747,48.989592],[2.177868,48.989547],[2.178943,48.990962],[2.179028,48.991028],[2.179458,48.9915],[2.179709,48.991422],[2.180767,48.99252],[2.18099,48.992447],[2.181271,48.993151],[2.180784,48.993199],[2.181188,48.993482],[2.18182,48.993874],[2.182288,48.994276],[2.182727,48.994744],[2.182964,48.995038],[2.184789,48.996162],[2.185102,48.996345],[2.186576,48.99717],[2.187747,48.997774],[2.188771,48.997252],[2.189403,48.99808],[2.189849,48.998646],[2.190873,48.999977],[2.192137,49.001599],[2.192491,49.002061],[2.192521,49.002129],[2.193061,49.002673],[2.193409,49.002524],[2.194098,49.00329],[2.195195,49.004608],[2.19323,49.005454],[2.193131,49.005489],[2.193323,49.005603],[2.197113,49.007677]]]}},{"type":"Feature","properties":{"nom":"Montlignon","code":"95426","population":3038,"codeDepartement":"95"},"geometry":{"type":"Polygon","coordinates":[[[2.291501,49.006378],[2.290857,49.006594],[2.290701,49.006593],[2.290326,49.006532],[2.289188,49.005886],[2.285312,49.003243],[2.285038,49.003045],[2.284325,49.00257],[2.283964,49.002671],[2.282988,49.003039],[2.281462,49.003539],[2.281032,49.003621],[2.280366,49.003827],[2.279419,49.004213],[2.278318,49.004672],[2.27693,49.005286],[2.276562,49.00544],[2.275421,49.00588],[2.274918,49.006063],[2.274419,49.006186],[2.273214,49.006442],[2.274177,49.007664],[2.274928,49.007404],[2.275203,49.007773],[2.275357,49.007712],[2.275551,49.007927],[2.276259,49.007657],[2.276744,49.008065],[2.277069,49.00855],[2.27728,49.008743],[2.277896,49.008569],[2.278566,49.009467],[2.278924,49.010427],[2.279283,49.010927],[2.279675,49.010802],[2.279758,49.010911],[2.280711,49.010614],[2.280969,49.011019],[2.281405,49.011632],[2.281529,49.01187],[2.281578,49.012184],[2.28157,49.012841],[2.281586,49.013247],[2.281649,49.014027],[2.281646,49.014195],[2.281584,49.014469],[2.281231,49.015212],[2.28115,49.015414],[2.281105,49.015727],[2.281125,49.016245],[2.281127,49.016804],[2.28108,49.016891],[2.280749,49.017215],[2.281075,49.017372],[2.282239,49.018137],[2.283066,49.018735],[2.284213,49.019651],[2.284602,49.019895],[2.28498,49.020067],[2.285483,49.020165],[2.285881,49.020303],[2.286007,49.022635],[2.287316,49.022468],[2.287441,49.021559],[2.288307,49.021975],[2.289094,49.021359],[2.289278,49.021604],[2.28989,49.02224],[2.290229,49.022505],[2.290972,49.023463],[2.29121,49.023784],[2.291499,49.024041],[2.291764,49.024371],[2.291965,49.024765],[2.292077,49.025166],[2.292095,49.025684],[2.292086,49.025938],[2.292152,49.026162],[2.29231,49.026408],[2.292418,49.026634],[2.292677,49.027486],[2.293095,49.028735],[2.293255,49.028523],[2.293648,49.028089],[2.294098,49.027504],[2.294249,49.027357],[2.294696,49.026984],[2.294883,49.026883],[2.295192,49.027001],[2.295665,49.027224],[2.299546,49.025123],[2.300097,49.024835],[2.301453,49.02409],[2.301647,49.023046],[2.302191,49.022896],[2.302296,49.022505],[2.302332,49.022275],[2.302558,49.021823],[2.302614,49.021531],[2.303087,49.02128],[2.303105,49.0211],[2.302983,49.020923],[2.302706,49.020776],[2.302242,49.020487],[2.302081,49.020367],[2.301919,49.020124],[2.301835,49.019885],[2.301673,49.01968],[2.301181,49.019298],[2.300946,49.019177],[2.300404,49.018987],[2.300292,49.018921],[2.30012,49.018654],[2.300056,49.018315],[2.300121,49.01802],[2.300318,49.017502],[2.300403,49.017375],[2.300221,49.017082],[2.300901,49.016687],[2.301575,49.015984],[2.301503,49.015856],[2.301107,49.015516],[2.30086,49.015405],[2.300636,49.015268],[2.300014,49.014965],[2.299849,49.01486],[2.298112,49.011871],[2.297135,49.01095],[2.2957,49.010694],[2.295324,49.010317],[2.295284,49.010132],[2.295122,49.009844],[2.294778,49.009401],[2.294611,49.00907],[2.29406,49.00926],[2.293619,49.008596],[2.293251,49.008113],[2.29298,49.007729],[2.292822,49.007598],[2.29218,49.007787],[2.291695,49.007098],[2.292229,49.006971],[2.292018,49.006612],[2.291692,49.006668],[2.291501,49.006378]]]}},{"type":"Feature","properties":{"nom":"Montmagny","code":"95427","population":15105,"codeDepartement":"95"},"geometry":{"type":"Polygon","coordinates":[[[2.353466,48.965624],[2.35257,48.965725],[2.352317,48.96578],[2.352014,48.965907],[2.351774,48.966056],[2.351637,48.966189],[2.351596,48.966328],[2.351576,48.966621],[2.350516,48.967024],[2.350004,48.967128],[2.34916,48.967352],[2.348499,48.967503],[2.348319,48.967523],[2.347287,48.967704],[2.347078,48.967657],[2.345909,48.967965],[2.345496,48.968066],[2.345082,48.968191],[2.344659,48.968192],[2.344449,48.968233],[2.343865,48.968421],[2.339871,48.962552],[2.339393,48.962705],[2.338933,48.962921],[2.338423,48.962218],[2.337972,48.961634],[2.337455,48.960909],[2.337637,48.960716],[2.337985,48.960231],[2.338078,48.960072],[2.336987,48.958679],[2.3369,48.958584],[2.336511,48.958047],[2.336361,48.957739],[2.33622,48.957653],[2.336046,48.957464],[2.335638,48.957121],[2.335515,48.957139],[2.335351,48.957031],[2.335112,48.956788],[2.335064,48.956811],[2.334553,48.956307],[2.334268,48.956048],[2.334024,48.956174],[2.333644,48.955651],[2.333363,48.955318],[2.332145,48.956303],[2.330803,48.95737],[2.33025,48.957792],[2.329224,48.958467],[2.327919,48.959516],[2.329301,48.959917],[2.329714,48.960081],[2.330299,48.960365],[2.33073,48.960605],[2.331011,48.960735],[2.331464,48.960996],[2.330325,48.961633],[2.330512,48.961789],[2.329549,48.962297],[2.330615,48.963385],[2.330201,48.963572],[2.330235,48.963729],[2.330621,48.964142],[2.331016,48.964543],[2.331023,48.964754],[2.330931,48.964837],[2.330539,48.964991],[2.331737,48.966331],[2.333365,48.965811],[2.334076,48.965541],[2.334276,48.965477],[2.334457,48.965642],[2.334701,48.965969],[2.333629,48.966325],[2.333676,48.966448],[2.333863,48.966713],[2.333554,48.967146],[2.333265,48.967445],[2.333203,48.967575],[2.333237,48.96769],[2.333378,48.967873],[2.333525,48.968167],[2.333018,48.968403],[2.332638,48.968623],[2.331914,48.968959],[2.331723,48.96913],[2.330986,48.969955],[2.330771,48.970266],[2.331623,48.970413],[2.332434,48.970573],[2.333586,48.970847],[2.334328,48.971095],[2.335249,48.971497],[2.335788,48.971771],[2.336261,48.971956],[2.336429,48.972432],[2.336423,48.972588],[2.336239,48.973073],[2.336048,48.973492],[2.335896,48.973929],[2.33576,48.974613],[2.335669,48.975301],[2.336879,48.975225],[2.337339,48.97517],[2.337848,48.975129],[2.341124,48.974787],[2.341476,48.97476],[2.34215,48.974829],[2.342743,48.974919],[2.342926,48.975502],[2.343751,48.976926],[2.344208,48.978057],[2.344317,48.977871],[2.344782,48.977608],[2.345045,48.977423],[2.345059,48.977295],[2.344879,48.97692],[2.346232,48.976565],[2.34653,48.977176],[2.346626,48.977294],[2.346743,48.977583],[2.347172,48.978275],[2.347542,48.978945],[2.347757,48.979245],[2.348021,48.979858],[2.348099,48.979797],[2.34842,48.979361],[2.348951,48.978915],[2.349314,48.978656],[2.349823,48.978257],[2.350479,48.978659],[2.350928,48.978949],[2.351212,48.979163],[2.35178,48.979276],[2.352553,48.979533],[2.353054,48.979637],[2.354139,48.979768],[2.35444,48.979819],[2.354859,48.979296],[2.355096,48.978927],[2.355989,48.977883],[2.35641,48.977368],[2.356926,48.977507],[2.357702,48.977635],[2.358406,48.977727],[2.359268,48.977863],[2.360063,48.978032],[2.360148,48.977947],[2.36068,48.977911],[2.36142,48.977908],[2.36221,48.97788],[2.362319,48.977911],[2.362518,48.978352],[2.362635,48.978548],[2.362782,48.978653],[2.363097,48.978752],[2.363363,48.9788],[2.364097,48.978889],[2.364354,48.978268],[2.364715,48.977335],[2.365361,48.975704],[2.365731,48.974793],[2.365878,48.974327],[2.365742,48.974028],[2.365562,48.973691],[2.365523,48.973538],[2.365292,48.973086],[2.362654,48.973658],[2.362672,48.973722],[2.362267,48.973797],[2.361723,48.973965],[2.361562,48.973886],[2.36129,48.973499],[2.361122,48.973348],[2.360807,48.972989],[2.360495,48.972691],[2.360092,48.972481],[2.36,48.972496],[2.359531,48.972693],[2.358985,48.972869],[2.358203,48.971815],[2.357928,48.971398],[2.357506,48.970827],[2.356424,48.969096],[2.356559,48.968975],[2.356929,48.968782],[2.356761,48.968659],[2.356533,48.968434],[2.355357,48.967437],[2.354804,48.966903],[2.353925,48.965756],[2.35365,48.965828],[2.353466,48.965624]]]}},{"type":"Feature","properties":{"nom":"Montmorency","code":"95428","population":21763,"codeDepartement":"95"},"geometry":{"type":"Polygon","coordinates":[[[2.321919,49.010638],[2.322006,49.010173],[2.321647,49.00929],[2.321406,49.008993],[2.321378,49.008583],[2.321276,49.00839],[2.321131,49.008022],[2.321015,49.007885],[2.320959,49.007466],[2.320835,49.007026],[2.320676,49.006758],[2.320595,49.00642],[2.320593,49.005793],[2.32061,49.005612],[2.321262,49.005396],[2.321742,49.005207],[2.322269,49.004926],[2.32283,49.004664],[2.323215,49.004465],[2.323897,49.004191],[2.324763,49.003915],[2.326128,49.003384],[2.326698,49.003286],[2.327183,49.003163],[2.32752,49.002965],[2.327857,49.002794],[2.328343,49.002475],[2.329039,49.002167],[2.330027,49.001851],[2.330443,49.001734],[2.330816,49.001686],[2.331515,49.00166],[2.331358,49.001516],[2.331056,49.000693],[2.330804,49.000525],[2.330221,49.000325],[2.330093,49.000225],[2.329932,48.999905],[2.332566,48.9995],[2.332958,48.999447],[2.332894,48.999109],[2.332894,48.998889],[2.332815,48.998255],[2.332396,48.998331],[2.332047,48.997517],[2.331845,48.996832],[2.331641,48.996832],[2.331452,48.995643],[2.331609,48.995597],[2.332417,48.995507],[2.332691,48.995445],[2.333232,48.995208],[2.333853,48.994888],[2.334757,48.99439],[2.33526,48.994038],[2.335824,48.993577],[2.336093,48.993377],[2.336492,48.993112],[2.33695,48.992909],[2.337289,48.992798],[2.337042,48.991894],[2.337189,48.991352],[2.336659,48.990116],[2.336428,48.989673],[2.336346,48.988995],[2.336067,48.989006],[2.335801,48.988522],[2.335508,48.988029],[2.335006,48.988198],[2.334846,48.987905],[2.334666,48.987444],[2.335181,48.987292],[2.334998,48.986847],[2.335053,48.986835],[2.334816,48.986388],[2.334791,48.986161],[2.334813,48.985624],[2.334812,48.984938],[2.334871,48.984612],[2.335229,48.984657],[2.335255,48.984089],[2.33507,48.983822],[2.334987,48.983346],[2.334954,48.98297],[2.335032,48.9825],[2.335103,48.981872],[2.334996,48.981827],[2.335054,48.980972],[2.334632,48.980874],[2.334171,48.98084],[2.334156,48.981537],[2.334053,48.981639],[2.332692,48.981952],[2.331967,48.982165],[2.331312,48.982524],[2.330815,48.982567],[2.330272,48.982589],[2.329746,48.982644],[2.328542,48.982872],[2.328199,48.982997],[2.326699,48.983039],[2.325925,48.983138],[2.32553,48.983214],[2.323564,48.982537],[2.322863,48.982306],[2.322898,48.98221],[2.322647,48.981494],[2.322553,48.981172],[2.322542,48.980839],[2.3227,48.980426],[2.32244,48.980405],[2.321892,48.980414],[2.320777,48.980513],[2.319509,48.980871],[2.318979,48.980694],[2.316947,48.979729],[2.316691,48.979655],[2.316657,48.979152],[2.316606,48.978766],[2.316577,48.978317],[2.317044,48.975987],[2.317147,48.975417],[2.317149,48.975293],[2.317055,48.974853],[2.316649,48.973418],[2.316605,48.973091],[2.316612,48.972396],[2.316631,48.971948],[2.316588,48.971253],[2.316358,48.971193],[2.315428,48.970805],[2.314155,48.969833],[2.313851,48.969588],[2.311413,48.97134],[2.310734,48.971834],[2.310673,48.971908],[2.310568,48.972056],[2.310067,48.972939],[2.309915,48.973132],[2.309502,48.973735],[2.309235,48.97407],[2.308458,48.974891],[2.308316,48.975069],[2.308009,48.975561],[2.307127,48.977182],[2.306993,48.97736],[2.307012,48.977515],[2.306985,48.977802],[2.306817,48.978805],[2.306778,48.979157],[2.307133,48.97893],[2.307308,48.979028],[2.308441,48.979803],[2.30891,48.980155],[2.309933,48.98114],[2.310415,48.981519],[2.31084,48.981882],[2.311762,48.982738],[2.312375,48.983427],[2.311607,48.983732],[2.310929,48.98398],[2.310397,48.984156],[2.30996,48.984283],[2.309428,48.984392],[2.309078,48.984531],[2.30841,48.984827],[2.307885,48.985204],[2.307605,48.985467],[2.307168,48.985944],[2.308824,48.986457],[2.309179,48.986594],[2.309702,48.986828],[2.311156,48.987742],[2.311603,48.988033],[2.311854,48.988244],[2.31197,48.989022],[2.312726,48.989377],[2.313795,48.989745],[2.313818,48.98982],[2.31318,48.990595],[2.312918,48.990809],[2.31245,48.991047],[2.312346,48.991076],[2.312,48.991695],[2.312142,48.992016],[2.312141,48.992211],[2.312046,48.992238],[2.311016,48.992636],[2.313316,48.994394],[2.313492,48.994702],[2.31317,48.995126],[2.312974,48.995678],[2.313258,48.995756],[2.313192,48.996402],[2.313967,48.996727],[2.314672,48.996728],[2.315565,48.997435],[2.315395,48.997676],[2.315603,48.997856],[2.315287,48.998258],[2.316217,48.998687],[2.316305,48.998634],[2.316554,48.998871],[2.316604,48.999071],[2.316523,48.999255],[2.316393,48.99943],[2.315622,49.000036],[2.315563,49.00024],[2.315531,49.000819],[2.315253,49.000999],[2.314944,49.001071],[2.314484,49.001146],[2.314086,49.001256],[2.313905,49.001345],[2.313446,49.001701],[2.313161,49.001843],[2.313013,49.001883],[2.31216,49.002029],[2.31116,49.002095],[2.310788,49.002089],[2.310999,49.00378],[2.311225,49.004068],[2.311687,49.004376],[2.311992,49.004491],[2.312676,49.004648],[2.313012,49.005043],[2.312433,49.005337],[2.311791,49.00573],[2.311296,49.006048],[2.310876,49.00636],[2.311692,49.006789],[2.313666,49.007843],[2.313921,49.007974],[2.313633,49.008421],[2.313262,49.008906],[2.313003,49.009131],[2.312602,49.009425],[2.312401,49.009599],[2.312239,49.009869],[2.312215,49.010319],[2.312131,49.010728],[2.312048,49.011001],[2.311939,49.011202],[2.311532,49.011552],[2.311401,49.011748],[2.311375,49.011935],[2.311427,49.012174],[2.311649,49.012922],[2.311799,49.013186],[2.312061,49.01353],[2.312566,49.014229],[2.312666,49.014402],[2.312738,49.014815],[2.313416,49.01482],[2.314138,49.014798],[2.314432,49.014731],[2.314548,49.01461],[2.314949,49.014274],[2.31509,49.014087],[2.315489,49.013788],[2.315427,49.013629],[2.315495,49.013069],[2.315572,49.012756],[2.315639,49.012143],[2.315794,49.011274],[2.315808,49.011102],[2.318677,49.011795],[2.319116,49.011479],[2.319673,49.011213],[2.320053,49.010967],[2.320162,49.010826],[2.321919,49.010638]]]}},{"type":"Feature","properties":{"nom":"Montreuil-sur-Epte","code":"95429","population":377,"codeDepartement":"95"},"geometry":{"type":"Polygon","coordinates":[[[1.671621,49.180751],[1.672827,49.180787],[1.673439,49.180957],[1.67365,49.180579],[1.674798,49.181025],[1.674838,49.180936],[1.675187,49.181033],[1.675208,49.18116],[1.677444,49.181471],[1.677368,49.182121],[1.678378,49.182126],[1.678328,49.182633],[1.680824,49.18267],[1.681114,49.182906],[1.681379,49.183063],[1.681599,49.183579],[1.682203,49.184055],[1.684654,49.182926],[1.68694,49.18266],[1.687391,49.182509],[1.68776,49.182313],[1.688004,49.182155],[1.688698,49.182161],[1.688787,49.182221],[1.689835,49.182163],[1.690158,49.182017],[1.690515,49.181826],[1.690878,49.181584],[1.691271,49.18124],[1.693138,49.180089],[1.69507,49.18123],[1.695366,49.180783],[1.697191,49.181601],[1.69725,49.181386],[1.697559,49.180676],[1.697864,49.18055],[1.698221,49.180198],[1.698536,49.179993],[1.698781,49.179955],[1.699209,49.179999],[1.699723,49.180075],[1.700119,49.180094],[1.700837,49.180092],[1.701324,49.180078],[1.701604,49.17947],[1.701874,49.178973],[1.70208,49.178729],[1.702428,49.178468],[1.702707,49.178417],[1.703444,49.178486],[1.703711,49.178529],[1.704231,49.178665],[1.704734,49.178738],[1.705021,49.178743],[1.705416,49.178452],[1.705671,49.177305],[1.706347,49.177257],[1.706685,49.177278],[1.707735,49.177406],[1.70809,49.177398],[1.708405,49.177305],[1.708972,49.177056],[1.710713,49.177497],[1.71078,49.17753],[1.711885,49.178379],[1.712017,49.178418],[1.712824,49.177931],[1.714,49.177269],[1.715004,49.176424],[1.715097,49.176441],[1.715391,49.176247],[1.716013,49.175714],[1.716656,49.175073],[1.717613,49.174134],[1.718028,49.173605],[1.718043,49.173514],[1.718249,49.173315],[1.717551,49.173083],[1.716945,49.172935],[1.716283,49.172804],[1.715885,49.172759],[1.715286,49.17273],[1.714708,49.17274],[1.71424,49.172771],[1.712884,49.172599],[1.712539,49.172516],[1.71255,49.172381],[1.710906,49.172469],[1.709313,49.171856],[1.708998,49.169799],[1.70941,49.169699],[1.709125,49.168975],[1.70905,49.168371],[1.708867,49.166132],[1.708363,49.166105],[1.707734,49.166154],[1.70684,49.165258],[1.706273,49.164931],[1.703933,49.165281],[1.699746,49.166506],[1.699124,49.166875],[1.698719,49.167051],[1.698434,49.167136],[1.693499,49.163876],[1.693662,49.163718],[1.687101,49.159946],[1.684411,49.158157],[1.684102,49.157903],[1.683472,49.157576],[1.683295,49.15766],[1.678727,49.156339],[1.678529,49.156334],[1.677733,49.156419],[1.677659,49.156369],[1.677339,49.156409],[1.677123,49.156464],[1.676513,49.156709],[1.675916,49.156807],[1.676051,49.157008],[1.67549,49.157146],[1.67516,49.15728],[1.674929,49.157022],[1.674703,49.157083],[1.674017,49.157219],[1.674138,49.157446],[1.67369,49.157561],[1.673424,49.157651],[1.672845,49.157897],[1.672356,49.158026],[1.671847,49.158209],[1.671696,49.158311],[1.671376,49.158386],[1.67116,49.158113],[1.670499,49.158376],[1.670207,49.158153],[1.669703,49.157497],[1.669418,49.157222],[1.668968,49.156704],[1.66882,49.156504],[1.668647,49.156204],[1.668561,49.155809],[1.668491,49.155661],[1.66793,49.154963],[1.667806,49.154674],[1.667641,49.154035],[1.667531,49.15383],[1.664537,49.15406],[1.664066,49.15414],[1.663777,49.154506],[1.663664,49.154751],[1.66344,49.155086],[1.662842,49.155563],[1.662577,49.155828],[1.662157,49.156069],[1.661588,49.156504],[1.661026,49.156816],[1.660707,49.157025],[1.660601,49.157154],[1.660581,49.157308],[1.660699,49.157592],[1.661298,49.158113],[1.661642,49.158548],[1.661821,49.158686],[1.662192,49.158825],[1.662675,49.159052],[1.662945,49.159259],[1.662999,49.159374],[1.663072,49.159977],[1.663079,49.160228],[1.663045,49.160806],[1.663097,49.160992],[1.66332,49.161429],[1.663575,49.161695],[1.664046,49.162426],[1.664236,49.162915],[1.664251,49.163016],[1.664266,49.163924],[1.664231,49.16449],[1.66422,49.16497],[1.664268,49.165175],[1.66457,49.165521],[1.664643,49.165787],[1.664759,49.166035],[1.664965,49.166152],[1.665812,49.166339],[1.666115,49.166446],[1.666219,49.166565],[1.666384,49.166874],[1.666555,49.167097],[1.666708,49.167194],[1.667182,49.167315],[1.667447,49.167605],[1.667608,49.167863],[1.667726,49.167972],[1.668053,49.168085],[1.668378,49.168141],[1.668643,49.168248],[1.668687,49.16832],[1.668726,49.168675],[1.668784,49.168792],[1.669085,49.168963],[1.669506,49.169141],[1.670145,49.169437],[1.670241,49.169534],[1.670267,49.169811],[1.670174,49.170141],[1.669756,49.170499],[1.669163,49.170893],[1.668908,49.171173],[1.668741,49.171469],[1.668754,49.171658],[1.668708,49.172154],[1.66867,49.172269],[1.668482,49.172487],[1.668444,49.172627],[1.668369,49.173167],[1.668309,49.173259],[1.667843,49.173693],[1.667563,49.174062],[1.667126,49.174578],[1.666776,49.174766],[1.666588,49.174973],[1.666481,49.17524],[1.666336,49.175482],[1.666296,49.17571],[1.666309,49.175895],[1.666402,49.176143],[1.666245,49.176312],[1.66609,49.176748],[1.666163,49.176905],[1.666676,49.177239],[1.667267,49.177426],[1.667486,49.177606],[1.667544,49.177729],[1.667535,49.177865],[1.667449,49.178126],[1.667298,49.178384],[1.66705,49.178615],[1.666951,49.178756],[1.666935,49.178911],[1.667078,49.179324],[1.667187,49.179476],[1.667444,49.179671],[1.667687,49.17974],[1.668056,49.179787],[1.668695,49.179776],[1.668962,49.179792],[1.669035,49.17987],[1.669118,49.180313],[1.669409,49.180484],[1.669689,49.180514],[1.669947,49.180631],[1.670195,49.18062],[1.670804,49.180478],[1.671127,49.180251],[1.671372,49.18021],[1.671599,49.180395],[1.671662,49.180619],[1.671621,49.180751]]]}},{"type":"Feature","properties":{"nom":"Montsoult","code":"95430","population":4023,"codeDepartement":"95"},"geometry":{"type":"Polygon","coordinates":[[[2.273911,49.076588],[2.274024,49.076668],[2.27472,49.077023],[2.275334,49.076707],[2.275602,49.076605],[2.27706,49.075795],[2.278081,49.075488],[2.278443,49.075445],[2.278645,49.075377],[2.278906,49.074446],[2.279945,49.074006],[2.280172,49.073876],[2.28032,49.073747],[2.281138,49.074851],[2.282389,49.076757],[2.282513,49.076882],[2.283439,49.078216],[2.283714,49.078601],[2.284267,49.078298],[2.284717,49.07854],[2.285063,49.077471],[2.28577,49.077043],[2.286432,49.077237],[2.287095,49.076919],[2.288458,49.076871],[2.288522,49.077044],[2.288743,49.077091],[2.289399,49.076716],[2.289715,49.076597],[2.291242,49.079605],[2.295844,49.07763],[2.296493,49.077364],[2.296314,49.078792],[2.296401,49.078937],[2.296551,49.079062],[2.298903,49.075518],[2.300776,49.07502],[2.301014,49.074254],[2.302381,49.073576],[2.304996,49.07237],[2.30783,49.072793],[2.30826,49.072239],[2.30822,49.072118],[2.307922,49.071973],[2.30804,49.07183],[2.308641,49.072136],[2.309185,49.072509],[2.310034,49.072477],[2.309655,49.072951],[2.309605,49.073136],[2.309556,49.073517],[2.311076,49.073545],[2.31127,49.073504],[2.311402,49.073427],[2.312055,49.072932],[2.314008,49.073408],[2.314043,49.073221],[2.314903,49.073419],[2.315366,49.072156],[2.316656,49.072298],[2.319271,49.072522],[2.323256,49.072996],[2.323311,49.072955],[2.324075,49.073066],[2.324299,49.072782],[2.32491,49.073073],[2.325078,49.07306],[2.324559,49.074046],[2.32436,49.074501],[2.325399,49.074694],[2.325388,49.075514],[2.329615,49.076379],[2.33036,49.074423],[2.331128,49.074616],[2.331684,49.074779],[2.332399,49.07492],[2.332665,49.075042],[2.334527,49.075491],[2.334965,49.07393],[2.335392,49.072202],[2.33542,49.072045],[2.335061,49.071894],[2.33453,49.071636],[2.334111,49.071451],[2.335581,49.071409],[2.334407,49.068648],[2.333729,49.067451],[2.331127,49.068227],[2.331427,49.066824],[2.331479,49.066612],[2.328819,49.066374],[2.329216,49.065636],[2.329438,49.065193],[2.329624,49.064747],[2.329867,49.064112],[2.330084,49.063638],[2.324879,49.064581],[2.324339,49.064666],[2.323828,49.064771],[2.320199,49.06543],[2.320178,49.06555],[2.319026,49.065789],[2.318151,49.066028],[2.317723,49.066203],[2.317301,49.066412],[2.31584,49.067366],[2.315542,49.067542],[2.315375,49.067522],[2.314634,49.067375],[2.314151,49.067244],[2.31384,49.067098],[2.313486,49.066966],[2.312903,49.066715],[2.312604,49.066559],[2.311681,49.066024],[2.311387,49.065879],[2.310724,49.065672],[2.310377,49.06561],[2.309543,49.065367],[2.309437,49.065274],[2.309366,49.065093],[2.303713,49.065541],[2.303062,49.065573],[2.302424,49.065581],[2.300383,49.065526],[2.300062,49.065548],[2.300051,49.065913],[2.300009,49.066076],[2.299927,49.06618],[2.299613,49.06629],[2.298618,49.066503],[2.298589,49.066831],[2.298497,49.067352],[2.291701,49.069851],[2.290962,49.070393],[2.290265,49.069779],[2.289099,49.070377],[2.288797,49.070655],[2.288676,49.070821],[2.288148,49.071663],[2.288041,49.071688],[2.287936,49.071813],[2.287246,49.072328],[2.287106,49.0724],[2.286786,49.072441],[2.286008,49.072393],[2.285429,49.072393],[2.284815,49.07246],[2.284701,49.072455],[2.284325,49.072257],[2.284216,49.072088],[2.283874,49.071787],[2.283754,49.071648],[2.283486,49.07154],[2.283321,49.071508],[2.28292,49.071502],[2.282324,49.07158],[2.281982,49.071534],[2.28138,49.071256],[2.280752,49.070885],[2.280505,49.070766],[2.280295,49.070722],[2.279975,49.07072],[2.27953,49.070838],[2.279443,49.07099],[2.279288,49.071159],[2.27838,49.071657],[2.278101,49.071743],[2.276242,49.072115],[2.276073,49.072107],[2.276014,49.072],[2.275277,49.070112],[2.275182,49.069914],[2.274806,49.069299],[2.274427,49.068733],[2.271814,49.069249],[2.270963,49.069829],[2.270251,49.070442],[2.269853,49.07093],[2.269392,49.073007],[2.26971,49.074329],[2.26989,49.074514],[2.269848,49.074743],[2.270027,49.075082],[2.270386,49.075243],[2.270804,49.075407],[2.271483,49.075598],[2.271829,49.075763],[2.272193,49.075878],[2.27278,49.075973],[2.273092,49.076095],[2.273373,49.076445],[2.273706,49.076565],[2.273911,49.076588]]]}},{"type":"Feature","properties":{"nom":"Mours","code":"95436","population":1693,"codeDepartement":"95"},"geometry":{"type":"Polygon","coordinates":[[[2.279312,49.125735],[2.279428,49.125164],[2.27851,49.124733],[2.277723,49.125312],[2.276095,49.125146],[2.275274,49.124804],[2.271031,49.124325],[2.270903,49.124452],[2.268912,49.124335],[2.267876,49.124582],[2.267547,49.124584],[2.264772,49.124859],[2.264497,49.124898],[2.26235,49.124157],[2.261589,49.124229],[2.261163,49.123992],[2.260897,49.123993],[2.26086,49.123766],[2.260337,49.123618],[2.25985,49.123656],[2.259333,49.124008],[2.259125,49.124034],[2.258243,49.124539],[2.258005,49.124491],[2.25757,49.124466],[2.257223,49.124413],[2.25662,49.124552],[2.256409,49.12481],[2.256345,49.124835],[2.256096,49.125384],[2.255788,49.125408],[2.255295,49.125668],[2.255161,49.12565],[2.254964,49.125799],[2.254339,49.12571],[2.254184,49.125803],[2.253934,49.125868],[2.253146,49.126243],[2.252409,49.126399],[2.252221,49.126468],[2.252126,49.126429],[2.252002,49.126247],[2.251238,49.126031],[2.250346,49.126129],[2.250145,49.126107],[2.24989,49.12615],[2.249671,49.126149],[2.249066,49.126088],[2.248852,49.126105],[2.248475,49.126206],[2.248054,49.126412],[2.246535,49.127634],[2.24691,49.128288],[2.246585,49.128461],[2.24632,49.128499],[2.24597,49.128616],[2.245816,49.128829],[2.245396,49.128976],[2.245072,49.128962],[2.244787,49.129135],[2.244756,49.129259],[2.244357,49.129266],[2.244043,49.129107],[2.243872,49.129112],[2.24324,49.129411],[2.242881,49.129447],[2.242701,49.129379],[2.242223,49.129434],[2.241958,49.12937],[2.241659,49.129489],[2.240729,49.129203],[2.240205,49.129454],[2.240159,49.129845],[2.239851,49.129842],[2.239496,49.129775],[2.239225,49.129642],[2.238906,49.129547],[2.237789,49.129339],[2.23691,49.129248],[2.235898,49.129188],[2.235713,49.129301],[2.235716,49.129484],[2.235175,49.130022],[2.235054,49.130469],[2.236365,49.130899],[2.236606,49.130964],[2.237018,49.131036],[2.238278,49.131043],[2.241164,49.130901],[2.242538,49.130883],[2.250931,49.131401],[2.253082,49.131585],[2.254371,49.131682],[2.257372,49.131866],[2.258883,49.132051],[2.259924,49.132499],[2.260558,49.132922],[2.261995,49.133861],[2.262803,49.134483],[2.263772,49.135994],[2.263984,49.136326],[2.265435,49.13779],[2.266458,49.138585],[2.267481,49.139178],[2.267919,49.139404],[2.27009,49.137776],[2.270503,49.137926],[2.270851,49.137586],[2.27118,49.137849],[2.271719,49.137498],[2.271449,49.137307],[2.272093,49.136863],[2.272491,49.137008],[2.272777,49.13656],[2.273219,49.136294],[2.273673,49.135844],[2.273856,49.13573],[2.274057,49.13583],[2.275261,49.134547],[2.275365,49.134414],[2.275559,49.134497],[2.275755,49.134692],[2.278242,49.135256],[2.277548,49.133793],[2.277463,49.133708],[2.277266,49.133332],[2.277009,49.132793],[2.276912,49.132346],[2.276902,49.131478],[2.276932,49.130959],[2.277104,49.1299],[2.277182,49.129305],[2.27718,49.128878],[2.277202,49.128759],[2.27738,49.128389],[2.277691,49.127859],[2.277978,49.127329],[2.277922,49.127225],[2.277193,49.127023],[2.277034,49.126993],[2.277333,49.126818],[2.277494,49.126756],[2.277595,49.126654],[2.277816,49.12652],[2.277904,49.126354],[2.278255,49.126029],[2.278456,49.125965],[2.278609,49.125829],[2.278931,49.12572],[2.279312,49.125735]]]}},{"type":"Feature","properties":{"nom":"Moussy","code":"95438","population":108,"codeDepartement":"95"},"geometry":{"type":"Polygon","coordinates":[[[1.893263,49.144018],[1.893366,49.143947],[1.895784,49.142624],[1.900311,49.140137],[1.900721,49.139933],[1.901884,49.139277],[1.90285,49.139932],[1.904527,49.141187],[1.904405,49.141407],[1.90715,49.142547],[1.90765,49.142049],[1.908627,49.141108],[1.909556,49.141572],[1.910295,49.141992],[1.910502,49.142147],[1.911212,49.142591],[1.911755,49.142891],[1.911862,49.143015],[1.912098,49.143409],[1.912301,49.143606],[1.913194,49.144219],[1.913767,49.144577],[1.914581,49.145119],[1.91698,49.143966],[1.916453,49.143509],[1.9188,49.142601],[1.919727,49.142083],[1.92188,49.140994],[1.923906,49.139932],[1.924516,49.139596],[1.925412,49.139108],[1.924795,49.138629],[1.924999,49.138519],[1.924797,49.138353],[1.925475,49.137855],[1.925766,49.137687],[1.926447,49.137434],[1.926576,49.137407],[1.930767,49.135317],[1.932669,49.132665],[1.933026,49.132464],[1.933808,49.132121],[1.932584,49.131137],[1.932222,49.131296],[1.932063,49.131405],[1.93048,49.130329],[1.930557,49.130181],[1.930991,49.129574],[1.931259,49.129197],[1.930515,49.129141],[1.929403,49.128985],[1.928401,49.128743],[1.928068,49.12863],[1.927443,49.128386],[1.926443,49.127944],[1.926013,49.127724],[1.925454,49.127553],[1.925383,49.12751],[1.925028,49.12743],[1.924802,49.127342],[1.924633,49.127153],[1.924438,49.127065],[1.923759,49.1269],[1.923304,49.126841],[1.922099,49.126803],[1.920707,49.126719],[1.919925,49.126701],[1.919466,49.126657],[1.918857,49.126567],[1.918538,49.126538],[1.917753,49.126349],[1.917463,49.126262],[1.917104,49.126106],[1.916173,49.125908],[1.915177,49.126743],[1.915099,49.126823],[1.914925,49.12676],[1.9143,49.126603],[1.913801,49.126514],[1.91276,49.126373],[1.912366,49.126329],[1.911977,49.126319],[1.911304,49.126423],[1.911041,49.126547],[1.910721,49.126881],[1.910223,49.127266],[1.909804,49.127536],[1.909141,49.127756],[1.908578,49.127879],[1.907895,49.127912],[1.906995,49.128035],[1.906365,49.128137],[1.905987,49.128183],[1.905621,49.128185],[1.90517,49.128153],[1.90431,49.128022],[1.903964,49.128025],[1.903531,49.128228],[1.902835,49.128316],[1.901826,49.128518],[1.901391,49.128557],[1.901054,49.128559],[1.900677,49.128535],[1.89967,49.128402],[1.898939,49.128269],[1.897418,49.12787],[1.89652,49.127651],[1.894371,49.129196],[1.895512,49.129818],[1.89606,49.130274],[1.891991,49.132278],[1.893501,49.133078],[1.892678,49.133467],[1.891391,49.13278],[1.889812,49.133623],[1.889773,49.133631],[1.888298,49.133192],[1.888265,49.133439],[1.888135,49.133615],[1.887973,49.133536],[1.887118,49.133372],[1.885236,49.132983],[1.884436,49.134412],[1.885372,49.134615],[1.884529,49.136087],[1.884083,49.136929],[1.883014,49.136703],[1.882493,49.137786],[1.882878,49.137915],[1.885773,49.138714],[1.885155,49.139668],[1.886128,49.139932],[1.888933,49.140662],[1.888857,49.141179],[1.888646,49.1417],[1.888373,49.142449],[1.888175,49.143188],[1.889146,49.14355],[1.89106,49.143764],[1.893263,49.144018]]]}},{"type":"Feature","properties":{"nom":"Nerville-la-Forêt","code":"95445","population":756,"codeDepartement":"95"},"geometry":{"type":"Polygon","coordinates":[[[2.283714,49.078601],[2.283439,49.078216],[2.282513,49.076882],[2.282389,49.076757],[2.281138,49.074851],[2.28032,49.073747],[2.280172,49.073876],[2.279945,49.074006],[2.278906,49.074446],[2.278645,49.075377],[2.278443,49.075445],[2.278081,49.075488],[2.27706,49.075795],[2.275602,49.076605],[2.275334,49.076707],[2.27472,49.077023],[2.274024,49.076668],[2.273911,49.076588],[2.271772,49.077538],[2.269204,49.07867],[2.267719,49.079366],[2.266583,49.079858],[2.265863,49.080149],[2.261574,49.082052],[2.258012,49.08364],[2.257493,49.083904],[2.257651,49.085626],[2.257902,49.091289],[2.257814,49.091257],[2.257414,49.09124],[2.254505,49.091075],[2.252086,49.090933],[2.250847,49.09087],[2.250632,49.090867],[2.251344,49.09143],[2.252601,49.092471],[2.253678,49.09341],[2.254324,49.093936],[2.255804,49.095179],[2.25644,49.095183],[2.257641,49.096169],[2.258616,49.096983],[2.259965,49.098807],[2.260059,49.098951],[2.260157,49.099384],[2.260433,49.100775],[2.261117,49.100579],[2.262313,49.100251],[2.262571,49.100169],[2.263111,49.10024],[2.264402,49.100344],[2.266187,49.100476],[2.267912,49.10066],[2.268787,49.100726],[2.271247,49.10095],[2.274517,49.10123],[2.275292,49.101341],[2.277017,49.101478],[2.278244,49.101544],[2.280435,49.101735],[2.280985,49.101794],[2.281126,49.100191],[2.282193,49.099931],[2.283179,49.099729],[2.284632,49.10076],[2.284967,49.100884],[2.28534,49.101096],[2.285841,49.101457],[2.286181,49.101658],[2.286585,49.101855],[2.287499,49.10223],[2.287796,49.102341],[2.28837,49.102495],[2.288686,49.102552],[2.288947,49.102567],[2.289477,49.102486],[2.28967,49.102382],[2.289796,49.102247],[2.28993,49.101822],[2.290149,49.10161],[2.289439,49.100027],[2.289131,49.099323],[2.288884,49.098793],[2.293088,49.101046],[2.294134,49.100203],[2.295109,49.099492],[2.295497,49.099261],[2.298165,49.097807],[2.298631,49.097527],[2.299248,49.097103],[2.299517,49.096898],[2.29987,49.096507],[2.300068,49.096088],[2.300198,49.095594],[2.30036,49.094818],[2.300452,49.094632],[2.300575,49.094501],[2.301075,49.094091],[2.302904,49.092177],[2.301177,49.091504],[2.301624,49.091262],[2.300699,49.090637],[2.298605,49.090066],[2.297846,49.08997],[2.297064,49.089781],[2.296105,49.089526],[2.293404,49.088341],[2.293728,49.087959],[2.291453,49.087738],[2.291451,49.087515],[2.291645,49.087041],[2.292012,49.086497],[2.292232,49.086133],[2.292264,49.086001],[2.291609,49.085575],[2.291175,49.085856],[2.290592,49.085355],[2.290892,49.085223],[2.290075,49.08469],[2.290345,49.084583],[2.289581,49.083687],[2.289864,49.08354],[2.288084,49.083461],[2.287499,49.083578],[2.287297,49.083651],[2.286734,49.082834],[2.286039,49.081874],[2.285282,49.080777],[2.284055,49.079082],[2.283714,49.078601]]]}},{"type":"Feature","properties":{"nom":"Nesles-la-Vallée","code":"95446","population":1842,"codeDepartement":"95"},"geometry":{"type":"Polygon","coordinates":[[[2.180905,49.108598],[2.180533,49.109091],[2.180119,49.109548],[2.179951,49.109769],[2.179029,49.109446],[2.178899,49.109614],[2.178517,49.109532],[2.178387,49.10974],[2.177841,49.109537],[2.176747,49.109198],[2.176633,49.109319],[2.176284,49.109226],[2.176156,49.109255],[2.175201,49.108893],[2.174689,49.109697],[2.174342,49.109634],[2.174244,49.109849],[2.172714,49.109536],[2.172283,49.109656],[2.17242,49.109163],[2.172491,49.109031],[2.165178,49.108451],[2.165166,49.107555],[2.164535,49.107544],[2.162787,49.1075],[2.160514,49.107432],[2.160405,49.107417],[2.159044,49.106911],[2.159365,49.104973],[2.159512,49.104467],[2.159794,49.103638],[2.158769,49.103976],[2.156561,49.104756],[2.155539,49.105111],[2.154556,49.105429],[2.150897,49.103835],[2.150423,49.104039],[2.149807,49.104273],[2.149638,49.104292],[2.150728,49.104958],[2.150862,49.106502],[2.15106,49.106762],[2.151635,49.107624],[2.151834,49.107853],[2.151369,49.108172],[2.150618,49.108588],[2.149728,49.109065],[2.148557,49.109678],[2.14827,49.109869],[2.147935,49.110189],[2.147266,49.110627],[2.14687,49.110998],[2.146702,49.111191],[2.146628,49.111367],[2.146583,49.111694],[2.145229,49.112497],[2.139814,49.114665],[2.139535,49.114193],[2.139331,49.113897],[2.135041,49.115845],[2.135364,49.116457],[2.135604,49.116913],[2.135902,49.117545],[2.136066,49.117968],[2.140618,49.115882],[2.140998,49.116354],[2.141299,49.116682],[2.142009,49.117517],[2.143747,49.119502],[2.145299,49.121295],[2.145787,49.121853],[2.146177,49.122334],[2.145626,49.122641],[2.148601,49.125757],[2.14918,49.127437],[2.150926,49.127805],[2.151158,49.127982],[2.15123,49.127996],[2.151689,49.128364],[2.152166,49.128979],[2.153263,49.129711],[2.155258,49.131364],[2.153863,49.131379],[2.154029,49.132298],[2.154608,49.133488],[2.15564,49.134871],[2.15574,49.134928],[2.156291,49.136273],[2.156586,49.136175],[2.156832,49.136054],[2.157788,49.137144],[2.157374,49.137271],[2.156958,49.137319],[2.157632,49.138134],[2.157715,49.13813],[2.158056,49.138697],[2.158247,49.138873],[2.158702,49.138771],[2.159289,49.138586],[2.159707,49.139728],[2.160753,49.139395],[2.162393,49.13906],[2.162918,49.139975],[2.1645,49.141968],[2.164693,49.141949],[2.164967,49.142687],[2.166961,49.142527],[2.166819,49.141843],[2.168713,49.140902],[2.169326,49.140686],[2.17042,49.140727],[2.170389,49.141277],[2.172294,49.141211],[2.172328,49.141249],[2.173231,49.141217],[2.173059,49.141446],[2.173805,49.142254],[2.173478,49.142598],[2.173928,49.143092],[2.174073,49.142983],[2.175109,49.144041],[2.176542,49.145028],[2.179033,49.146018],[2.180452,49.146537],[2.181609,49.146942],[2.183093,49.14662],[2.183708,49.146376],[2.183932,49.146241],[2.184088,49.146188],[2.184211,49.146088],[2.184553,49.146326],[2.185319,49.146792],[2.185561,49.146519],[2.185684,49.146453],[2.185866,49.146259],[2.18704,49.148784],[2.186647,49.151172],[2.185741,49.153001],[2.184992,49.15403],[2.184409,49.153699],[2.184199,49.154099],[2.184156,49.154225],[2.184062,49.154816],[2.184063,49.154961],[2.184166,49.155409],[2.184361,49.155901],[2.184595,49.156305],[2.184684,49.156542],[2.184705,49.156755],[2.184677,49.156976],[2.184548,49.157604],[2.184425,49.158456],[2.18437,49.158727],[2.185813,49.159536],[2.185612,49.159769],[2.185241,49.159929],[2.18508,49.160035],[2.184854,49.160271],[2.184841,49.160407],[2.184919,49.160533],[2.185568,49.160991],[2.185641,49.161069],[2.186317,49.16201],[2.186353,49.162119],[2.186302,49.162263],[2.18712,49.163215],[2.189201,49.164243],[2.189623,49.164025],[2.189628,49.162219],[2.189693,49.161813],[2.18985,49.161342],[2.19004,49.161007],[2.190543,49.159821],[2.190946,49.158922],[2.191427,49.157798],[2.192331,49.155741],[2.192696,49.154859],[2.19388,49.152145],[2.19412,49.151647],[2.194825,49.14997],[2.195385,49.148744],[2.195723,49.148027],[2.196394,49.146349],[2.197069,49.144767],[2.197445,49.143941],[2.197647,49.143552],[2.197376,49.143515],[2.194686,49.14298],[2.192701,49.142653],[2.190518,49.142247],[2.189928,49.14189],[2.190153,49.141715],[2.190073,49.141375],[2.189793,49.139733],[2.189607,49.139373],[2.189624,49.139163],[2.18971,49.138756],[2.189908,49.138311],[2.190032,49.137966],[2.19004,49.137865],[2.189828,49.137823],[2.18976,49.137705],[2.190069,49.136739],[2.190586,49.135992],[2.190785,49.135797],[2.191135,49.135559],[2.190799,49.135415],[2.193069,49.134693],[2.191432,49.132917],[2.194089,49.131278],[2.193628,49.130911],[2.193388,49.130752],[2.193317,49.130609],[2.193485,49.13049],[2.192865,49.130165],[2.192496,49.129923],[2.193096,49.129497],[2.193179,49.129468],[2.193157,49.129023],[2.193196,49.128895],[2.193655,49.128541],[2.193279,49.128171],[2.19281,49.127752],[2.192193,49.127255],[2.192525,49.127133],[2.192597,49.127214],[2.19349,49.12682],[2.1934,49.126736],[2.194587,49.1262],[2.195747,49.125723],[2.194176,49.124304],[2.195067,49.123844],[2.195199,49.12395],[2.196109,49.123469],[2.197568,49.121911],[2.196374,49.121228],[2.197786,49.119858],[2.197081,49.119495],[2.199434,49.118191],[2.199225,49.11794],[2.198818,49.117631],[2.197649,49.116652],[2.196391,49.115649],[2.195916,49.115261],[2.195716,49.115366],[2.195167,49.115719],[2.194925,49.11556],[2.194623,49.115723],[2.193259,49.114729],[2.192945,49.114927],[2.190876,49.114028],[2.189412,49.113366],[2.189164,49.113303],[2.188821,49.113255],[2.188431,49.113236],[2.188094,49.113126],[2.186272,49.112441],[2.185848,49.112244],[2.185449,49.112096],[2.185673,49.111978],[2.185477,49.111728],[2.185279,49.111384],[2.184748,49.110971],[2.185129,49.110685],[2.184295,49.110384],[2.183744,49.11035],[2.184185,49.11018],[2.1835,49.109767],[2.183347,49.10964],[2.183853,49.109475],[2.182448,49.109037],[2.182177,49.109159],[2.181488,49.108856],[2.181151,49.108727],[2.180905,49.108598]]]}},{"type":"Feature","properties":{"nom":"Neuilly-en-Vexin","code":"95447","population":240,"codeDepartement":"95"},"geometry":{"type":"Polygon","coordinates":[[[1.999122,49.175406],[1.998974,49.175192],[1.998043,49.17489],[1.997011,49.174423],[1.996367,49.174264],[1.996039,49.174203],[1.99579,49.174124],[1.995464,49.174071],[1.99491,49.173862],[1.992348,49.172774],[1.992532,49.172594],[1.991605,49.172127],[1.992498,49.171356],[1.9927,49.171154],[1.991817,49.170508],[1.992659,49.169837],[1.992017,49.169013],[1.991548,49.16836],[1.99113,49.168711],[1.990897,49.168823],[1.990641,49.168908],[1.990072,49.168976],[1.989715,49.168998],[1.98938,49.169297],[1.987414,49.168401],[1.986683,49.167817],[1.986547,49.167658],[1.986252,49.16724],[1.98577,49.166389],[1.985695,49.166283],[1.98573,49.166109],[1.985646,49.165718],[1.984152,49.165918],[1.983931,49.165917],[1.983998,49.165707],[1.983462,49.165753],[1.983517,49.16551],[1.983789,49.165239],[1.982166,49.164353],[1.979948,49.165077],[1.979194,49.164359],[1.979132,49.164229],[1.978962,49.164296],[1.977948,49.164262],[1.977858,49.164483],[1.977472,49.165034],[1.976168,49.166716],[1.974746,49.166401],[1.974527,49.16659],[1.974447,49.166715],[1.97417,49.166994],[1.973949,49.167258],[1.973665,49.167497],[1.972405,49.166823],[1.971976,49.167227],[1.971907,49.167784],[1.971537,49.168468],[1.970439,49.169892],[1.970163,49.169988],[1.969329,49.170244],[1.969065,49.170347],[1.968494,49.170627],[1.968338,49.17073],[1.967647,49.171382],[1.967427,49.171538],[1.967186,49.171669],[1.966575,49.172034],[1.966413,49.172113],[1.96485,49.17304],[1.962364,49.174601],[1.963691,49.175716],[1.964275,49.176356],[1.964734,49.176926],[1.964986,49.177167],[1.965404,49.17746],[1.96618,49.177877],[1.968166,49.179124],[1.969515,49.180014],[1.970199,49.180411],[1.971041,49.180949],[1.971665,49.181378],[1.971985,49.18176],[1.972374,49.182263],[1.972684,49.182627],[1.973067,49.182928],[1.973308,49.18305],[1.97358,49.183861],[1.974452,49.183587],[1.975131,49.183663],[1.975437,49.183589],[1.976435,49.183298],[1.977051,49.183019],[1.977583,49.182846],[1.977587,49.182728],[1.978616,49.182565],[1.978941,49.18249],[1.979317,49.182285],[1.979889,49.182061],[1.98131,49.18165],[1.982307,49.181591],[1.982538,49.181343],[1.982766,49.180942],[1.983076,49.18032],[1.983195,49.180141],[1.983487,49.179932],[1.983932,49.179768],[1.984238,49.179709],[1.985096,49.179637],[1.98573,49.179557],[1.986588,49.179358],[1.986995,49.179302],[1.987939,49.179018],[1.988898,49.178461],[1.988641,49.177864],[1.989139,49.177571],[1.989316,49.177398],[1.989574,49.177233],[1.989978,49.177008],[1.990863,49.17661],[1.991554,49.176507],[1.992087,49.176404],[1.992178,49.176204],[1.993683,49.176942],[1.995367,49.176997],[1.996204,49.17681],[1.997156,49.176084],[1.998259,49.175992],[1.999346,49.175868],[1.9993,49.175692],[1.999122,49.175406]]]}},{"type":"Feature","properties":{"nom":"Neuville-sur-Oise","code":"95450","population":2058,"codeDepartement":"95"},"geometry":{"type":"Polygon","coordinates":[[[2.071712,49.001401],[2.071161,49.00243],[2.070826,49.002946],[2.070503,49.003382],[2.070089,49.003859],[2.069354,49.004598],[2.068688,49.005254],[2.068053,49.005841],[2.067542,49.006222],[2.067099,49.006509],[2.066573,49.0068],[2.065161,49.007718],[2.064715,49.008021],[2.064128,49.008459],[2.063704,49.00875],[2.062015,49.010011],[2.061409,49.010549],[2.06111,49.01077],[2.06058,49.011102],[2.059425,49.011904],[2.058661,49.01239],[2.058032,49.012856],[2.057499,49.013284],[2.056569,49.01397],[2.056289,49.014153],[2.055343,49.014719],[2.054997,49.014882],[2.054132,49.015239],[2.053666,49.015504],[2.053241,49.015801],[2.052367,49.016313],[2.051061,49.017138],[2.050141,49.017732],[2.048564,49.01879],[2.047795,49.019364],[2.046856,49.020098],[2.046106,49.020717],[2.045427,49.021215],[2.044209,49.022012],[2.043343,49.022504],[2.042799,49.023064],[2.042355,49.023642],[2.041906,49.024284],[2.041291,49.025109],[2.040773,49.025703],[2.03969,49.026883],[2.038559,49.027942],[2.037435,49.029094],[2.03702,49.029638],[2.036714,49.030085],[2.036559,49.030552],[2.036479,49.031049],[2.036479,49.031331],[2.03653,49.031664],[2.036696,49.032061],[2.037411,49.03313],[2.038249,49.034014],[2.050096,49.028497],[2.049062,49.02753],[2.050273,49.026902],[2.050953,49.026279],[2.052847,49.025131],[2.053039,49.02505],[2.053718,49.024686],[2.054296,49.024391],[2.05494,49.024041],[2.055562,49.023728],[2.05595,49.023549],[2.056347,49.023413],[2.056142,49.02319],[2.057767,49.022789],[2.05797,49.023054],[2.058016,49.023364],[2.0583,49.023721],[2.058918,49.024233],[2.058722,49.024409],[2.058824,49.02445],[2.059247,49.024807],[2.059132,49.02489],[2.059679,49.025245],[2.059795,49.025341],[2.060236,49.025545],[2.060699,49.025694],[2.061003,49.025867],[2.061228,49.025704],[2.061433,49.025495],[2.061454,49.025342],[2.061592,49.025209],[2.062224,49.024791],[2.062828,49.024378],[2.063244,49.023911],[2.063408,49.023748],[2.064009,49.02337],[2.064184,49.023308],[2.064322,49.02335],[2.064689,49.023126],[2.065215,49.022693],[2.065616,49.022304],[2.065863,49.022131],[2.06762,49.02107],[2.068533,49.020589],[2.069444,49.020064],[2.070707,49.019229],[2.071062,49.019099],[2.071858,49.018927],[2.07252,49.018822],[2.072983,49.018734],[2.073723,49.018553],[2.074069,49.018456],[2.074424,49.018394],[2.075219,49.018214],[2.075677,49.01814],[2.076445,49.01924],[2.077326,49.018995],[2.078137,49.018823],[2.078644,49.018751],[2.079113,49.018738],[2.079642,49.01876],[2.079972,49.018813],[2.080872,49.018999],[2.080885,49.018538],[2.080976,49.018012],[2.080821,49.017528],[2.080663,49.017175],[2.080523,49.01695],[2.080136,49.016679],[2.079832,49.016527],[2.079442,49.016296],[2.079524,49.016187],[2.081287,49.015511],[2.08201,49.015288],[2.083191,49.014994],[2.083575,49.014906],[2.084862,49.014552],[2.084587,49.013906],[2.084445,49.013499],[2.084168,49.012896],[2.083928,49.012249],[2.083641,49.011625],[2.083007,49.010158],[2.082663,49.009453],[2.082533,49.009459],[2.081996,49.009128],[2.07986,49.00808],[2.079239,49.007796],[2.078675,49.007557],[2.078397,49.007459],[2.077199,49.007124],[2.076593,49.007008],[2.076432,49.007009],[2.075601,49.006759],[2.075169,49.006673],[2.07476,49.006679],[2.07482,49.006558],[2.075025,49.005159],[2.075257,49.003911],[2.075379,49.003185],[2.075302,49.002525],[2.075287,49.002097],[2.073542,49.001733],[2.072745,49.001775],[2.071712,49.001401]]]}},{"type":"Feature","properties":{"nom":"Nointel","code":"95452","population":903,"codeDepartement":"95"},"geometry":{"type":"Polygon","coordinates":[[[2.279312,49.125735],[2.278931,49.12572],[2.278609,49.125829],[2.278456,49.125965],[2.278255,49.126029],[2.277904,49.126354],[2.277816,49.12652],[2.277595,49.126654],[2.277494,49.126756],[2.277333,49.126818],[2.277034,49.126993],[2.277193,49.127023],[2.277922,49.127225],[2.277978,49.127329],[2.277691,49.127859],[2.27738,49.128389],[2.277202,49.128759],[2.27718,49.128878],[2.277182,49.129305],[2.277104,49.1299],[2.276932,49.130959],[2.276902,49.131478],[2.276912,49.132346],[2.277009,49.132793],[2.277266,49.133332],[2.277463,49.133708],[2.277548,49.133793],[2.278242,49.135256],[2.280908,49.136791],[2.28119,49.136595],[2.28204,49.135958],[2.282421,49.135694],[2.282902,49.135664],[2.28296,49.135868],[2.284981,49.136237],[2.287021,49.136603],[2.287205,49.136663],[2.287342,49.136449],[2.288733,49.136699],[2.288814,49.13625],[2.288949,49.135883],[2.289101,49.135565],[2.289277,49.135313],[2.289751,49.135517],[2.290136,49.135651],[2.290527,49.135747],[2.291581,49.135915],[2.292142,49.136079],[2.292324,49.136158],[2.292518,49.135926],[2.29286,49.135452],[2.293014,49.135195],[2.293138,49.135186],[2.294021,49.134957],[2.295634,49.134472],[2.29589,49.134843],[2.29675,49.136041],[2.296228,49.136203],[2.295871,49.136296],[2.296595,49.136481],[2.29703,49.136617],[2.297247,49.136831],[2.297677,49.13733],[2.297809,49.137441],[2.298529,49.138408],[2.298742,49.138537],[2.299519,49.137852],[2.30025,49.13719],[2.300356,49.137109],[2.302647,49.135282],[2.303565,49.134497],[2.303868,49.134422],[2.305366,49.133052],[2.305849,49.132501],[2.30396,49.132099],[2.306888,49.129175],[2.307723,49.128396],[2.308617,49.127532],[2.309458,49.126622],[2.311161,49.124965],[2.31171,49.124414],[2.312639,49.123531],[2.313444,49.122743],[2.311885,49.122253],[2.310435,49.121785],[2.30992,49.121628],[2.30784,49.120963],[2.305586,49.12027],[2.30152,49.121102],[2.300882,49.121235],[2.30033,49.121323],[2.29802,49.121801],[2.296387,49.122134],[2.294515,49.122488],[2.293409,49.122721],[2.29322,49.122112],[2.291758,49.122446],[2.291926,49.122083],[2.291605,49.122192],[2.290951,49.12238],[2.289672,49.122597],[2.289343,49.122614],[2.289192,49.123089],[2.288311,49.123559],[2.288146,49.12368],[2.287077,49.12414],[2.286544,49.124411],[2.28507,49.125293],[2.282895,49.124428],[2.282199,49.124131],[2.282448,49.12504],[2.282625,49.125614],[2.282655,49.125983],[2.282614,49.126191],[2.282426,49.126715],[2.281894,49.126469],[2.280242,49.125596],[2.280056,49.125515],[2.279943,49.125637],[2.279709,49.125753],[2.279312,49.125735]]]}},{"type":"Feature","properties":{"nom":"Noisy-sur-Oise","code":"95456","population":549,"codeDepartement":"95"},"geometry":{"type":"Polygon","coordinates":[[[2.32272,49.146552],[2.323205,49.145882],[2.323775,49.145073],[2.324477,49.144264],[2.325011,49.143779],[2.325813,49.14309],[2.326615,49.142544],[2.327016,49.142301],[2.327585,49.142059],[2.328219,49.141897],[2.328787,49.141836],[2.329488,49.141898],[2.331126,49.142301],[2.332296,49.142625],[2.333598,49.143172],[2.335502,49.144264],[2.337236,49.1453],[2.338553,49.145942],[2.33888,49.146052],[2.340084,49.142977],[2.340202,49.141963],[2.340871,49.139933],[2.340849,49.138762],[2.340787,49.138038],[2.340858,49.137681],[2.340973,49.136838],[2.341222,49.135464],[2.341108,49.134649],[2.341013,49.134107],[2.340915,49.133436],[2.341103,49.132118],[2.340504,49.131908],[2.339913,49.131632],[2.339243,49.130996],[2.338604,49.130174],[2.338033,49.129157],[2.337563,49.128451],[2.337395,49.128171],[2.337212,49.127695],[2.336942,49.127104],[2.33687,49.126913],[2.336708,49.126643],[2.336699,49.126483],[2.336752,49.12629],[2.336718,49.126168],[2.336592,49.125978],[2.336595,49.124549],[2.336141,49.124336],[2.336786,49.123312],[2.335575,49.122801],[2.334381,49.122267],[2.33406,49.122094],[2.333302,49.122234],[2.333164,49.122246],[2.322876,49.124302],[2.321383,49.124597],[2.320345,49.124792],[2.320062,49.124856],[2.31995,49.124941],[2.318881,49.126097],[2.318006,49.127106],[2.315956,49.12961],[2.316804,49.130375],[2.31816,49.131644],[2.317304,49.132777],[2.31699,49.133069],[2.316217,49.133923],[2.31582,49.13455],[2.315591,49.134882],[2.315525,49.135068],[2.315512,49.13552],[2.315725,49.136233],[2.31595,49.13687],[2.315986,49.13772],[2.316509,49.13766],[2.31596,49.139065],[2.315747,49.139048],[2.315644,49.139259],[2.315274,49.139247],[2.315051,49.139974],[2.314906,49.140755],[2.313172,49.140695],[2.313143,49.14133],[2.313204,49.141715],[2.313421,49.142272],[2.313626,49.14265],[2.314028,49.142974],[2.314659,49.143302],[2.314986,49.143436],[2.31536,49.143499],[2.315569,49.143465],[2.316338,49.143274],[2.316441,49.143273],[2.316747,49.143612],[2.317001,49.143799],[2.317126,49.144132],[2.317607,49.144131],[2.317939,49.144165],[2.318171,49.144135],[2.318618,49.144017],[2.318728,49.14419],[2.319341,49.143947],[2.319983,49.145075],[2.320666,49.144861],[2.321505,49.144577],[2.321408,49.144782],[2.321103,49.145058],[2.32272,49.146552]]]}},{"type":"Feature","properties":{"nom":"Nucourt","code":"95459","population":719,"codeDepartement":"95"},"geometry":{"type":"Polygon","coordinates":[[[1.848893,49.170593],[1.850351,49.170806],[1.850425,49.170839],[1.851032,49.17053],[1.852926,49.171192],[1.8551,49.171944],[1.855179,49.172267],[1.85532,49.17235],[1.85619,49.173126],[1.8568,49.173361],[1.857879,49.172233],[1.856543,49.171998],[1.857195,49.171211],[1.857777,49.17048],[1.858215,49.169962],[1.859117,49.170096],[1.859068,49.170237],[1.859983,49.170405],[1.861717,49.170747],[1.863132,49.171054],[1.864127,49.171285],[1.865219,49.171517],[1.866283,49.171762],[1.867306,49.172046],[1.86782,49.17183],[1.868835,49.172212],[1.869831,49.172596],[1.871639,49.173282],[1.872704,49.17368],[1.873456,49.174083],[1.875801,49.174938],[1.876137,49.175053],[1.876426,49.17292],[1.876703,49.171416],[1.877733,49.170404],[1.878149,49.169985],[1.879596,49.168496],[1.880855,49.167295],[1.8823,49.167953],[1.883529,49.166143],[1.883665,49.166092],[1.88295,49.163184],[1.882953,49.162576],[1.88285,49.161524],[1.882839,49.161408],[1.881644,49.161429],[1.881087,49.161456],[1.880285,49.161514],[1.878918,49.16157],[1.878348,49.161557],[1.877623,49.161496],[1.877247,49.161448],[1.876156,49.161241],[1.875779,49.161144],[1.874274,49.160707],[1.873523,49.160519],[1.873072,49.160427],[1.871818,49.160205],[1.872033,49.1595],[1.872255,49.158848],[1.872697,49.157319],[1.871947,49.157117],[1.870332,49.156649],[1.870017,49.156564],[1.869391,49.156281],[1.868683,49.155992],[1.866093,49.154764],[1.862852,49.153216],[1.862848,49.151651],[1.862835,49.150095],[1.860847,49.147121],[1.861413,49.146502],[1.860466,49.146195],[1.858738,49.145546],[1.857622,49.145103],[1.857668,49.144963],[1.857893,49.143899],[1.857879,49.143785],[1.85752,49.143295],[1.847879,49.144323],[1.847399,49.142857],[1.847269,49.142411],[1.84714,49.14175],[1.840843,49.14349],[1.841781,49.144919],[1.837261,49.146216],[1.838214,49.1476],[1.836366,49.14813],[1.836513,49.148268],[1.836654,49.148463],[1.836849,49.14893],[1.837168,49.149786],[1.838342,49.152556],[1.838452,49.152826],[1.834566,49.152898],[1.833879,49.152906],[1.83555,49.15696],[1.837225,49.156947],[1.834624,49.16058],[1.835118,49.160666],[1.834956,49.161232],[1.834561,49.161368],[1.834394,49.16134],[1.833395,49.161286],[1.832797,49.162384],[1.833277,49.162376],[1.833279,49.162925],[1.833114,49.163078],[1.833446,49.163517],[1.833525,49.16369],[1.833591,49.164173],[1.833785,49.164415],[1.834305,49.165173],[1.836422,49.164497],[1.837504,49.165592],[1.838281,49.166414],[1.838432,49.166532],[1.838725,49.166844],[1.838817,49.166807],[1.840101,49.16767],[1.840792,49.168104],[1.842194,49.169009],[1.842305,49.169091],[1.844683,49.170659],[1.845189,49.169964],[1.845705,49.170036],[1.846378,49.170175],[1.848072,49.170463],[1.848893,49.170593]]]}},{"type":"Feature","properties":{"nom":"Omerville","code":"95462","population":327,"codeDepartement":"95"},"geometry":{"type":"Polygon","coordinates":[[[1.741707,49.137904],[1.741699,49.137769],[1.74105,49.137549],[1.741126,49.13709],[1.740628,49.13683],[1.740588,49.136513],[1.740133,49.136403],[1.739455,49.136195],[1.740325,49.134405],[1.739514,49.134198],[1.739711,49.133459],[1.738326,49.132442],[1.734482,49.129562],[1.730883,49.128508],[1.730921,49.127621],[1.73174,49.126806],[1.731464,49.126345],[1.731485,49.126185],[1.730564,49.125746],[1.730662,49.125268],[1.72998,49.124842],[1.730095,49.124371],[1.732463,49.119413],[1.732972,49.118647],[1.733848,49.117844],[1.734276,49.117527],[1.734868,49.117064],[1.734815,49.117017],[1.735639,49.116701],[1.736573,49.116414],[1.736769,49.116331],[1.737002,49.11618],[1.737122,49.116058],[1.737669,49.115646],[1.737874,49.115427],[1.738035,49.115171],[1.738298,49.114564],[1.736709,49.114219],[1.735641,49.114589],[1.735435,49.114464],[1.734706,49.11487],[1.734131,49.114432],[1.733924,49.114184],[1.733451,49.113677],[1.733085,49.113375],[1.730701,49.115267],[1.728362,49.117107],[1.72706,49.118349],[1.726877,49.118248],[1.720908,49.122864],[1.720224,49.123384],[1.71933,49.123457],[1.718489,49.123536],[1.717831,49.12358],[1.716755,49.123604],[1.716229,49.123599],[1.716218,49.123704],[1.715434,49.123787],[1.707501,49.125036],[1.707193,49.125049],[1.706066,49.125227],[1.705326,49.125127],[1.703302,49.125459],[1.702797,49.125468],[1.701679,49.125621],[1.701365,49.125638],[1.701144,49.12571],[1.699966,49.125797],[1.698711,49.125943],[1.698395,49.126004],[1.697931,49.126149],[1.696695,49.126368],[1.696055,49.126515],[1.696041,49.126587],[1.695804,49.126756],[1.69537,49.127019],[1.69486,49.127284],[1.694338,49.127521],[1.692849,49.128078],[1.692392,49.128265],[1.691914,49.128494],[1.691683,49.128626],[1.692975,49.129658],[1.694351,49.130349],[1.693862,49.13068],[1.696803,49.13246],[1.69749,49.132886],[1.699361,49.1346],[1.700512,49.134059],[1.701915,49.135494],[1.702343,49.135534],[1.703543,49.137073],[1.704552,49.138722],[1.70524,49.13993],[1.706097,49.141301],[1.706187,49.141628],[1.706684,49.142654],[1.707051,49.143325],[1.707112,49.143482],[1.70722,49.143997],[1.706595,49.144277],[1.7067,49.145451],[1.704844,49.146239],[1.705519,49.147623],[1.705736,49.148012],[1.705788,49.148173],[1.705969,49.148369],[1.706135,49.148749],[1.706226,49.148835],[1.706356,49.14907],[1.705421,49.149205],[1.705689,49.150352],[1.705737,49.150461],[1.705435,49.150498],[1.705591,49.150837],[1.705605,49.151165],[1.706134,49.153092],[1.706033,49.153292],[1.705981,49.153662],[1.705964,49.153969],[1.70599,49.154188],[1.706431,49.154588],[1.706579,49.154782],[1.707008,49.15581],[1.707145,49.156678],[1.707197,49.156912],[1.707449,49.157285],[1.707796,49.157842],[1.708235,49.158586],[1.708499,49.158898],[1.70889,49.159054],[1.709534,49.159271],[1.710418,49.159588],[1.71076,49.159769],[1.711184,49.160044],[1.711514,49.160227],[1.711842,49.160464],[1.711214,49.160929],[1.711107,49.160972],[1.711221,49.161081],[1.711763,49.161298],[1.712051,49.161387],[1.712451,49.161453],[1.712953,49.161601],[1.712816,49.161986],[1.715624,49.163393],[1.716226,49.163656],[1.716951,49.16407],[1.717198,49.164266],[1.717255,49.164399],[1.717475,49.164376],[1.71908,49.165773],[1.72043,49.165313],[1.721085,49.165835],[1.722442,49.164793],[1.723567,49.165092],[1.724734,49.16545],[1.725618,49.165661],[1.725933,49.165704],[1.726179,49.165653],[1.726253,49.16571],[1.729217,49.166987],[1.729384,49.167043],[1.73014,49.167373],[1.731852,49.166427],[1.732543,49.166345],[1.732671,49.166651],[1.734022,49.166108],[1.734996,49.165823],[1.735788,49.165477],[1.737057,49.16483],[1.737725,49.165369],[1.737971,49.165519],[1.739853,49.164915],[1.742752,49.164073],[1.744914,49.163223],[1.744199,49.162527],[1.744264,49.162497],[1.743203,49.161363],[1.740245,49.158664],[1.740718,49.157834],[1.741093,49.157127],[1.741284,49.156473],[1.7413,49.156162],[1.741403,49.155353],[1.7415,49.155249],[1.741734,49.154564],[1.741385,49.154523],[1.741725,49.154012],[1.741565,49.153526],[1.741278,49.153],[1.741033,49.152721],[1.740848,49.152571],[1.740466,49.152344],[1.740007,49.152037],[1.739844,49.15186],[1.739447,49.150896],[1.738882,49.148305],[1.738607,49.147404],[1.739103,49.147359],[1.739914,49.147305],[1.740608,49.147243],[1.741259,49.1472],[1.74203,49.146839],[1.741673,49.14584],[1.741873,49.145704],[1.742144,49.145638],[1.742284,49.14557],[1.742298,49.145479],[1.742534,49.145144],[1.742405,49.145103],[1.741914,49.143823],[1.741441,49.140609],[1.741285,49.139931],[1.740845,49.137847],[1.741228,49.137894],[1.741707,49.137904]]]}},{"type":"Feature","properties":{"nom":"Osny","code":"95476","population":17954,"codeDepartement":"95"},"geometry":{"type":"Polygon","coordinates":[[[2.084152,49.08423],[2.084292,49.084211],[2.08424,49.083658],[2.085487,49.082195],[2.085652,49.082207],[2.08617,49.082363],[2.086705,49.081691],[2.086652,49.081536],[2.086665,49.08106],[2.086537,49.08038],[2.086377,49.080026],[2.086098,49.079063],[2.086082,49.07871],[2.086153,49.078401],[2.086227,49.07821],[2.08639,49.078016],[2.086616,49.07788],[2.086864,49.077658],[2.087117,49.07753],[2.087471,49.077159],[2.087319,49.077099],[2.087204,49.076592],[2.087188,49.076304],[2.087213,49.07595],[2.087138,49.075719],[2.087191,49.075374],[2.087112,49.074858],[2.087148,49.074707],[2.087247,49.074588],[2.087751,49.07346],[2.088331,49.073579],[2.089749,49.072791],[2.091086,49.072255],[2.091596,49.071917],[2.09174,49.07179],[2.092272,49.071512],[2.092549,49.071395],[2.093387,49.071157],[2.095717,49.070067],[2.094045,49.068555],[2.093927,49.068425],[2.091558,49.066478],[2.091249,49.066158],[2.089009,49.06395],[2.088959,49.063783],[2.085536,49.060612],[2.084992,49.060249],[2.084597,49.060013],[2.084283,49.059696],[2.083782,49.059137],[2.082881,49.05819],[2.082632,49.057789],[2.08215,49.057865],[2.081837,49.057407],[2.081455,49.056353],[2.080901,49.056017],[2.080728,49.055961],[2.079742,49.055719],[2.079141,49.055524],[2.078743,49.055362],[2.078135,49.054912],[2.077877,49.054883],[2.077576,49.054926],[2.076911,49.055101],[2.076806,49.055065],[2.076728,49.054943],[2.076731,49.054738],[2.076788,49.054477],[2.076703,49.054184],[2.076423,49.053695],[2.076432,49.053581],[2.076527,49.053368],[2.076879,49.052989],[2.077065,49.052898],[2.077364,49.052845],[2.078105,49.052522],[2.078525,49.052104],[2.07817,49.051802],[2.07791,49.051555],[2.077056,49.050788],[2.076764,49.050369],[2.076081,49.049476],[2.075948,49.049122],[2.076065,49.049064],[2.075993,49.048867],[2.075483,49.048302],[2.074803,49.047583],[2.073332,49.048106],[2.073239,49.047986],[2.072878,49.047642],[2.072585,49.047435],[2.07228,49.047252],[2.070519,49.048551],[2.070115,49.048859],[2.069378,49.049389],[2.068512,49.049973],[2.067007,49.050872],[2.066674,49.051058],[2.065535,49.051636],[2.064338,49.052023],[2.063346,49.052277],[2.063057,49.052436],[2.062466,49.052662],[2.061358,49.053022],[2.060556,49.053265],[2.05852,49.053821],[2.058461,49.053967],[2.057583,49.054273],[2.056768,49.054433],[2.05553,49.054651],[2.050312,49.055546],[2.046823,49.056135],[2.046752,49.055851],[2.046689,49.055475],[2.046597,49.054019],[2.04424,49.054074],[2.04359,49.054125],[2.042936,49.054215],[2.042367,49.054326],[2.039526,49.055131],[2.038971,49.055255],[2.038554,49.055328],[2.037964,49.055396],[2.037276,49.055434],[2.033217,49.055601],[2.03262,49.055593],[2.031184,49.055705],[2.030695,49.0557],[2.030218,49.055739],[2.029572,49.055744],[2.029291,49.055769],[2.028689,49.055917],[2.028211,49.056161],[2.027908,49.056466],[2.028713,49.056812],[2.029257,49.057063],[2.029892,49.057416],[2.030154,49.057627],[2.030342,49.057934],[2.030555,49.058111],[2.030788,49.058225],[2.031044,49.058308],[2.032383,49.058317],[2.032909,49.058287],[2.033779,49.058197],[2.034549,49.062743],[2.035088,49.063702],[2.035304,49.064466],[2.035509,49.064861],[2.035861,49.065475],[2.035972,49.065725],[2.036215,49.06637],[2.036361,49.066657],[2.036548,49.067124],[2.036595,49.067456],[2.036665,49.067612],[2.03689,49.067763],[2.037038,49.067742],[2.037275,49.067953],[2.037223,49.068512],[2.037274,49.068719],[2.037562,49.069174],[2.037685,49.069646],[2.037571,49.069811],[2.04012,49.072411],[2.039919,49.072575],[2.040805,49.073577],[2.041417,49.074141],[2.040894,49.07512],[2.041799,49.076073],[2.042507,49.076792],[2.042758,49.076764],[2.043898,49.079527],[2.044803,49.081227],[2.04503,49.081621],[2.045334,49.082734],[2.044515,49.082764],[2.046156,49.083158],[2.046407,49.083339],[2.047084,49.083606],[2.047695,49.08388],[2.048134,49.084031],[2.048656,49.084177],[2.048939,49.084233],[2.049629,49.084323],[2.051537,49.084487],[2.051669,49.084452],[2.052858,49.084623],[2.054499,49.084873],[2.05556,49.085115],[2.056185,49.085287],[2.057307,49.085548],[2.057996,49.085675],[2.059462,49.08587],[2.060223,49.086002],[2.06194,49.086355],[2.062269,49.086417],[2.062626,49.086429],[2.062958,49.086358],[2.063324,49.086316],[2.063614,49.086335],[2.06456,49.085659],[2.065095,49.085264],[2.066508,49.084273],[2.066676,49.084135],[2.067931,49.083038],[2.069398,49.081738],[2.071605,49.079794],[2.072455,49.079051],[2.0729,49.078639],[2.075183,49.0813],[2.078636,49.085123],[2.080163,49.084755],[2.080733,49.084649],[2.082799,49.084389],[2.083549,49.084312],[2.084152,49.08423]]]}},{"type":"Feature","properties":{"nom":"Parmain","code":"95480","population":5655,"codeDepartement":"95"},"geometry":{"type":"Polygon","coordinates":[[[2.192331,49.155741],[2.193247,49.155872],[2.195374,49.156194],[2.198089,49.156612],[2.198455,49.156646],[2.200561,49.154404],[2.200783,49.154193],[2.201429,49.153461],[2.20295,49.151798],[2.203007,49.151712],[2.204559,49.150026],[2.205488,49.148981],[2.20531,49.148861],[2.209649,49.145803],[2.210189,49.14523],[2.210683,49.144828],[2.210946,49.144557],[2.211333,49.144119],[2.211814,49.143456],[2.211788,49.143227],[2.211735,49.143095],[2.211772,49.142862],[2.21184,49.142683],[2.211793,49.141827],[2.211739,49.14133],[2.211765,49.14088],[2.211858,49.140627],[2.211847,49.140548],[2.212056,49.140211],[2.212132,49.139849],[2.212117,49.139708],[2.211497,49.138393],[2.211596,49.138367],[2.211156,49.137672],[2.211426,49.137346],[2.211499,49.137177],[2.211727,49.136896],[2.211931,49.1367],[2.211958,49.136065],[2.212011,49.135958],[2.212017,49.135656],[2.211843,49.135204],[2.21168,49.134853],[2.211427,49.134193],[2.211299,49.133808],[2.211296,49.133722],[2.211716,49.133485],[2.211896,49.133342],[2.212107,49.133107],[2.212158,49.132979],[2.212134,49.132823],[2.211735,49.132417],[2.211535,49.132105],[2.211459,49.13181],[2.211447,49.131373],[2.211355,49.131089],[2.212417,49.130996],[2.21246,49.130039],[2.212638,49.130231],[2.213398,49.130077],[2.213238,49.129688],[2.21422,49.129438],[2.214661,49.129288],[2.21547,49.129049],[2.215232,49.128892],[2.215004,49.12843],[2.215039,49.128126],[2.214977,49.127602],[2.214848,49.127323],[2.214585,49.126912],[2.214736,49.126711],[2.214424,49.126572],[2.213884,49.126296],[2.21313,49.125937],[2.212897,49.125798],[2.213564,49.125591],[2.213887,49.125437],[2.214392,49.125359],[2.214669,49.125225],[2.214927,49.125311],[2.21528,49.125126],[2.215541,49.125048],[2.215804,49.12493],[2.216175,49.124672],[2.216557,49.124449],[2.21726,49.123961],[2.216588,49.123307],[2.215951,49.12275],[2.215213,49.122174],[2.214529,49.121921],[2.213764,49.121696],[2.213372,49.1215],[2.212836,49.121157],[2.212446,49.120772],[2.212142,49.120306],[2.211777,49.119592],[2.211451,49.11792],[2.211324,49.117118],[2.211322,49.116862],[2.211279,49.11628],[2.21118,49.115861],[2.210544,49.11497],[2.210441,49.11473],[2.209732,49.113276],[2.209641,49.113057],[2.209366,49.112124],[2.20925,49.111474],[2.209179,49.110971],[2.208888,49.109431],[2.209016,49.108589],[2.208925,49.107352],[2.208839,49.105794],[2.208848,49.105068],[2.208966,49.102574],[2.209119,49.100988],[2.209255,49.099931],[2.209488,49.098841],[2.209748,49.097384],[2.209818,49.096662],[2.209699,49.095537],[2.209246,49.093511],[2.208595,49.093626],[2.208233,49.0935],[2.207974,49.093577],[2.207945,49.093778],[2.207841,49.093881],[2.207632,49.093952],[2.207452,49.093948],[2.207014,49.093768],[2.206856,49.093732],[2.206653,49.093835],[2.206528,49.09365],[2.206274,49.093638],[2.206146,49.093483],[2.205967,49.093451],[2.205848,49.093493],[2.205862,49.093635],[2.20564,49.093651],[2.205352,49.093764],[2.205236,49.093715],[2.205294,49.093514],[2.205214,49.093475],[2.204974,49.093521],[2.204763,49.093501],[2.20448,49.093328],[2.204328,49.093333],[2.20419,49.093401],[2.204172,49.093489],[2.20426,49.09366],[2.203682,49.093637],[2.203655,49.093855],[2.203506,49.093889],[2.203198,49.093842],[2.203309,49.094384],[2.203001,49.094403],[2.200266,49.094786],[2.20071,49.0953],[2.200517,49.095365],[2.200383,49.095135],[2.2003,49.095093],[2.200092,49.094831],[2.199955,49.094795],[2.199115,49.094701],[2.19866,49.094622],[2.198478,49.09467],[2.198339,49.094805],[2.197977,49.09532],[2.197472,49.095714],[2.197194,49.095899],[2.196251,49.096589],[2.195198,49.097328],[2.194763,49.097597],[2.194184,49.097979],[2.193599,49.098407],[2.19337,49.098512],[2.192821,49.098887],[2.192634,49.09904],[2.191718,49.099645],[2.191231,49.100047],[2.191023,49.100177],[2.19053,49.100435],[2.190055,49.100727],[2.189791,49.100865],[2.188795,49.101254],[2.18867,49.101392],[2.188551,49.101627],[2.188586,49.101939],[2.188777,49.10329],[2.188896,49.103703],[2.189015,49.103972],[2.18901,49.104246],[2.188942,49.104482],[2.188552,49.104098],[2.187976,49.103732],[2.187445,49.103488],[2.18733,49.1034],[2.186924,49.103186],[2.186653,49.102989],[2.186474,49.102891],[2.18623,49.10289],[2.185636,49.102975],[2.186114,49.103676],[2.186503,49.104201],[2.186639,49.104503],[2.186688,49.104773],[2.186581,49.105061],[2.186359,49.105457],[2.186288,49.105667],[2.186293,49.106054],[2.186266,49.10628],[2.186081,49.106459],[2.185679,49.106704],[2.185615,49.106784],[2.185608,49.106941],[2.1853,49.106942],[2.184369,49.106912],[2.183627,49.106968],[2.183506,49.107132],[2.183307,49.107308],[2.18228,49.107802],[2.181888,49.107951],[2.18156,49.108053],[2.181345,49.108161],[2.181136,49.10834],[2.180905,49.108598],[2.181151,49.108727],[2.181488,49.108856],[2.182177,49.109159],[2.182448,49.109037],[2.183853,49.109475],[2.183347,49.10964],[2.1835,49.109767],[2.184185,49.11018],[2.183744,49.11035],[2.184295,49.110384],[2.185129,49.110685],[2.184748,49.110971],[2.185279,49.111384],[2.185477,49.111728],[2.185673,49.111978],[2.185449,49.112096],[2.185848,49.112244],[2.186272,49.112441],[2.188094,49.113126],[2.188431,49.113236],[2.188821,49.113255],[2.189164,49.113303],[2.189412,49.113366],[2.190876,49.114028],[2.192945,49.114927],[2.193259,49.114729],[2.194623,49.115723],[2.194925,49.11556],[2.195167,49.115719],[2.195716,49.115366],[2.195916,49.115261],[2.196391,49.115649],[2.197649,49.116652],[2.198818,49.117631],[2.199225,49.11794],[2.199434,49.118191],[2.197081,49.119495],[2.197786,49.119858],[2.196374,49.121228],[2.197568,49.121911],[2.196109,49.123469],[2.195199,49.12395],[2.195067,49.123844],[2.194176,49.124304],[2.195747,49.125723],[2.194587,49.1262],[2.1934,49.126736],[2.19349,49.12682],[2.192597,49.127214],[2.192525,49.127133],[2.192193,49.127255],[2.19281,49.127752],[2.193279,49.128171],[2.193655,49.128541],[2.193196,49.128895],[2.193157,49.129023],[2.193179,49.129468],[2.193096,49.129497],[2.192496,49.129923],[2.192865,49.130165],[2.193485,49.13049],[2.193317,49.130609],[2.193388,49.130752],[2.193628,49.130911],[2.194089,49.131278],[2.191432,49.132917],[2.193069,49.134693],[2.190799,49.135415],[2.191135,49.135559],[2.190785,49.135797],[2.190586,49.135992],[2.190069,49.136739],[2.18976,49.137705],[2.189828,49.137823],[2.19004,49.137865],[2.190032,49.137966],[2.189908,49.138311],[2.18971,49.138756],[2.189624,49.139163],[2.189607,49.139373],[2.189793,49.139733],[2.190073,49.141375],[2.190153,49.141715],[2.189928,49.14189],[2.190518,49.142247],[2.192701,49.142653],[2.194686,49.14298],[2.197376,49.143515],[2.197647,49.143552],[2.197445,49.143941],[2.197069,49.144767],[2.196394,49.146349],[2.195723,49.148027],[2.195385,49.148744],[2.194825,49.14997],[2.19412,49.151647],[2.19388,49.152145],[2.192696,49.154859],[2.192331,49.155741]]]}},{"type":"Feature","properties":{"nom":"Le Perchay","code":"95483","population":504,"codeDepartement":"95"},"geometry":{"type":"Polygon","coordinates":[[[1.913853,49.107984],[1.914224,49.108331],[1.91547,49.109601],[1.91696,49.111113],[1.916753,49.111203],[1.91622,49.111478],[1.915161,49.112061],[1.914318,49.112499],[1.914149,49.112561],[1.913187,49.112648],[1.914178,49.113689],[1.915536,49.115146],[1.914228,49.115946],[1.911939,49.117374],[1.910537,49.118229],[1.908953,49.119254],[1.908788,49.119377],[1.90884,49.119616],[1.908422,49.11981],[1.908866,49.120573],[1.909037,49.120898],[1.908925,49.121337],[1.90871,49.121688],[1.90736,49.122813],[1.907278,49.122907],[1.90684,49.123267],[1.906286,49.122975],[1.906084,49.123031],[1.905867,49.123035],[1.905663,49.122989],[1.905483,49.122993],[1.905488,49.123077],[1.905896,49.123247],[1.906074,49.123363],[1.906198,49.123517],[1.906462,49.123983],[1.906626,49.124218],[1.906801,49.124402],[1.907146,49.124674],[1.907596,49.124935],[1.908097,49.125157],[1.908949,49.125466],[1.909557,49.125148],[1.909872,49.12531],[1.911063,49.125297],[1.911976,49.125271],[1.913414,49.12521],[1.913595,49.12533],[1.914251,49.125991],[1.915177,49.126743],[1.916173,49.125908],[1.917104,49.126106],[1.917463,49.126262],[1.917753,49.126349],[1.918538,49.126538],[1.918857,49.126567],[1.919466,49.126657],[1.919925,49.126701],[1.920707,49.126719],[1.922099,49.126803],[1.923304,49.126841],[1.923759,49.1269],[1.924438,49.127065],[1.924633,49.127153],[1.924802,49.127342],[1.925028,49.12743],[1.925383,49.12751],[1.925454,49.127553],[1.926013,49.127724],[1.926443,49.127944],[1.927443,49.128386],[1.928068,49.12863],[1.928401,49.128743],[1.929403,49.128985],[1.930515,49.129141],[1.931259,49.129197],[1.930991,49.129574],[1.931529,49.129688],[1.931997,49.129702],[1.932289,49.129654],[1.932401,49.129577],[1.932484,49.129278],[1.933145,49.128576],[1.933778,49.128076],[1.935104,49.127131],[1.935264,49.126955],[1.935563,49.126552],[1.935984,49.126038],[1.936619,49.125467],[1.937011,49.125165],[1.937727,49.125113],[1.937431,49.124885],[1.937495,49.124814],[1.937989,49.124498],[1.938067,49.124345],[1.938161,49.1239],[1.938279,49.123778],[1.938487,49.123662],[1.938774,49.123577],[1.939486,49.123444],[1.939765,49.123374],[1.940058,49.123253],[1.940222,49.123094],[1.940264,49.122984],[1.939861,49.122924],[1.939872,49.122842],[1.939105,49.122695],[1.939339,49.12204],[1.939776,49.122106],[1.940026,49.12136],[1.941278,49.121223],[1.941531,49.121173],[1.941714,49.121435],[1.942064,49.121334],[1.942788,49.121024],[1.943372,49.120674],[1.944126,49.120358],[1.944268,49.120251],[1.945235,49.120254],[1.945657,49.1203],[1.946795,49.120062],[1.947622,49.11985],[1.949775,49.119373],[1.949944,49.119574],[1.950298,49.119456],[1.950434,49.119295],[1.950003,49.119072],[1.949521,49.118861],[1.949058,49.11859],[1.948293,49.118026],[1.947787,49.117701],[1.94755,49.117369],[1.947011,49.116845],[1.946507,49.116297],[1.946055,49.115725],[1.945539,49.115199],[1.94516,49.114931],[1.9438,49.114458],[1.942371,49.114104],[1.942502,49.113634],[1.942701,49.113389],[1.943007,49.113075],[1.943144,49.112894],[1.943178,49.112718],[1.943054,49.112547],[1.942357,49.110978],[1.942136,49.110423],[1.941766,49.110216],[1.94129,49.110051],[1.940694,49.109763],[1.940018,49.109408],[1.939483,49.109055],[1.939203,49.108819],[1.93819,49.108184],[1.938659,49.107959],[1.936901,49.106655],[1.936714,49.106689],[1.936088,49.106246],[1.936275,49.106116],[1.935578,49.105649],[1.935955,49.105337],[1.933976,49.103986],[1.93329,49.103242],[1.932425,49.102944],[1.931665,49.102611],[1.930015,49.101086],[1.928871,49.101557],[1.927008,49.102378],[1.926412,49.102589],[1.926047,49.102757],[1.925845,49.102821],[1.924382,49.103463],[1.924182,49.103563],[1.922758,49.104138],[1.920874,49.10496],[1.92008,49.105293],[1.919756,49.105451],[1.918782,49.105845],[1.917227,49.106528],[1.915512,49.107242],[1.914816,49.107549],[1.914123,49.107883],[1.913853,49.107984]]]}},{"type":"Feature","properties":{"nom":"Persan","code":"95487","population":14359,"codeDepartement":"95"},"geometry":{"type":"Polygon","coordinates":[[[2.267919,49.139404],[2.267481,49.139178],[2.266458,49.138585],[2.265435,49.13779],[2.263984,49.136326],[2.263772,49.135994],[2.261612,49.137107],[2.261131,49.136733],[2.260974,49.136904],[2.258443,49.139739],[2.259126,49.139976],[2.258415,49.141319],[2.259193,49.141661],[2.258182,49.142939],[2.257324,49.142661],[2.25557,49.144477],[2.255231,49.144288],[2.254437,49.143926],[2.252259,49.14638],[2.252022,49.146806],[2.25266,49.147077],[2.25115,49.147677],[2.245375,49.148698],[2.243992,49.148962],[2.244021,49.149052],[2.240475,49.149494],[2.240686,49.149969],[2.240982,49.150867],[2.241315,49.151589],[2.241581,49.152179],[2.241727,49.152633],[2.241865,49.153415],[2.243544,49.153388],[2.244492,49.153397],[2.245528,49.153389],[2.246524,49.153449],[2.24727,49.153432],[2.248131,49.153451],[2.248506,49.153483],[2.24951,49.153509],[2.25036,49.153494],[2.251454,49.153242],[2.25378,49.152633],[2.2538,49.152665],[2.256302,49.154218],[2.257346,49.154889],[2.258759,49.155779],[2.259713,49.155139],[2.260081,49.155328],[2.259875,49.155411],[2.259811,49.15572],[2.259894,49.155999],[2.259857,49.156146],[2.259661,49.156353],[2.25946,49.156612],[2.25975,49.156751],[2.260785,49.157298],[2.26215,49.158381],[2.263637,49.157698],[2.264588,49.157283],[2.265666,49.156861],[2.267697,49.155927],[2.268166,49.155752],[2.268701,49.155832],[2.269254,49.155996],[2.26935,49.155997],[2.269558,49.156287],[2.269759,49.15652],[2.270039,49.156794],[2.270396,49.157028],[2.27097,49.157246],[2.271254,49.157401],[2.271574,49.157499],[2.273247,49.15792],[2.274012,49.158131],[2.274644,49.158414],[2.275424,49.158705],[2.275866,49.158808],[2.276713,49.158975],[2.278649,49.15889],[2.278725,49.15876],[2.281195,49.158855],[2.282482,49.159151],[2.282962,49.15967],[2.285518,49.159815],[2.286479,49.159873],[2.286514,49.159768],[2.286864,49.15935],[2.287102,49.159089],[2.287153,49.158967],[2.287405,49.157658],[2.288261,49.157793],[2.288491,49.15754],[2.288783,49.157342],[2.288851,49.157186],[2.289418,49.15653],[2.290106,49.155773],[2.290532,49.15533],[2.29082,49.15506],[2.292385,49.153249],[2.292713,49.152881],[2.292903,49.152593],[2.293946,49.151265],[2.293026,49.150908],[2.292461,49.150596],[2.291525,49.150105],[2.290354,49.149435],[2.289871,49.149102],[2.289289,49.148648],[2.288673,49.148119],[2.288129,49.147565],[2.287474,49.146987],[2.286276,49.14599],[2.285676,49.145633],[2.285302,49.145375],[2.284796,49.145105],[2.283616,49.144674],[2.282004,49.14428],[2.280692,49.143935],[2.279868,49.143651],[2.279345,49.143369],[2.278745,49.143012],[2.278053,49.142655],[2.277133,49.142334],[2.275728,49.141953],[2.274192,49.141559],[2.2723,49.141029],[2.270445,49.140412],[2.269282,49.139974],[2.267919,49.139404]]]}},{"type":"Feature","properties":{"nom":"Pierrelaye","code":"95488","population":10130,"codeDepartement":"95"},"geometry":{"type":"Polygon","coordinates":[[[2.168187,49.031456],[2.171957,49.03008],[2.173623,49.029462],[2.175802,49.028575],[2.176061,49.028452],[2.177092,49.028083],[2.177318,49.028013],[2.177663,49.027864],[2.178771,49.027507],[2.179125,49.027357],[2.179514,49.027215],[2.180063,49.026984],[2.180326,49.026811],[2.180566,49.026736],[2.180742,49.026596],[2.181966,49.025917],[2.182278,49.02578],[2.182555,49.025609],[2.182771,49.025436],[2.182186,49.024984],[2.181161,49.024154],[2.18075,49.023748],[2.179973,49.022826],[2.179583,49.022337],[2.1791,49.021639],[2.178844,49.021417],[2.178524,49.021087],[2.17805,49.020457],[2.177535,49.019878],[2.177478,49.019704],[2.176757,49.018773],[2.175877,49.017726],[2.175032,49.016699],[2.17478,49.016788],[2.174554,49.016498],[2.17452,49.016412],[2.173423,49.014812],[2.173259,49.0145],[2.172982,49.014173],[2.176748,49.013147],[2.180642,49.012089],[2.18183,49.011789],[2.184728,49.011013],[2.187194,49.010333],[2.187897,49.010145],[2.192066,49.009012],[2.193505,49.008623],[2.193642,49.008637],[2.195722,49.008095],[2.196662,49.007818],[2.196983,49.007746],[2.197113,49.007677],[2.193323,49.005603],[2.193131,49.005489],[2.192915,49.005405],[2.1921,49.005046],[2.19141,49.004767],[2.187722,49.003343],[2.187368,49.003198],[2.186919,49.002979],[2.185439,49.00229],[2.185143,49.002166],[2.183383,49.001335],[2.182331,49.000846],[2.182087,49.000768],[2.1812,49.00122],[2.17919,49.002303],[2.178057,49.002905],[2.174692,49.004679],[2.173366,49.005397],[2.17196,49.006126],[2.169988,49.007167],[2.168346,49.008039],[2.167713,49.008395],[2.164878,49.010048],[2.162691,49.011302],[2.161084,49.012234],[2.160908,49.012052],[2.159221,49.0126],[2.158611,49.012785],[2.158175,49.012889],[2.157703,49.013075],[2.156514,49.013406],[2.156244,49.013495],[2.156081,49.013194],[2.155759,49.012668],[2.1554,49.012112],[2.155262,49.011784],[2.155163,49.011393],[2.154799,49.010415],[2.154653,49.010121],[2.154552,49.009726],[2.154499,49.009355],[2.1545,49.008939],[2.154599,49.008011],[2.154684,49.007551],[2.154682,49.007254],[2.154769,49.006358],[2.154852,49.005963],[2.15505,49.005485],[2.155308,49.005105],[2.155514,49.004849],[2.155213,49.004938],[2.153753,49.005803],[2.152658,49.006262],[2.151787,49.006591],[2.151281,49.006769],[2.150858,49.006974],[2.150351,49.007167],[2.14941,49.007607],[2.14863,49.00799],[2.148115,49.008318],[2.147662,49.00857],[2.147422,49.008647],[2.147167,49.008802],[2.14684,49.008946],[2.14653,49.009154],[2.145544,49.009714],[2.145295,49.009886],[2.144527,49.010342],[2.143371,49.010958],[2.142476,49.011464],[2.141673,49.012012],[2.141137,49.012404],[2.139944,49.012957],[2.139346,49.013336],[2.138832,49.013723],[2.138437,49.014044],[2.13772,49.014595],[2.136846,49.015283],[2.136638,49.015475],[2.135808,49.016193],[2.134304,49.017542],[2.133301,49.018417],[2.132426,49.019192],[2.132043,49.019547],[2.131072,49.020377],[2.13071,49.0207],[2.129571,49.021895],[2.129274,49.022237],[2.12864,49.022873],[2.135558,49.027016],[2.137123,49.02764],[2.137967,49.027961],[2.138128,49.028041],[2.13971,49.028673],[2.139814,49.028749],[2.140753,49.029084],[2.143163,49.03005],[2.149236,49.032472],[2.151733,49.033765],[2.155655,49.036217],[2.156029,49.036144],[2.156513,49.036004],[2.156694,49.035978],[2.157389,49.035776],[2.158247,49.035506],[2.158858,49.035286],[2.159574,49.034987],[2.160418,49.034647],[2.1608,49.034514],[2.161643,49.034157],[2.162852,49.033671],[2.163955,49.033196],[2.164567,49.032903],[2.16539,49.032583],[2.165977,49.032365],[2.168187,49.031456]]]}},{"type":"Feature","properties":{"nom":"Piscop","code":"95489","population":768,"codeDepartement":"95"},"geometry":{"type":"Polygon","coordinates":[[[2.322006,49.010173],[2.321919,49.010638],[2.322119,49.012301],[2.321729,49.012887],[2.32135,49.012765],[2.321427,49.013261],[2.321364,49.013673],[2.321349,49.013916],[2.321384,49.013981],[2.321036,49.01472],[2.320582,49.015612],[2.320114,49.016285],[2.320455,49.016407],[2.321394,49.016817],[2.321728,49.017027],[2.321871,49.017255],[2.322446,49.017779],[2.322659,49.017991],[2.323099,49.018376],[2.323494,49.019279],[2.323849,49.020223],[2.325517,49.019279],[2.325915,49.01908],[2.326223,49.019329],[2.32709,49.020217],[2.327482,49.020556],[2.327661,49.020685],[2.328102,49.02091],[2.328906,49.021251],[2.329075,49.021344],[2.329382,49.021617],[2.330083,49.021438],[2.331543,49.022182],[2.331633,49.022235],[2.332541,49.021775],[2.333724,49.021995],[2.333867,49.022031],[2.334494,49.022494],[2.334874,49.022611],[2.335335,49.022628],[2.336198,49.022616],[2.336403,49.022588],[2.336816,49.022614],[2.337916,49.022603],[2.338352,49.02263],[2.339429,49.022752],[2.340168,49.022816],[2.340527,49.022905],[2.340792,49.022945],[2.341259,49.023067],[2.342041,49.023295],[2.342454,49.02337],[2.342958,49.023364],[2.343927,49.023377],[2.344138,49.023343],[2.344428,49.023354],[2.344791,49.023469],[2.345277,49.023523],[2.345362,49.023719],[2.345893,49.023929],[2.34617,49.023993],[2.346025,49.024312],[2.3487,49.024981],[2.349826,49.025297],[2.350311,49.025401],[2.350511,49.025423],[2.350703,49.025388],[2.351686,49.025663],[2.352691,49.02593],[2.353183,49.026083],[2.354698,49.026603],[2.35489,49.026779],[2.35541,49.026761],[2.355983,49.026636],[2.356466,49.026243],[2.356953,49.025953],[2.357255,49.025831],[2.357705,49.025707],[2.358082,49.02566],[2.358463,49.02555],[2.358807,49.025372],[2.357911,49.025063],[2.358834,49.024892],[2.358966,49.024786],[2.359051,49.024648],[2.359189,49.024271],[2.359508,49.024082],[2.359646,49.023894],[2.35986,49.023861],[2.360225,49.023758],[2.360745,49.023502],[2.361302,49.023167],[2.362149,49.022689],[2.362409,49.022493],[2.36257,49.022413],[2.363949,49.02188],[2.364072,49.021351],[2.364008,49.020824],[2.363539,49.020058],[2.363433,49.020006],[2.362884,49.019646],[2.362087,49.019305],[2.361735,49.019116],[2.361132,49.018818],[2.360679,49.018512],[2.360433,49.018274],[2.359934,49.018004],[2.359783,49.01787],[2.358641,49.016934],[2.358359,49.016726],[2.357918,49.016459],[2.357221,49.016092],[2.357098,49.015985],[2.356425,49.015704],[2.355514,49.015277],[2.354789,49.014885],[2.354082,49.014478],[2.353677,49.014227],[2.353487,49.014077],[2.352414,49.013824],[2.351684,49.013614],[2.351783,49.013345],[2.350351,49.012986],[2.349732,49.01284],[2.349696,49.012725],[2.349424,49.012304],[2.348991,49.011862],[2.348775,49.011707],[2.34729,49.010581],[2.34724,49.010498],[2.347077,49.010041],[2.346946,49.009802],[2.346306,49.008739],[2.34623,49.008591],[2.346117,49.008156],[2.345881,49.00738],[2.345809,49.007012],[2.345369,49.005916],[2.345269,49.005704],[2.344566,49.0058],[2.343959,49.005909],[2.343448,49.005965],[2.342176,49.00613],[2.34139,49.006365],[2.340252,49.006655],[2.339729,49.006798],[2.339139,49.006935],[2.338716,49.006952],[2.338498,49.006993],[2.338345,49.007079],[2.338046,49.007191],[2.337704,49.007275],[2.337403,49.007318],[2.336368,49.007565],[2.33594,49.007678],[2.335102,49.007868],[2.334576,49.008029],[2.334053,49.008278],[2.333865,49.008341],[2.333257,49.008334],[2.332417,49.008283],[2.331544,49.008541],[2.331017,49.008741],[2.330183,49.008857],[2.329666,49.008955],[2.329258,49.009084],[2.32909,49.00909],[2.328773,49.009017],[2.328658,49.009035],[2.328493,49.009143],[2.328176,49.009238],[2.327734,49.009497],[2.327154,49.009696],[2.325991,49.009713],[2.325545,49.00974],[2.322006,49.010173]]]}},{"type":"Feature","properties":{"nom":"Le Plessis-Bouchard","code":"95491","population":8518,"codeDepartement":"95"},"geometry":{"type":"Polygon","coordinates":[[[2.217157,49.002829],[2.217191,49.002968],[2.217302,49.00316],[2.217554,49.003696],[2.217957,49.004407],[2.219002,49.006418],[2.219306,49.006959],[2.219412,49.007105],[2.219861,49.007941],[2.223896,49.011796],[2.224643,49.011594],[2.225462,49.011392],[2.229717,49.01041],[2.231626,49.010083],[2.233563,49.009652],[2.23358,49.009847],[2.23419,49.009713],[2.235408,49.009387],[2.23673,49.009069],[2.240776,49.008127],[2.242221,49.007759],[2.242786,49.007578],[2.243268,49.007371],[2.244113,49.006919],[2.244932,49.006341],[2.24547,49.005907],[2.245663,49.005667],[2.246145,49.005465],[2.245962,49.005311],[2.246242,49.004767],[2.246405,49.003855],[2.246395,49.003825],[2.247731,49.002847],[2.248696,49.002176],[2.249045,49.001919],[2.250627,49.000803],[2.250372,49.000696],[2.249428,48.999982],[2.249127,48.999737],[2.248466,48.999134],[2.243688,48.994216],[2.242337,48.994657],[2.240556,48.995254],[2.238433,48.995953],[2.237717,48.996205],[2.237032,48.996426],[2.236171,48.996691],[2.235146,48.996992],[2.234372,48.997232],[2.233602,48.997457],[2.23135,48.998093],[2.229499,48.998626],[2.228356,48.998991],[2.227567,48.999297],[2.226559,48.999717],[2.226259,48.999859],[2.225775,49.00004],[2.225143,49.000247],[2.222593,49.001065],[2.220986,49.001587],[2.217758,49.002645],[2.217157,49.002829]]]}},{"type":"Feature","properties":{"nom":"Le Plessis-Gassot","code":"95492","population":102,"codeDepartement":"95"},"geometry":{"type":"Polygon","coordinates":[[[2.410756,49.024118],[2.41002,49.024148],[2.409778,49.024291],[2.409404,49.024457],[2.409012,49.024655],[2.408643,49.024895],[2.408332,49.025047],[2.407794,49.025414],[2.407467,49.025674],[2.407084,49.026093],[2.406929,49.026372],[2.406682,49.026622],[2.406532,49.026912],[2.40634,49.027115],[2.406069,49.027347],[2.405858,49.02766],[2.405618,49.028329],[2.404548,49.029561],[2.403896,49.030125],[2.403653,49.030296],[2.403131,49.030739],[2.402911,49.030957],[2.40151,49.032782],[2.40132,49.033013],[2.401094,49.033409],[2.400919,49.033778],[2.400735,49.034286],[2.400601,49.034779],[2.400517,49.035173],[2.400464,49.035807],[2.400599,49.036034],[2.400941,49.036855],[2.400933,49.037168],[2.400856,49.037479],[2.400629,49.037849],[2.399697,49.038598],[2.399331,49.038991],[2.399125,49.039326],[2.399112,49.039458],[2.399177,49.039701],[2.399397,49.040294],[2.399431,49.040516],[2.399526,49.040711],[2.399628,49.041123],[2.399694,49.041535],[2.399848,49.041942],[2.400038,49.042313],[2.400122,49.042406],[2.401635,49.045603],[2.40173,49.045457],[2.402151,49.045094],[2.402855,49.044627],[2.403421,49.044163],[2.407427,49.045451],[2.416373,49.048397],[2.417065,49.047905],[2.417244,49.04776],[2.417784,49.047237],[2.418066,49.046921],[2.418398,49.046491],[2.418887,49.045784],[2.419308,49.045221],[2.419487,49.045003],[2.419977,49.044465],[2.420479,49.044004],[2.421378,49.043112],[2.421972,49.042568],[2.422193,49.042296],[2.422243,49.042193],[2.422271,49.041939],[2.422513,49.041794],[2.423535,49.041278],[2.424918,49.040515],[2.427777,49.038887],[2.427994,49.038742],[2.430448,49.037276],[2.430597,49.03709],[2.431299,49.036494],[2.432294,49.035623],[2.4325,49.035491],[2.433055,49.035221],[2.433791,49.034836],[2.434482,49.034519],[2.434153,49.033943],[2.433584,49.034229],[2.432559,49.032598],[2.429948,49.029746],[2.428342,49.02803],[2.423694,49.029244],[2.42361,49.028838],[2.423598,49.028655],[2.423446,49.02809],[2.423306,49.027803],[2.423077,49.027469],[2.422927,49.027309],[2.422548,49.026977],[2.421984,49.026617],[2.421744,49.026446],[2.421326,49.026097],[2.421079,49.025787],[2.420717,49.025254],[2.420506,49.025508],[2.420152,49.025886],[2.419644,49.026351],[2.419242,49.02667],[2.41895,49.026974],[2.418662,49.027224],[2.418363,49.027405],[2.418008,49.027567],[2.41777,49.027706],[2.417573,49.027886],[2.417192,49.028321],[2.416918,49.028601],[2.416474,49.028018],[2.416174,49.027724],[2.415336,49.027016],[2.415,49.026744],[2.414726,49.026553],[2.414484,49.02643],[2.414008,49.026143],[2.413559,49.025807],[2.413284,49.025522],[2.412925,49.024983],[2.412806,49.024728],[2.412642,49.02408],[2.41237,49.024202],[2.411258,49.024603],[2.410756,49.024118]]]}},{"type":"Feature","properties":{"nom":"Le Plessis-Luzarches","code":"95493","population":152,"codeDepartement":"95"},"geometry":{"type":"Polygon","coordinates":[[[2.449754,49.100761],[2.449782,49.100784],[2.450077,49.100834],[2.450476,49.100862],[2.451616,49.100901],[2.452968,49.100974],[2.453388,49.101017],[2.453772,49.101094],[2.454257,49.101139],[2.454686,49.101159],[2.455608,49.101153],[2.456432,49.101104],[2.456922,49.101037],[2.457098,49.100851],[2.457407,49.100365],[2.457716,49.099976],[2.457836,49.099894],[2.458529,49.099544],[2.45922,49.099596],[2.459971,49.099591],[2.460924,49.09951],[2.462336,49.099319],[2.462793,49.099229],[2.465399,49.098607],[2.465415,49.098293],[2.465195,49.098211],[2.465137,49.098083],[2.465388,49.09801],[2.46542,49.097624],[2.465322,49.097433],[2.465132,49.097241],[2.465276,49.097193],[2.465207,49.097039],[2.46473,49.09696],[2.464957,49.096777],[2.46514,49.09651],[2.465186,49.096298],[2.464275,49.096024],[2.464218,49.096226],[2.462904,49.096643],[2.462389,49.096385],[2.462185,49.096058],[2.463051,49.095865],[2.463159,49.096002],[2.463382,49.09596],[2.463181,49.095784],[2.463045,49.095581],[2.46283,49.095327],[2.462244,49.095517],[2.461833,49.095531],[2.461258,49.095446],[2.461052,49.095356],[2.460933,49.095261],[2.462021,49.094846],[2.462279,49.094529],[2.462044,49.094513],[2.461579,49.094348],[2.460956,49.094034],[2.459807,49.09341],[2.459162,49.093022],[2.457912,49.092161],[2.457664,49.091873],[2.457497,49.091742],[2.457333,49.091547],[2.457189,49.091231],[2.456894,49.091033],[2.456368,49.090794],[2.4557,49.090376],[2.455427,49.090276],[2.455106,49.090117],[2.454239,49.089745],[2.453241,49.090399],[2.453096,49.090219],[2.452353,49.090223],[2.452424,49.090023],[2.45194,49.090024],[2.451888,49.091253],[2.452102,49.091981],[2.450954,49.092183],[2.451064,49.092702],[2.450492,49.092725],[2.449983,49.09286],[2.449758,49.092962],[2.449787,49.093079],[2.449524,49.093089],[2.449177,49.09306],[2.449123,49.09287],[2.448589,49.092954],[2.448604,49.093361],[2.448671,49.093392],[2.448889,49.093741],[2.449255,49.093905],[2.449606,49.094149],[2.449984,49.094776],[2.449843,49.094931],[2.449614,49.094828],[2.449406,49.095051],[2.449466,49.095081],[2.450218,49.096109],[2.4493,49.096457],[2.449394,49.096551],[2.450234,49.096372],[2.450354,49.096603],[2.450633,49.097033],[2.450921,49.097379],[2.451136,49.097756],[2.451381,49.098028],[2.451605,49.098463],[2.451715,49.099015],[2.45156,49.099059],[2.451111,49.099348],[2.450777,49.099376],[2.448385,49.099682],[2.448078,49.099726],[2.448311,49.099826],[2.449754,49.100761]]]}},{"type":"Feature","properties":{"nom":"Pontoise","code":"95500","population":31970,"codeDepartement":"95"},"geometry":{"type":"Polygon","coordinates":[[[2.120383,49.064699],[2.121563,49.063935],[2.124828,49.065541],[2.125034,49.065344],[2.12517,49.065412],[2.125845,49.064898],[2.125934,49.064953],[2.127005,49.063997],[2.126002,49.063529],[2.125212,49.063148],[2.124413,49.062724],[2.123724,49.062373],[2.123115,49.062038],[2.122491,49.061741],[2.121503,49.061179],[2.12098,49.060861],[2.120463,49.060584],[2.11969,49.060083],[2.1193,49.059769],[2.117997,49.058668],[2.117702,49.058396],[2.117112,49.057723],[2.116474,49.057027],[2.115748,49.056388],[2.115125,49.055857],[2.114334,49.055267],[2.113562,49.054676],[2.112415,49.053927],[2.111893,49.053577],[2.111362,49.053252],[2.110897,49.052938],[2.11045,49.052574],[2.110295,49.052386],[2.110003,49.051932],[2.109868,49.051822],[2.109286,49.051445],[2.108586,49.051046],[2.10736,49.050435],[2.103528,49.048813],[2.102935,49.047744],[2.100767,49.046418],[2.100417,49.045902],[2.098635,49.043129],[2.098419,49.042685],[2.098346,49.042114],[2.098353,49.041579],[2.09841,49.041179],[2.098324,49.04016],[2.0983,49.039666],[2.098141,49.039396],[2.097853,49.039079],[2.097528,49.038674],[2.097319,49.038361],[2.096639,49.037722],[2.096448,49.037493],[2.095569,49.036032],[2.095188,49.035394],[2.094337,49.033836],[2.094164,49.033452],[2.093717,49.032209],[2.093069,49.030299],[2.092407,49.028215],[2.091907,49.026429],[2.091021,49.024702],[2.090818,49.024275],[2.090181,49.024412],[2.090448,49.024865],[2.08997,49.025013],[2.090267,49.025397],[2.090682,49.026191],[2.090899,49.026709],[2.091063,49.027391],[2.091084,49.028022],[2.090978,49.028521],[2.090823,49.028844],[2.09092,49.029002],[2.090491,49.02955],[2.089992,49.029277],[2.089534,49.028891],[2.08931,49.028647],[2.089133,49.028748],[2.088824,49.02882],[2.087951,49.028869],[2.087725,49.0289],[2.087401,49.02905],[2.087078,49.028794],[2.086666,49.028615],[2.086454,49.028558],[2.086054,49.028519],[2.085624,49.028537],[2.085322,49.028593],[2.085099,49.028677],[2.084749,49.028848],[2.084623,49.028941],[2.084433,49.029161],[2.084353,49.02932],[2.084098,49.030248],[2.084038,49.030372],[2.083819,49.030625],[2.083563,49.030838],[2.083823,49.031245],[2.083969,49.031552],[2.084116,49.031995],[2.084291,49.032381],[2.084589,49.032687],[2.084943,49.032923],[2.085458,49.033209],[2.084433,49.033771],[2.083656,49.034278],[2.082868,49.034833],[2.084601,49.036213],[2.085876,49.037185],[2.086291,49.037541],[2.086955,49.038067],[2.087505,49.038467],[2.085429,49.039235],[2.082664,49.040421],[2.080689,49.041434],[2.080024,49.041815],[2.079031,49.042432],[2.078222,49.042971],[2.076472,49.044168],[2.075757,49.044679],[2.074439,49.045641],[2.07228,49.047252],[2.072585,49.047435],[2.072878,49.047642],[2.073239,49.047986],[2.073332,49.048106],[2.074803,49.047583],[2.075483,49.048302],[2.075993,49.048867],[2.076065,49.049064],[2.075948,49.049122],[2.076081,49.049476],[2.076764,49.050369],[2.077056,49.050788],[2.07791,49.051555],[2.07817,49.051802],[2.078525,49.052104],[2.078105,49.052522],[2.077364,49.052845],[2.077065,49.052898],[2.076879,49.052989],[2.076527,49.053368],[2.076432,49.053581],[2.076423,49.053695],[2.076703,49.054184],[2.076788,49.054477],[2.076731,49.054738],[2.076728,49.054943],[2.076806,49.055065],[2.076911,49.055101],[2.077576,49.054926],[2.077877,49.054883],[2.078135,49.054912],[2.078743,49.055362],[2.079141,49.055524],[2.079742,49.055719],[2.080728,49.055961],[2.080901,49.056017],[2.081455,49.056353],[2.081837,49.057407],[2.08215,49.057865],[2.082632,49.057789],[2.082881,49.05819],[2.083782,49.059137],[2.084283,49.059696],[2.084597,49.060013],[2.084992,49.060249],[2.085536,49.060612],[2.088959,49.063783],[2.089009,49.06395],[2.091249,49.066158],[2.091558,49.066478],[2.093927,49.068425],[2.094045,49.068555],[2.095717,49.070067],[2.093387,49.071157],[2.092549,49.071395],[2.092272,49.071512],[2.09174,49.07179],[2.091596,49.071917],[2.091086,49.072255],[2.091248,49.072712],[2.091264,49.073096],[2.091229,49.073175],[2.091566,49.073301],[2.093229,49.072827],[2.093689,49.072672],[2.093918,49.072723],[2.094131,49.072342],[2.095841,49.072169],[2.096054,49.072031],[2.09621,49.071804],[2.096493,49.071571],[2.097326,49.071231],[2.097524,49.071172],[2.098504,49.070265],[2.098723,49.070079],[2.098755,49.069957],[2.098923,49.069702],[2.099054,49.069738],[2.099661,49.069105],[2.101043,49.068135],[2.102158,49.067585],[2.104328,49.06715],[2.103334,49.066337],[2.103763,49.065325],[2.105187,49.064168],[2.105332,49.065133],[2.105627,49.065066],[2.106264,49.06446],[2.106382,49.064328],[2.106443,49.064046],[2.106437,49.063841],[2.106291,49.063495],[2.106075,49.063309],[2.105817,49.063189],[2.105064,49.062901],[2.104791,49.062877],[2.10467,49.062473],[2.104938,49.06114],[2.104758,49.060805],[2.105013,49.060373],[2.105445,49.060253],[2.105796,49.060197],[2.106235,49.060207],[2.106608,49.06],[2.10672,49.059909],[2.107064,49.059919],[2.107251,49.059771],[2.108243,49.059748],[2.109088,49.059899],[2.109138,49.060072],[2.109143,49.060291],[2.109093,49.06072],[2.108935,49.061152],[2.108802,49.061375],[2.110262,49.061139],[2.111923,49.060757],[2.112957,49.060551],[2.113634,49.061223],[2.113453,49.061341],[2.114123,49.06194],[2.11571,49.062523],[2.116052,49.062079],[2.116205,49.062024],[2.116255,49.061801],[2.116314,49.061744],[2.117274,49.06236],[2.117181,49.062511],[2.117347,49.062712],[2.117547,49.062879],[2.117788,49.06302],[2.118626,49.063207],[2.119701,49.063982],[2.120383,49.064699]]]}},{"type":"Feature","properties":{"nom":"Presles","code":"95504","population":4017,"codeDepartement":"95"},"geometry":{"type":"Polygon","coordinates":[[[2.260433,49.100775],[2.262941,49.103018],[2.263131,49.103324],[2.263163,49.103692],[2.263007,49.104163],[2.262717,49.104696],[2.262173,49.105327],[2.261327,49.105868],[2.260863,49.106108],[2.260167,49.106148],[2.259472,49.106222],[2.258489,49.106399],[2.25821,49.106407],[2.257576,49.107035],[2.257367,49.107257],[2.257197,49.107491],[2.256833,49.107723],[2.256479,49.107988],[2.256387,49.108105],[2.256307,49.108397],[2.256207,49.109274],[2.255939,49.109979],[2.255475,49.110331],[2.255309,49.11064],[2.255222,49.110889],[2.255259,49.111249],[2.255613,49.112282],[2.255808,49.112794],[2.257118,49.11346],[2.258378,49.113573],[2.258357,49.113781],[2.260886,49.114244],[2.260014,49.116707],[2.260914,49.117551],[2.261115,49.117833],[2.261783,49.118689],[2.262313,49.119022],[2.263142,49.120162],[2.264011,49.120347],[2.263742,49.120765],[2.262469,49.122317],[2.26188,49.122877],[2.261783,49.122988],[2.262028,49.123411],[2.26235,49.124157],[2.264497,49.124898],[2.264772,49.124859],[2.267547,49.124584],[2.267876,49.124582],[2.268912,49.124335],[2.270903,49.124452],[2.271031,49.124325],[2.275274,49.124804],[2.276095,49.125146],[2.277723,49.125312],[2.27851,49.124733],[2.279428,49.125164],[2.279312,49.125735],[2.279709,49.125753],[2.279943,49.125637],[2.280056,49.125515],[2.280242,49.125596],[2.281894,49.126469],[2.282426,49.126715],[2.282614,49.126191],[2.282655,49.125983],[2.282625,49.125614],[2.282448,49.12504],[2.282199,49.124131],[2.282895,49.124428],[2.28507,49.125293],[2.286544,49.124411],[2.287077,49.12414],[2.288146,49.12368],[2.288311,49.123559],[2.289192,49.123089],[2.289343,49.122614],[2.289672,49.122597],[2.290951,49.12238],[2.291605,49.122192],[2.291926,49.122083],[2.291758,49.122446],[2.29322,49.122112],[2.293409,49.122721],[2.294515,49.122488],[2.296387,49.122134],[2.29802,49.121801],[2.30033,49.121323],[2.300882,49.121235],[2.30152,49.121102],[2.305586,49.12027],[2.30784,49.120963],[2.30992,49.121628],[2.310435,49.121785],[2.311885,49.122253],[2.313444,49.122743],[2.314568,49.123096],[2.319786,49.124781],[2.320062,49.124856],[2.319902,49.123721],[2.31972,49.122694],[2.319586,49.122195],[2.319471,49.121538],[2.319451,49.121338],[2.318849,49.118247],[2.318789,49.117685],[2.31876,49.117593],[2.318628,49.117539],[2.317344,49.116924],[2.315478,49.116069],[2.312413,49.114638],[2.310893,49.113921],[2.310504,49.113726],[2.311123,49.113324],[2.311481,49.113041],[2.311796,49.112882],[2.312297,49.112556],[2.312955,49.112085],[2.313468,49.111752],[2.313773,49.111482],[2.313946,49.111292],[2.315006,49.110054],[2.31548,49.109541],[2.315247,49.109455],[2.314494,49.109234],[2.313288,49.108965],[2.31321,49.108891],[2.312764,49.108719],[2.312448,49.108627],[2.312017,49.108393],[2.311901,49.108215],[2.311853,49.107924],[2.311763,49.107673],[2.311634,49.107423],[2.311202,49.107059],[2.310636,49.106548],[2.310502,49.106314],[2.310235,49.1061],[2.30991,49.105759],[2.309498,49.105181],[2.309224,49.104839],[2.308453,49.104163],[2.308949,49.103633],[2.308779,49.102419],[2.308982,49.102318],[2.309368,49.102013],[2.309692,49.101523],[2.309773,49.101308],[2.310115,49.100906],[2.310267,49.100644],[2.309743,49.100385],[2.308503,49.099805],[2.308826,49.099623],[2.309285,49.099438],[2.309487,49.099336],[2.309612,49.099319],[2.309826,49.099167],[2.309998,49.0991],[2.310751,49.098974],[2.310915,49.098927],[2.310994,49.098812],[2.311583,49.098454],[2.311759,49.09833],[2.31196,49.098105],[2.312222,49.097951],[2.312414,49.097886],[2.312201,49.09757],[2.312054,49.097351],[2.308052,49.098562],[2.307771,49.09899],[2.30753,49.099258],[2.307366,49.099573],[2.307312,49.100016],[2.307374,49.100156],[2.306108,49.100377],[2.306035,49.100468],[2.305915,49.100762],[2.305739,49.100896],[2.305404,49.100557],[2.303955,49.09867],[2.303272,49.098407],[2.302708,49.098016],[2.301734,49.097135],[2.301531,49.096447],[2.301425,49.096193],[2.301155,49.095872],[2.301154,49.095832],[2.301554,49.09521],[2.30217,49.094494],[2.302361,49.094552],[2.302694,49.093828],[2.302904,49.092177],[2.301075,49.094091],[2.300575,49.094501],[2.300452,49.094632],[2.30036,49.094818],[2.300198,49.095594],[2.300068,49.096088],[2.29987,49.096507],[2.299517,49.096898],[2.299248,49.097103],[2.298631,49.097527],[2.298165,49.097807],[2.295497,49.099261],[2.295109,49.099492],[2.294134,49.100203],[2.293088,49.101046],[2.288884,49.098793],[2.289131,49.099323],[2.289439,49.100027],[2.290149,49.10161],[2.28993,49.101822],[2.289796,49.102247],[2.28967,49.102382],[2.289477,49.102486],[2.288947,49.102567],[2.288686,49.102552],[2.28837,49.102495],[2.287796,49.102341],[2.287499,49.10223],[2.286585,49.101855],[2.286181,49.101658],[2.285841,49.101457],[2.28534,49.101096],[2.284967,49.100884],[2.284632,49.10076],[2.283179,49.099729],[2.282193,49.099931],[2.281126,49.100191],[2.280985,49.101794],[2.280435,49.101735],[2.278244,49.101544],[2.277017,49.101478],[2.275292,49.101341],[2.274517,49.10123],[2.271247,49.10095],[2.268787,49.100726],[2.267912,49.10066],[2.266187,49.100476],[2.264402,49.100344],[2.263111,49.10024],[2.262571,49.100169],[2.262313,49.100251],[2.261117,49.100579],[2.260433,49.100775]]]}},{"type":"Feature","properties":{"nom":"Puiseux-en-France","code":"95509","population":3765,"codeDepartement":"95"},"geometry":{"type":"Polygon","coordinates":[[[2.481685,49.055344],[2.482656,49.055513],[2.479963,49.058838],[2.475199,49.064722],[2.473759,49.066029],[2.472231,49.067865],[2.472079,49.068211],[2.472136,49.068295],[2.472349,49.069988],[2.472375,49.0706],[2.47227,49.07102],[2.472342,49.071063],[2.472628,49.071678],[2.472783,49.071974],[2.473068,49.072287],[2.473473,49.072577],[2.474121,49.072895],[2.47456,49.073196],[2.474766,49.073399],[2.474876,49.073554],[2.475341,49.074418],[2.475668,49.074949],[2.47617,49.075511],[2.476746,49.07608],[2.477307,49.076596],[2.477731,49.076911],[2.478363,49.077336],[2.479476,49.078148],[2.479789,49.078441],[2.480046,49.078889],[2.480341,49.0795],[2.480436,49.079767],[2.480722,49.080339],[2.480984,49.080946],[2.481194,49.081511],[2.481364,49.081922],[2.481524,49.082254],[2.481766,49.082618],[2.48222,49.083411],[2.482786,49.084522],[2.482956,49.084963],[2.483234,49.085931],[2.483516,49.086575],[2.48374,49.087224],[2.48382,49.087502],[2.483872,49.087919],[2.483856,49.088744],[2.483906,49.088923],[2.484052,49.089094],[2.484402,49.089163],[2.485205,49.08923],[2.485921,49.089385],[2.486192,49.089352],[2.486496,49.0894],[2.486751,49.089385],[2.48711,49.089401],[2.48768,49.089403],[2.488408,49.089484],[2.488556,49.089105],[2.489706,49.089017],[2.490059,49.088223],[2.489844,49.087535],[2.489591,49.087082],[2.489315,49.086691],[2.488931,49.086414],[2.486898,49.085151],[2.486694,49.085262],[2.485038,49.083712],[2.484741,49.083581],[2.484318,49.082456],[2.485756,49.082296],[2.486542,49.082219],[2.487289,49.082101],[2.486414,49.079983],[2.485908,49.078822],[2.485711,49.078423],[2.48847,49.07772],[2.490541,49.077205],[2.491501,49.076948],[2.491541,49.076917],[2.490765,49.073747],[2.495253,49.07374],[2.495833,49.074042],[2.496247,49.074102],[2.496359,49.073976],[2.497376,49.072996],[2.498964,49.073045],[2.499038,49.072865],[2.499058,49.072236],[2.498993,49.071759],[2.498921,49.071533],[2.498937,49.07118],[2.499001,49.070939],[2.49925,49.069122],[2.499556,49.067451],[2.499583,49.0672],[2.499844,49.067104],[2.501189,49.066806],[2.502541,49.066457],[2.504119,49.06607],[2.505376,49.065754],[2.506328,49.065535],[2.507171,49.065325],[2.507118,49.065139],[2.507042,49.064665],[2.507003,49.064424],[2.506931,49.063627],[2.506854,49.063096],[2.506755,49.062204],[2.506673,49.061315],[2.506647,49.060754],[2.505652,49.060736],[2.505612,49.059675],[2.505595,49.059658],[2.504362,49.059564],[2.503874,49.059518],[2.503855,49.059097],[2.503879,49.058395],[2.503921,49.058187],[2.504157,49.057797],[2.503057,49.057139],[2.501068,49.055922],[2.500293,49.055425],[2.499605,49.054943],[2.49953,49.055006],[2.498949,49.054784],[2.499021,49.054542],[2.497388,49.054081],[2.496782,49.054031],[2.496219,49.054003],[2.495575,49.053909],[2.495121,49.053787],[2.494616,49.053764],[2.493785,49.053849],[2.493727,49.05362],[2.493485,49.053217],[2.493009,49.052681],[2.492708,49.052364],[2.492536,49.052132],[2.492325,49.051631],[2.492119,49.051204],[2.491977,49.051258],[2.49066,49.051571],[2.490152,49.0517],[2.489903,49.05171],[2.488994,49.052938],[2.488648,49.053385],[2.481885,49.054037],[2.481685,49.055344]]]}},{"type":"Feature","properties":{"nom":"Puiseux-Pontoise","code":"95510","population":603,"codeDepartement":"95"},"geometry":{"type":"Polygon","coordinates":[[[2.015266,49.07758],[2.01565,49.077515],[2.016033,49.077411],[2.016447,49.077072],[2.016769,49.076855],[2.016954,49.076773],[2.017211,49.076734],[2.017379,49.076667],[2.017591,49.076526],[2.017876,49.076497],[2.018341,49.076229],[2.018869,49.075755],[2.019013,49.075651],[2.019584,49.07542],[2.019884,49.075406],[2.020407,49.075116],[2.02069,49.074994],[2.020991,49.074946],[2.021288,49.074857],[2.021847,49.074616],[2.022325,49.074429],[2.022836,49.07428],[2.023431,49.074135],[2.024202,49.074028],[2.025152,49.073951],[2.026191,49.073917],[2.026945,49.07397],[2.027318,49.074024],[2.027218,49.073859],[2.026725,49.073871],[2.026746,49.073635],[2.025482,49.073625],[2.025455,49.072932],[2.026027,49.072869],[2.026503,49.07285],[2.026341,49.072622],[2.027128,49.072469],[2.026627,49.07193],[2.026478,49.071679],[2.026367,49.071382],[2.026298,49.071115],[2.026296,49.070726],[2.026363,49.069988],[2.026361,49.069803],[2.026289,49.069558],[2.026166,49.069344],[2.025831,49.068881],[2.025604,49.068633],[2.025002,49.068208],[2.024692,49.068035],[2.0233,49.067303],[2.022478,49.066851],[2.022282,49.0667],[2.022815,49.066536],[2.024039,49.066108],[2.025554,49.065621],[2.025905,49.065528],[2.026319,49.065381],[2.02674,49.06521],[2.026997,49.06516],[2.027313,49.065057],[2.027605,49.064858],[2.027728,49.064696],[2.028003,49.064139],[2.028225,49.063801],[2.028508,49.063587],[2.028614,49.063789],[2.02889,49.064081],[2.029211,49.064507],[2.029306,49.064705],[2.029442,49.064888],[2.029603,49.065284],[2.029749,49.065499],[2.030224,49.065927],[2.030461,49.066223],[2.031125,49.066645],[2.031216,49.066766],[2.031344,49.067284],[2.031863,49.067299],[2.03446,49.065839],[2.034275,49.065491],[2.033832,49.06475],[2.033574,49.064348],[2.033095,49.063747],[2.032833,49.0635],[2.032567,49.063308],[2.033179,49.06314],[2.033964,49.062943],[2.034549,49.062743],[2.033779,49.058197],[2.032909,49.058287],[2.032383,49.058317],[2.031044,49.058308],[2.030788,49.058225],[2.030555,49.058111],[2.030342,49.057934],[2.030154,49.057627],[2.029892,49.057416],[2.029257,49.057063],[2.028713,49.056812],[2.027908,49.056466],[2.025947,49.055595],[2.025804,49.055521],[2.025272,49.055156],[2.024936,49.054823],[2.024527,49.054173],[2.023947,49.054215],[2.023641,49.054255],[2.022328,49.05438],[2.021345,49.054488],[2.019662,49.054653],[2.019442,49.054423],[2.017626,49.054721],[2.017397,49.054874],[2.016032,49.055012],[2.015126,49.055115],[2.014199,49.055275],[2.013651,49.055394],[2.013032,49.05556],[2.01124,49.05607],[2.01072,49.056212],[2.006246,49.057409],[2.005814,49.057515],[2.004751,49.05771],[2.004061,49.057875],[2.003091,49.058152],[2.002539,49.058334],[2.002203,49.058509],[2.000434,49.059002],[1.99724,49.059882],[1.996802,49.060011],[1.99468,49.060594],[1.992458,49.061212],[1.993097,49.061789],[1.993996,49.062638],[1.994796,49.06336],[1.995064,49.063636],[1.995956,49.064562],[1.998041,49.066447],[1.999158,49.067501],[2.003968,49.065671],[2.003895,49.065547],[2.005187,49.065107],[2.006897,49.065045],[2.008775,49.065765],[2.009351,49.065543],[2.009715,49.065767],[2.010562,49.065504],[2.011455,49.066885],[2.01169,49.066827],[2.012396,49.067852],[2.013828,49.069562],[2.01313,49.069751],[2.013043,49.070108],[2.012943,49.070616],[2.01277,49.071909],[2.01275,49.072171],[2.012759,49.072521],[2.012834,49.073079],[2.012978,49.073666],[2.012697,49.073739],[2.01296,49.074328],[2.013571,49.075448],[2.013691,49.075607],[2.014313,49.076238],[2.014822,49.076891],[2.015266,49.07758]]]}},{"type":"Feature","properties":{"nom":"La Roche-Guyon","code":"95523","population":399,"codeDepartement":"95"},"geometry":{"type":"Polygon","coordinates":[[[1.608748,49.077711],[1.610094,49.078039],[1.610062,49.078322],[1.610162,49.078633],[1.610288,49.078767],[1.610802,49.079103],[1.611518,49.079553],[1.611828,49.079797],[1.612284,49.080113],[1.612615,49.080294],[1.613063,49.080466],[1.613154,49.080274],[1.613287,49.080308],[1.613614,49.080573],[1.61399,49.080433],[1.614776,49.081213],[1.615366,49.081759],[1.615151,49.081968],[1.615347,49.082116],[1.615714,49.082336],[1.616937,49.082922],[1.618287,49.08362],[1.619185,49.084039],[1.621517,49.085155],[1.622004,49.085099],[1.622308,49.085274],[1.623409,49.086],[1.624467,49.086749],[1.624496,49.086926],[1.625465,49.086792],[1.625681,49.087179],[1.625926,49.087487],[1.626238,49.087722],[1.626587,49.087889],[1.627429,49.087684],[1.629519,49.089025],[1.629816,49.088771],[1.630141,49.088938],[1.63025,49.088809],[1.630463,49.088886],[1.631683,49.089826],[1.633535,49.090581],[1.633467,49.090666],[1.632892,49.091259],[1.631994,49.092084],[1.631797,49.092294],[1.631091,49.092835],[1.630858,49.09296],[1.630661,49.093169],[1.630488,49.093292],[1.630354,49.093486],[1.630204,49.093633],[1.630107,49.093876],[1.63084,49.094513],[1.63094,49.094638],[1.631294,49.094975],[1.63198,49.095744],[1.632065,49.095879],[1.632208,49.096431],[1.631187,49.096736],[1.631425,49.097168],[1.632192,49.098361],[1.631541,49.09847],[1.6314,49.09864],[1.631397,49.09878],[1.631488,49.098976],[1.631558,49.099019],[1.631774,49.099308],[1.6318,49.099392],[1.632897,49.100232],[1.633038,49.100398],[1.633453,49.100685],[1.635009,49.100275],[1.635037,49.100334],[1.636547,49.099941],[1.640307,49.099047],[1.640238,49.098761],[1.640107,49.098095],[1.642511,49.097858],[1.645489,49.097558],[1.645607,49.097939],[1.645752,49.098106],[1.646189,49.09842],[1.646847,49.098865],[1.647161,49.098985],[1.64803,49.099633],[1.648491,49.100016],[1.648685,49.100097],[1.648953,49.100273],[1.64896,49.100364],[1.649115,49.100491],[1.648761,49.10077],[1.648222,49.101039],[1.648031,49.101095],[1.647557,49.101135],[1.647308,49.101177],[1.646828,49.101303],[1.646477,49.101423],[1.646051,49.101538],[1.645083,49.101675],[1.644372,49.10175],[1.644074,49.101815],[1.643867,49.101902],[1.643618,49.102078],[1.643332,49.102332],[1.643,49.102713],[1.644063,49.103032],[1.643857,49.103389],[1.644413,49.103534],[1.644156,49.103992],[1.643916,49.104378],[1.64355,49.104729],[1.643195,49.104958],[1.642576,49.105263],[1.642489,49.105521],[1.642736,49.105733],[1.643792,49.106267],[1.644389,49.106446],[1.645233,49.106743],[1.646707,49.107062],[1.647448,49.107259],[1.647966,49.107501],[1.648495,49.107832],[1.650072,49.108336],[1.651463,49.108652],[1.651957,49.108696],[1.652159,49.108582],[1.652826,49.108069],[1.652958,49.107939],[1.653169,49.107644],[1.653588,49.106945],[1.653878,49.106648],[1.654109,49.106455],[1.654544,49.106158],[1.654833,49.106005],[1.655722,49.105594],[1.656489,49.105263],[1.65665,49.105156],[1.654587,49.105202],[1.653309,49.105199],[1.651062,49.104294],[1.651329,49.104074],[1.652305,49.103203],[1.652458,49.102965],[1.652445,49.102864],[1.652734,49.102551],[1.653119,49.101951],[1.653484,49.101424],[1.653738,49.101019],[1.653949,49.100597],[1.65413,49.100119],[1.654612,49.099574],[1.655371,49.098777],[1.655583,49.098625],[1.655756,49.0984],[1.656042,49.097925],[1.656239,49.097566],[1.656305,49.097331],[1.656575,49.096923],[1.656867,49.096631],[1.657202,49.096451],[1.658712,49.096002],[1.658587,49.094877],[1.658058,49.093447],[1.657476,49.093681],[1.656489,49.094158],[1.655142,49.094732],[1.65361,49.095327],[1.65295,49.095595],[1.652422,49.095811],[1.651819,49.096115],[1.651684,49.096415],[1.651261,49.097417],[1.651141,49.097812],[1.65101,49.098119],[1.650744,49.09804],[1.650564,49.097952],[1.650056,49.097611],[1.647599,49.096484],[1.646766,49.095494],[1.645458,49.095545],[1.644986,49.095289],[1.644795,49.09448],[1.644615,49.093501],[1.644439,49.092413],[1.644426,49.092231],[1.64434,49.091832],[1.644318,49.091463],[1.644245,49.091143],[1.644222,49.090882],[1.644086,49.090025],[1.644012,49.089688],[1.643701,49.087727],[1.643527,49.086982],[1.643507,49.086843],[1.64451,49.086884],[1.644577,49.086516],[1.644649,49.085967],[1.644921,49.08579],[1.645034,49.085438],[1.644991,49.08509],[1.644832,49.08492],[1.644708,49.084894],[1.644897,49.084235],[1.644809,49.082943],[1.645805,49.082852],[1.646186,49.082033],[1.645748,49.081462],[1.644886,49.081506],[1.644448,49.081562],[1.644037,49.081553],[1.643398,49.081339],[1.643065,49.081259],[1.64267,49.081192],[1.642279,49.081062],[1.641275,49.08067],[1.640192,49.080358],[1.64007,49.080162],[1.64042,49.079334],[1.640329,49.079041],[1.636131,49.079118],[1.633764,49.079185],[1.63238,49.078971],[1.630904,49.078627],[1.629496,49.07827],[1.628614,49.077993],[1.627841,49.077659],[1.627139,49.077328],[1.624812,49.076146],[1.620126,49.073834],[1.616947,49.072348],[1.615866,49.071898],[1.615432,49.071705],[1.614418,49.071189],[1.613583,49.071856],[1.612294,49.072747],[1.612798,49.073076],[1.61187,49.073565],[1.610853,49.074065],[1.609845,49.074719],[1.610356,49.075053],[1.610832,49.07542],[1.610587,49.07568],[1.610193,49.076146],[1.609672,49.076626],[1.609174,49.077193],[1.608748,49.077711]]]}},{"type":"Feature","properties":{"nom":"Roissy-en-France","code":"95527","population":2674,"codeDepartement":"95"},"geometry":{"type":"Polygon","coordinates":[[[2.485756,48.999333],[2.486163,48.999221],[2.486852,48.999005],[2.487955,48.998873],[2.488015,48.999057],[2.488506,49.000141],[2.488602,49.000224],[2.489284,49.000196],[2.489262,49.001012],[2.489175,49.001162],[2.488766,49.001127],[2.489123,49.001948],[2.488983,49.001943],[2.489034,49.002104],[2.488119,49.0022],[2.48851,49.003261],[2.489012,49.004499],[2.489042,49.004644],[2.488998,49.004773],[2.489347,49.005451],[2.489899,49.006869],[2.490142,49.007477],[2.490636,49.008782],[2.4912,49.010247],[2.493196,49.015438],[2.493386,49.01588],[2.493767,49.016606],[2.496131,49.020321],[2.498241,49.023614],[2.4985,49.024036],[2.49985,49.026157],[2.500029,49.026427],[2.502687,49.025768],[2.502621,49.025606],[2.506321,49.02485],[2.507257,49.026754],[2.508948,49.026489],[2.50981,49.028436],[2.509683,49.028722],[2.515589,49.027834],[2.51653,49.027657],[2.518669,49.027345],[2.5238,49.026987],[2.525339,49.026913],[2.529177,49.026741],[2.528827,49.024368],[2.531311,49.024079],[2.53136,49.024186],[2.534938,49.023835],[2.534656,49.021707],[2.535395,49.021651],[2.535348,49.020677],[2.534761,49.019848],[2.534451,49.019863],[2.534278,49.018515],[2.536332,49.01844],[2.537367,49.018458],[2.537426,49.01821],[2.537899,49.01644],[2.537918,49.016435],[2.538317,49.015157],[2.538095,49.015088],[2.538335,49.014256],[2.538814,49.012642],[2.540266,49.011669],[2.540736,49.011412],[2.541251,49.011503],[2.542263,49.011665],[2.542719,49.011724],[2.544853,49.011971],[2.544742,49.013694],[2.545223,49.013684],[2.545058,49.014687],[2.548846,49.014938],[2.549085,49.014949],[2.549364,49.013387],[2.550088,49.011978],[2.553373,49.011911],[2.553493,49.010876],[2.553489,49.010549],[2.553456,49.010141],[2.553079,49.006782],[2.552073,49.006762],[2.548819,49.006704],[2.54926,49.003162],[2.548077,49.00309],[2.547818,49.00505],[2.546944,49.00502],[2.546951,49.004916],[2.54551,49.004827],[2.545049,49.004809],[2.544082,49.004749],[2.54404,49.00564],[2.541152,49.005658],[2.541198,49.006288],[2.538391,49.006217],[2.538375,49.005322],[2.535728,49.005253],[2.535482,49.006586],[2.534426,49.006249],[2.532189,49.005238],[2.531073,49.003112],[2.530201,49.002303],[2.530477,49.00198],[2.530444,49.001913],[2.529641,49.002003],[2.529152,49.000428],[2.527874,49.000452],[2.524412,48.996248],[2.523228,48.994255],[2.522779,48.992144],[2.520452,48.992282],[2.520154,48.9911],[2.518923,48.990952],[2.519142,48.988544],[2.519202,48.987843],[2.516923,48.987614],[2.517006,48.98611],[2.51656,48.986128],[2.516215,48.986102],[2.512257,48.986049],[2.514262,48.982942],[2.514488,48.982646],[2.514554,48.982489],[2.514719,48.982231],[2.510528,48.980622],[2.510744,48.980378],[2.509229,48.979818],[2.508816,48.980592],[2.506343,48.980308],[2.506718,48.979881],[2.504859,48.97879],[2.503995,48.979317],[2.503764,48.979471],[2.501877,48.978535],[2.501026,48.979154],[2.500019,48.979772],[2.500558,48.980652],[2.500584,48.980805],[2.501316,48.981808],[2.501817,48.98279],[2.502402,48.984107],[2.503952,48.986771],[2.502851,48.987029],[2.501809,48.987181],[2.500747,48.987344],[2.499739,48.987554],[2.499036,48.987798],[2.49836,48.988054],[2.497855,48.98817],[2.497039,48.988318],[2.496621,48.988413],[2.495779,48.988624],[2.495332,48.988753],[2.494908,48.988946],[2.494424,48.989238],[2.49391,48.989574],[2.4934,48.989849],[2.493013,48.989932],[2.492778,48.989938],[2.491729,48.990026],[2.491332,48.990074],[2.490739,48.990181],[2.489835,48.990408],[2.489208,48.99054],[2.48865,48.990609],[2.488514,48.990717],[2.487848,48.990463],[2.488715,48.995666],[2.486181,48.996023],[2.484057,48.996684],[2.485756,48.999333]]]}},{"type":"Feature","properties":{"nom":"Ronquerolles","code":"95529","population":907,"codeDepartement":"95"},"geometry":{"type":"Polygon","coordinates":[[[2.186825,49.173415],[2.186983,49.1734],[2.188305,49.173211],[2.188893,49.173134],[2.189055,49.173128],[2.189667,49.17321],[2.190034,49.173302],[2.19066,49.173381],[2.191647,49.173616],[2.192105,49.173646],[2.192639,49.173593],[2.193531,49.17339],[2.19433,49.173141],[2.194854,49.173089],[2.195306,49.173125],[2.195632,49.173221],[2.196011,49.173415],[2.196761,49.174037],[2.196963,49.17423],[2.197158,49.174305],[2.197649,49.174557],[2.198241,49.174832],[2.199054,49.175297],[2.199713,49.174811],[2.200788,49.174293],[2.201253,49.17415],[2.202031,49.17423],[2.202264,49.174366],[2.202355,49.174324],[2.202435,49.174082],[2.202947,49.174061],[2.203278,49.174087],[2.203786,49.174157],[2.203947,49.17421],[2.204363,49.17427],[2.20487,49.174369],[2.20632,49.174594],[2.206482,49.174645],[2.206906,49.174835],[2.207458,49.175005],[2.207731,49.175048],[2.209264,49.175462],[2.209673,49.175528],[2.210359,49.175489],[2.210707,49.175511],[2.211402,49.175613],[2.212204,49.175744],[2.213169,49.175876],[2.212079,49.176525],[2.212225,49.176616],[2.213963,49.177216],[2.213687,49.177531],[2.214484,49.177823],[2.215568,49.17824],[2.215415,49.178419],[2.216823,49.179317],[2.217488,49.179733],[2.21826,49.180384],[2.218646,49.180685],[2.218904,49.180472],[2.219253,49.180146],[2.219823,49.17959],[2.219849,49.179486],[2.220048,49.17919],[2.220817,49.178193],[2.221192,49.177644],[2.221877,49.176709],[2.222506,49.175961],[2.223773,49.173993],[2.224482,49.173713],[2.224876,49.17351],[2.225743,49.172807],[2.226005,49.172643],[2.22626,49.172537],[2.226914,49.172341],[2.227063,49.172312],[2.227767,49.172099],[2.229286,49.171577],[2.230081,49.171219],[2.231505,49.170485],[2.23177,49.17029],[2.23209,49.169918],[2.232463,49.169357],[2.233272,49.168606],[2.233682,49.168316],[2.233993,49.168038],[2.234476,49.167575],[2.234747,49.167258],[2.235385,49.166994],[2.233817,49.166523],[2.234333,49.166027],[2.23291,49.165467],[2.232999,49.165379],[2.232176,49.165022],[2.231469,49.164727],[2.231441,49.164684],[2.23001,49.164259],[2.230449,49.163768],[2.229588,49.1638],[2.229215,49.163796],[2.228669,49.163708],[2.227986,49.163534],[2.227393,49.163302],[2.226318,49.162901],[2.225007,49.162529],[2.224248,49.162382],[2.223726,49.161179],[2.223071,49.159696],[2.220083,49.157001],[2.217189,49.154425],[2.216849,49.154133],[2.216666,49.154217],[2.21613,49.154363],[2.215735,49.154489],[2.214956,49.15487],[2.21423,49.155096],[2.213082,49.155531],[2.211891,49.156037],[2.211412,49.156254],[2.210894,49.15657],[2.208348,49.157313],[2.206682,49.158182],[2.206546,49.158469],[2.20566,49.159452],[2.204241,49.160562],[2.202249,49.162149],[2.200379,49.163372],[2.199843,49.163998],[2.199093,49.164951],[2.198439,49.166462],[2.197052,49.166452],[2.196897,49.167059],[2.197451,49.16748],[2.19806,49.167987],[2.198103,49.168261],[2.198037,49.168518],[2.197938,49.168562],[2.197371,49.168703],[2.196209,49.167998],[2.194868,49.167455],[2.193039,49.168424],[2.190624,49.168591],[2.18909,49.169382],[2.188679,49.169925],[2.18851,49.170208],[2.188149,49.171188],[2.187848,49.171772],[2.187044,49.173187],[2.186825,49.173415]]]}},{"type":"Feature","properties":{"nom":"Sagy","code":"95535","population":1096,"codeDepartement":"95"},"geometry":{"type":"Polygon","coordinates":[[[1.995064,49.063636],[1.994796,49.06336],[1.993996,49.062638],[1.993097,49.061789],[1.992458,49.061212],[1.99468,49.060594],[1.994599,49.060457],[1.993755,49.058596],[1.993205,49.057419],[1.992943,49.056891],[1.992891,49.056743],[1.99216,49.055605],[1.992023,49.055412],[1.991372,49.054683],[1.990538,49.053685],[1.989535,49.052548],[1.989279,49.052282],[1.989146,49.052098],[1.988758,49.051667],[1.988191,49.051141],[1.988013,49.050928],[1.987707,49.050325],[1.987615,49.05002],[1.987476,49.049413],[1.987291,49.048677],[1.987125,49.048068],[1.986911,49.047181],[1.985402,49.042114],[1.984284,49.039875],[1.98457,49.03969],[1.985215,49.039321],[1.983605,49.037804],[1.984624,49.037718],[1.984541,49.036589],[1.984552,49.036448],[1.984505,49.035885],[1.984512,49.035546],[1.984283,49.035616],[1.983709,49.03478],[1.982437,49.035222],[1.981851,49.035314],[1.980311,49.035605],[1.978919,49.035704],[1.976663,49.03558],[1.976373,49.035026],[1.97623,49.034714],[1.974297,49.034648],[1.974274,49.034699],[1.973333,49.034743],[1.972838,49.034738],[1.971943,49.034758],[1.971937,49.034646],[1.968198,49.034844],[1.966646,49.03491],[1.964778,49.034892],[1.963479,49.034906],[1.961673,49.034829],[1.960892,49.034806],[1.960547,49.035147],[1.960193,49.035529],[1.959958,49.035718],[1.959751,49.035847],[1.959084,49.036329],[1.958567,49.0368],[1.957977,49.0374],[1.95774,49.037624],[1.956651,49.038586],[1.955971,49.039135],[1.955859,49.039338],[1.955452,49.039907],[1.955419,49.040017],[1.95517,49.040192],[1.954169,49.040377],[1.953818,49.040416],[1.953261,49.040448],[1.952685,49.040436],[1.952317,49.040401],[1.951391,49.040252],[1.951061,49.040252],[1.950828,49.040414],[1.950428,49.040506],[1.949883,49.04049],[1.948924,49.040369],[1.949144,49.041065],[1.948883,49.041241],[1.949613,49.041619],[1.950052,49.041884],[1.950488,49.042177],[1.949901,49.042365],[1.948924,49.042565],[1.9482,49.042678],[1.94827,49.042817],[1.948053,49.042863],[1.948323,49.043205],[1.948377,49.043741],[1.948365,49.043969],[1.948202,49.044861],[1.947431,49.045043],[1.947424,49.044931],[1.947175,49.044916],[1.947325,49.045674],[1.947631,49.046662],[1.947742,49.047307],[1.94782,49.047378],[1.947879,49.047567],[1.947982,49.047741],[1.948353,49.048579],[1.948604,49.049123],[1.948007,49.048902],[1.947562,49.048689],[1.947205,49.048581],[1.947058,49.04914],[1.946794,49.049527],[1.946569,49.049759],[1.946213,49.050072],[1.946029,49.050307],[1.945476,49.050726],[1.945192,49.051006],[1.94498,49.051132],[1.944811,49.05112],[1.944514,49.050949],[1.94424,49.050961],[1.944097,49.051233],[1.943533,49.051582],[1.943334,49.051746],[1.943096,49.052168],[1.942925,49.052285],[1.942457,49.052381],[1.940345,49.052684],[1.939978,49.052829],[1.940353,49.053424],[1.940939,49.053886],[1.941057,49.054153],[1.940805,49.054224],[1.940313,49.054404],[1.939724,49.054645],[1.941252,49.05631],[1.942018,49.055934],[1.945674,49.059304],[1.945074,49.059531],[1.945814,49.059947],[1.94581,49.059988],[1.94643,49.060257],[1.946835,49.060453],[1.947307,49.060614],[1.947493,49.06079],[1.948435,49.060942],[1.948229,49.061104],[1.948315,49.061219],[1.949317,49.060993],[1.950396,49.062615],[1.950153,49.062721],[1.950127,49.062785],[1.950251,49.062958],[1.950497,49.063375],[1.950799,49.063733],[1.951221,49.06416],[1.951949,49.065035],[1.952052,49.06497],[1.952708,49.064718],[1.953192,49.064509],[1.953474,49.064363],[1.956772,49.067741],[1.957117,49.067604],[1.957701,49.068219],[1.959294,49.069858],[1.960263,49.070816],[1.959605,49.071113],[1.95999,49.071565],[1.960691,49.071509],[1.961494,49.071483],[1.962679,49.071473],[1.963915,49.071436],[1.964679,49.071345],[1.965139,49.071267],[1.96496,49.071097],[1.964646,49.070739],[1.964172,49.070071],[1.963865,49.069603],[1.963426,49.069029],[1.9622,49.067513],[1.962622,49.067379],[1.963684,49.066962],[1.964504,49.066675],[1.966271,49.066112],[1.965925,49.065615],[1.966274,49.065519],[1.966834,49.065483],[1.967642,49.066306],[1.967935,49.066182],[1.968451,49.065907],[1.969311,49.065546],[1.970076,49.065241],[1.969971,49.065459],[1.969321,49.065728],[1.969748,49.066144],[1.970146,49.065312],[1.971392,49.06637],[1.971855,49.066823],[1.971933,49.066924],[1.972744,49.066707],[1.975138,49.066021],[1.975262,49.066232],[1.975891,49.067102],[1.976648,49.068081],[1.977471,49.067882],[1.978729,49.069234],[1.979023,49.069107],[1.980286,49.068621],[1.982258,49.067837],[1.986201,49.066303],[1.986795,49.066059],[1.988229,49.065512],[1.989356,49.065187],[1.992023,49.064449],[1.994778,49.063702],[1.995064,49.063636]]]}},{"type":"Feature","properties":{"nom":"Saint-Brice-sous-Forêt","code":"95539","population":15063,"codeDepartement":"95"},"geometry":{"type":"Polygon","coordinates":[[[2.366071,48.989701],[2.365404,48.98893],[2.365061,48.988638],[2.364501,48.988062],[2.364142,48.987674],[2.364003,48.987557],[2.361859,48.986811],[2.360968,48.986658],[2.360672,48.987406],[2.360437,48.98805],[2.360329,48.988308],[2.360106,48.989008],[2.359774,48.989776],[2.359453,48.990432],[2.359235,48.990292],[2.358308,48.98998],[2.357437,48.989696],[2.357137,48.989561],[2.356985,48.989434],[2.356839,48.989619],[2.356768,48.989862],[2.356792,48.990041],[2.356875,48.991284],[2.356787,48.991344],[2.355762,48.991311],[2.354457,48.991243],[2.353744,48.991195],[2.352194,48.991014],[2.35024,48.9908],[2.350301,48.99177],[2.350382,48.992617],[2.350462,48.993166],[2.350521,48.993415],[2.35025,48.993293],[2.349806,48.99328],[2.348658,48.993368],[2.348106,48.99337],[2.347648,48.993351],[2.347087,48.993349],[2.346267,48.99343],[2.344388,48.993631],[2.344163,48.993628],[2.343274,48.993572],[2.342305,48.993613],[2.341952,48.993705],[2.341334,48.993746],[2.341354,48.993834],[2.341002,48.993844],[2.340639,48.993823],[2.339515,48.993788],[2.339244,48.993605],[2.339265,48.993323],[2.337686,48.993366],[2.337657,48.993314],[2.336997,48.993285],[2.337199,48.993034],[2.337289,48.992798],[2.33695,48.992909],[2.336492,48.993112],[2.336093,48.993377],[2.335824,48.993577],[2.33526,48.994038],[2.334757,48.99439],[2.333853,48.994888],[2.333232,48.995208],[2.332691,48.995445],[2.332417,48.995507],[2.331609,48.995597],[2.331452,48.995643],[2.331641,48.996832],[2.331845,48.996832],[2.332047,48.997517],[2.332396,48.998331],[2.332815,48.998255],[2.332894,48.998889],[2.332894,48.999109],[2.332958,48.999447],[2.332566,48.9995],[2.329932,48.999905],[2.330093,49.000225],[2.330221,49.000325],[2.330804,49.000525],[2.331056,49.000693],[2.331358,49.001516],[2.331515,49.00166],[2.330816,49.001686],[2.330443,49.001734],[2.330027,49.001851],[2.329039,49.002167],[2.328343,49.002475],[2.327857,49.002794],[2.32752,49.002965],[2.327183,49.003163],[2.326698,49.003286],[2.326128,49.003384],[2.324763,49.003915],[2.323897,49.004191],[2.323215,49.004465],[2.32283,49.004664],[2.322269,49.004926],[2.321742,49.005207],[2.321262,49.005396],[2.32061,49.005612],[2.320593,49.005793],[2.320595,49.00642],[2.320676,49.006758],[2.320835,49.007026],[2.320959,49.007466],[2.321015,49.007885],[2.321131,49.008022],[2.321276,49.00839],[2.321378,49.008583],[2.321406,49.008993],[2.321647,49.00929],[2.322006,49.010173],[2.325545,49.00974],[2.325991,49.009713],[2.327154,49.009696],[2.327734,49.009497],[2.328176,49.009238],[2.328493,49.009143],[2.328658,49.009035],[2.328773,49.009017],[2.32909,49.00909],[2.329258,49.009084],[2.329666,49.008955],[2.330183,49.008857],[2.331017,49.008741],[2.331544,49.008541],[2.332417,49.008283],[2.333257,49.008334],[2.333865,49.008341],[2.334053,49.008278],[2.334576,49.008029],[2.335102,49.007868],[2.33594,49.007678],[2.336368,49.007565],[2.337403,49.007318],[2.337704,49.007275],[2.338046,49.007191],[2.338345,49.007079],[2.338498,49.006993],[2.338716,49.006952],[2.339139,49.006935],[2.339729,49.006798],[2.340252,49.006655],[2.34139,49.006365],[2.342176,49.00613],[2.343448,49.005965],[2.343959,49.005909],[2.344566,49.0058],[2.345269,49.005704],[2.345369,49.005916],[2.345809,49.007012],[2.345881,49.00738],[2.346117,49.008156],[2.34623,49.008591],[2.346306,49.008739],[2.346946,49.009802],[2.347077,49.010041],[2.34724,49.010498],[2.34729,49.010581],[2.348775,49.011707],[2.348991,49.011862],[2.349424,49.012304],[2.349696,49.012725],[2.349732,49.01284],[2.350351,49.012986],[2.351783,49.013345],[2.351684,49.013614],[2.352414,49.013824],[2.353487,49.014077],[2.353677,49.014227],[2.354082,49.014478],[2.354789,49.014885],[2.355514,49.015277],[2.356425,49.015704],[2.357098,49.015985],[2.357221,49.016092],[2.357918,49.016459],[2.358359,49.016726],[2.358641,49.016934],[2.359783,49.01787],[2.359934,49.018004],[2.360433,49.018274],[2.360679,49.018512],[2.361132,49.018818],[2.361735,49.019116],[2.362087,49.019305],[2.362884,49.019646],[2.363433,49.020006],[2.363539,49.020058],[2.363605,49.019997],[2.363402,49.019834],[2.363265,49.019657],[2.362987,49.019118],[2.362757,49.018401],[2.362507,49.017841],[2.362289,49.01712],[2.362074,49.016266],[2.362367,49.015337],[2.36258,49.014841],[2.362583,49.014398],[2.362501,49.014055],[2.362307,49.013646],[2.362111,49.013348],[2.36192,49.012951],[2.361705,49.012247],[2.361662,49.011844],[2.361699,49.011265],[2.361739,49.011123],[2.362084,49.010603],[2.362242,49.010429],[2.362633,49.010131],[2.363048,49.009857],[2.363397,49.009571],[2.363724,49.00945],[2.363966,49.009177],[2.364375,49.008438],[2.364587,49.007981],[2.365023,49.00683],[2.365272,49.00646],[2.365727,49.006119],[2.365884,49.005964],[2.366023,49.005763],[2.366169,49.005476],[2.36633,49.005252],[2.366459,49.004942],[2.3665,49.004774],[2.367003,49.003607],[2.367101,49.003345],[2.36711,49.002933],[2.367034,49.002559],[2.366948,49.001994],[2.366961,49.00178],[2.367061,49.001466],[2.367237,49.001164],[2.367649,49.000663],[2.368053,49.00022],[2.368177,49.000046],[2.368473,48.99942],[2.36854,48.999214],[2.36854,48.999083],[2.368448,48.998879],[2.368288,48.998295],[2.368274,48.9979],[2.368305,48.997744],[2.368531,48.997251],[2.369534,48.99625],[2.369866,48.995576],[2.369938,48.995282],[2.369905,48.99495],[2.368899,48.994522],[2.368852,48.994536],[2.368133,48.994238],[2.36754,48.99402],[2.367338,48.99393],[2.365894,48.993384],[2.365235,48.993129],[2.366522,48.992076],[2.36636,48.991902],[2.365509,48.99117],[2.365213,48.990868],[2.36663,48.99024],[2.366593,48.990188],[2.366071,48.989701]]]}},{"type":"Feature","properties":{"nom":"Saint-Clair-sur-Epte","code":"95541","population":964,"codeDepartement":"95"},"geometry":{"type":"Polygon","coordinates":[[[1.670544,49.189911],[1.67069,49.190092],[1.671063,49.190487],[1.671178,49.190755],[1.671446,49.191223],[1.671496,49.191359],[1.671441,49.191621],[1.671152,49.192086],[1.67112,49.192242],[1.671147,49.192489],[1.671122,49.192708],[1.670635,49.193089],[1.670527,49.193277],[1.670541,49.193375],[1.670914,49.19381],[1.671457,49.194245],[1.671815,49.194513],[1.672653,49.195117],[1.673005,49.195348],[1.673352,49.195533],[1.6738,49.195813],[1.674057,49.196024],[1.674801,49.196848],[1.675106,49.197429],[1.675193,49.197637],[1.675254,49.197983],[1.675195,49.198469],[1.675295,49.198785],[1.675648,49.199299],[1.676095,49.199899],[1.676262,49.200145],[1.676376,49.200456],[1.676479,49.201195],[1.676485,49.20192],[1.676528,49.202077],[1.676793,49.202376],[1.676892,49.202532],[1.676901,49.202664],[1.676749,49.20303],[1.676621,49.203586],[1.676484,49.203834],[1.675062,49.204042],[1.674968,49.204066],[1.674761,49.20417],[1.674451,49.204431],[1.674017,49.204688],[1.673815,49.205037],[1.673667,49.205143],[1.673298,49.205225],[1.673156,49.20541],[1.673205,49.205704],[1.673164,49.20589],[1.673207,49.206108],[1.673187,49.206245],[1.672995,49.206332],[1.672387,49.206302],[1.672206,49.206338],[1.672163,49.206457],[1.672247,49.206613],[1.672775,49.207129],[1.672918,49.207623],[1.673086,49.207899],[1.673447,49.208253],[1.674188,49.208832],[1.674174,49.208964],[1.674026,49.209126],[1.673819,49.209268],[1.673758,49.209404],[1.673884,49.209709],[1.674431,49.210386],[1.674515,49.210578],[1.674448,49.210788],[1.674142,49.211136],[1.674072,49.21129],[1.674049,49.211575],[1.673966,49.211898],[1.674189,49.211921],[1.674481,49.211692],[1.674846,49.211669],[1.675415,49.21178],[1.675769,49.211891],[1.676151,49.211868],[1.676493,49.21178],[1.676893,49.211808],[1.677006,49.21188],[1.677015,49.212017],[1.676929,49.212137],[1.676395,49.212518],[1.676424,49.212705],[1.676635,49.212815],[1.676955,49.212836],[1.677306,49.212817],[1.677473,49.212835],[1.677552,49.212919],[1.677538,49.213023],[1.677361,49.213305],[1.677353,49.21355],[1.677523,49.21363],[1.678268,49.213799],[1.678763,49.21395],[1.679179,49.214113],[1.679828,49.21433],[1.680403,49.21468],[1.680787,49.214849],[1.681121,49.215048],[1.681776,49.215675],[1.682456,49.216201],[1.682743,49.216329],[1.683008,49.216401],[1.683741,49.216516],[1.684295,49.216519],[1.68467,49.216577],[1.684789,49.21664],[1.684931,49.216807],[1.685177,49.217227],[1.685486,49.217687],[1.685653,49.217853],[1.68607,49.218148],[1.686442,49.218276],[1.686815,49.21835],[1.687705,49.218434],[1.68837,49.218438],[1.688585,49.21855],[1.688675,49.219],[1.688792,49.219269],[1.688945,49.219499],[1.689506,49.220007],[1.689944,49.220603],[1.690076,49.220698],[1.690855,49.221002],[1.691071,49.221129],[1.691141,49.221233],[1.691103,49.221414],[1.690919,49.221619],[1.690882,49.221721],[1.690852,49.222163],[1.690798,49.222613],[1.690865,49.222984],[1.690924,49.223095],[1.69127,49.223404],[1.691653,49.223588],[1.692194,49.223757],[1.69254,49.223894],[1.692951,49.223951],[1.693818,49.223996],[1.694745,49.22416],[1.695453,49.224273],[1.695949,49.224339],[1.696405,49.224437],[1.6969,49.224368],[1.697154,49.224283],[1.697675,49.224041],[1.697929,49.224042],[1.698181,49.224171],[1.698477,49.224512],[1.698678,49.224868],[1.698708,49.225358],[1.698665,49.225863],[1.698686,49.22606],[1.698757,49.226187],[1.698888,49.22629],[1.699499,49.226539],[1.699776,49.226667],[1.700027,49.226849],[1.700242,49.227041],[1.700886,49.227534],[1.701437,49.227718],[1.701823,49.227824],[1.702255,49.228015],[1.702779,49.228499],[1.703017,49.228659],[1.703245,49.228746],[1.703859,49.228845],[1.703989,49.229036],[1.704013,49.22928],[1.703823,49.229535],[1.703593,49.229618],[1.703091,49.229742],[1.702835,49.229937],[1.702912,49.230063],[1.703614,49.230293],[1.703811,49.230436],[1.703796,49.230623],[1.703612,49.230716],[1.702826,49.230915],[1.702598,49.231013],[1.702508,49.23116],[1.702589,49.231366],[1.702816,49.231486],[1.7034,49.231708],[1.703615,49.231848],[1.70402,49.231958],[1.704307,49.23207],[1.704458,49.232184],[1.704447,49.23231],[1.70435,49.232434],[1.704742,49.232922],[1.704982,49.232956],[1.705097,49.233214],[1.705191,49.233674],[1.705121,49.2338],[1.704876,49.233863],[1.704919,49.234025],[1.705151,49.234109],[1.705281,49.23425],[1.705253,49.234375],[1.706361,49.234231],[1.706669,49.234731],[1.706921,49.235635],[1.707052,49.235806],[1.708245,49.235837],[1.708348,49.235921],[1.708698,49.237122],[1.709151,49.237738],[1.709328,49.238031],[1.709637,49.238667],[1.70971,49.239083],[1.709738,49.239646],[1.70974,49.240256],[1.709672,49.240496],[1.70936,49.241348],[1.70939,49.241488],[1.711497,49.241339],[1.712587,49.24125],[1.712656,49.240665],[1.712669,49.240431],[1.712629,49.240178],[1.712425,49.239345],[1.71237,49.239019],[1.712642,49.238388],[1.713226,49.236932],[1.71321,49.236739],[1.713062,49.236075],[1.713044,49.235862],[1.713169,49.235391],[1.71319,49.235056],[1.713157,49.234786],[1.712885,49.234358],[1.712687,49.234406],[1.71227,49.23361],[1.712171,49.233298],[1.712115,49.23302],[1.712254,49.232997],[1.713256,49.233023],[1.713265,49.232818],[1.713602,49.232789],[1.713775,49.232683],[1.714341,49.232615],[1.714862,49.233024],[1.715298,49.233391],[1.716389,49.233015],[1.718,49.232441],[1.718429,49.232301],[1.719974,49.23175],[1.721184,49.231329],[1.721834,49.23108],[1.723504,49.230507],[1.723685,49.230463],[1.72549,49.230126],[1.725341,49.22983],[1.727458,49.229513],[1.729662,49.229197],[1.730381,49.228932],[1.732147,49.228119],[1.733205,49.226709],[1.733277,49.226541],[1.734826,49.226442],[1.734813,49.226292],[1.736212,49.226277],[1.736202,49.225358],[1.737983,49.225392],[1.737974,49.224959],[1.738371,49.224058],[1.740441,49.224283],[1.740459,49.223669],[1.738836,49.223172],[1.736835,49.222581],[1.735907,49.222294],[1.735163,49.221904],[1.734109,49.221277],[1.734848,49.218847],[1.735075,49.218055],[1.73568,49.216086],[1.73502,49.215988],[1.732263,49.215634],[1.733481,49.211605],[1.733682,49.210959],[1.731604,49.210583],[1.729891,49.210284],[1.730141,49.209656],[1.729369,49.209666],[1.729352,49.209746],[1.728566,49.209728],[1.724067,49.209674],[1.723005,49.209667],[1.722872,49.209679],[1.721981,49.210009],[1.721506,49.209154],[1.720219,49.206809],[1.719805,49.206936],[1.715981,49.207337],[1.714868,49.207444],[1.715991,49.204334],[1.715996,49.204289],[1.715829,49.203592],[1.715833,49.20318],[1.715794,49.203008],[1.71569,49.202827],[1.715526,49.202663],[1.714962,49.202257],[1.714839,49.202281],[1.714128,49.202131],[1.713526,49.202029],[1.713008,49.201979],[1.711625,49.201926],[1.711248,49.201853],[1.709726,49.201438],[1.709286,49.201137],[1.708842,49.200953],[1.708467,49.200739],[1.708091,49.200472],[1.707923,49.200381],[1.706361,49.199471],[1.706084,49.19929],[1.705826,49.19949],[1.705496,49.199824],[1.704704,49.200322],[1.704165,49.200587],[1.703793,49.201131],[1.703729,49.202066],[1.703773,49.202211],[1.703755,49.202554],[1.70384,49.20284],[1.703785,49.203264],[1.703833,49.203673],[1.703719,49.203822],[1.70353,49.204246],[1.703378,49.204504],[1.70307,49.204707],[1.702877,49.205006],[1.702764,49.205046],[1.702471,49.205505],[1.702253,49.205644],[1.702013,49.205931],[1.702696,49.206279],[1.700925,49.208092],[1.699344,49.208157],[1.694732,49.206637],[1.694711,49.206486],[1.694605,49.204942],[1.694615,49.204515],[1.694693,49.203761],[1.694709,49.20314],[1.694701,49.202458],[1.694628,49.201929],[1.694312,49.200919],[1.694181,49.200606],[1.694049,49.200517],[1.692515,49.201218],[1.690413,49.202136],[1.690357,49.202171],[1.689208,49.20264],[1.688161,49.203112],[1.686242,49.200299],[1.68504,49.199353],[1.6842,49.198678],[1.68423,49.198256],[1.684275,49.198088],[1.684354,49.197521],[1.68448,49.197051],[1.684492,49.196918],[1.684086,49.196881],[1.680479,49.194102],[1.680895,49.192106],[1.680943,49.191977],[1.681226,49.190429],[1.683267,49.185606],[1.68113,49.184642],[1.680563,49.184657],[1.680269,49.184622],[1.680293,49.184439],[1.680436,49.184146],[1.680458,49.183797],[1.680637,49.183329],[1.680824,49.18267],[1.678328,49.182633],[1.678378,49.182126],[1.677368,49.182121],[1.677444,49.181471],[1.675208,49.18116],[1.675187,49.181033],[1.674838,49.180936],[1.674798,49.181025],[1.67365,49.180579],[1.673439,49.180957],[1.672827,49.180787],[1.671621,49.180751],[1.67162,49.180954],[1.671715,49.18112],[1.671532,49.181513],[1.671321,49.181817],[1.670944,49.18217],[1.670839,49.182359],[1.670817,49.182849],[1.670737,49.183257],[1.670662,49.183392],[1.670681,49.183606],[1.670823,49.184059],[1.67085,49.184296],[1.67081,49.184472],[1.670458,49.184814],[1.670137,49.184919],[1.669655,49.184979],[1.669503,49.185139],[1.669411,49.185478],[1.669267,49.185736],[1.669195,49.186094],[1.669047,49.186667],[1.669026,49.187089],[1.669184,49.187459],[1.669424,49.187791],[1.669728,49.188066],[1.66975,49.188286],[1.669876,49.188721],[1.670544,49.189911]]]}},{"type":"Feature","properties":{"nom":"Saint-Cyr-en-Arthies","code":"95543","population":236,"codeDepartement":"95"},"geometry":{"type":"Polygon","coordinates":[[[1.735493,49.048737],[1.733474,49.049598],[1.731857,49.050514],[1.731303,49.05117],[1.730782,49.051571],[1.73065,49.051808],[1.730531,49.052207],[1.730392,49.05244],[1.730299,49.052505],[1.727997,49.05331],[1.727703,49.053535],[1.726982,49.053851],[1.725501,49.053903],[1.725199,49.053937],[1.725008,49.054594],[1.723887,49.054906],[1.724156,49.055055],[1.724463,49.055312],[1.72486,49.055537],[1.725197,49.0559],[1.725413,49.056242],[1.725717,49.056809],[1.726085,49.05757],[1.726205,49.057757],[1.726549,49.058134],[1.72699,49.058576],[1.72746,49.059018],[1.727975,49.059449],[1.728277,49.059664],[1.727991,49.060095],[1.728483,49.059936],[1.729386,49.059572],[1.729531,49.060076],[1.729864,49.061558],[1.730074,49.062304],[1.730175,49.062542],[1.734736,49.064807],[1.734491,49.064927],[1.734089,49.065245],[1.734301,49.065424],[1.734313,49.065645],[1.734559,49.065936],[1.734856,49.06611],[1.735008,49.06626],[1.735266,49.066596],[1.735797,49.066364],[1.736693,49.067065],[1.736879,49.067242],[1.737372,49.067776],[1.737625,49.067931],[1.737767,49.068067],[1.737825,49.068264],[1.737818,49.068517],[1.738133,49.068663],[1.738709,49.06901],[1.739019,49.069221],[1.740028,49.070158],[1.740332,49.070481],[1.740725,49.070977],[1.741036,49.071149],[1.741036,49.071502],[1.74087,49.072669],[1.741822,49.072717],[1.742098,49.072746],[1.742806,49.07299],[1.743454,49.073198],[1.743982,49.073179],[1.744491,49.073205],[1.74554,49.073147],[1.745413,49.07286],[1.74633,49.072838],[1.747652,49.07041],[1.747664,49.069487],[1.74778,49.069378],[1.747821,49.069253],[1.748099,49.068674],[1.748251,49.068231],[1.748284,49.066813],[1.748256,49.066333],[1.748191,49.06601],[1.749421,49.065621],[1.749788,49.065494],[1.750624,49.065271],[1.75087,49.065132],[1.751012,49.06519],[1.751266,49.065175],[1.752374,49.065023],[1.752811,49.064987],[1.753256,49.064971],[1.754196,49.065046],[1.755365,49.0652],[1.755499,49.065225],[1.755637,49.065071],[1.755787,49.064838],[1.755924,49.064763],[1.756294,49.064375],[1.756338,49.064288],[1.756703,49.063913],[1.75706,49.064083],[1.757728,49.063462],[1.758423,49.063799],[1.759264,49.063088],[1.757249,49.061842],[1.756788,49.061608],[1.756105,49.061394],[1.755553,49.061125],[1.754235,49.060458],[1.753487,49.060093],[1.753729,49.059984],[1.754237,49.059703],[1.754581,49.059626],[1.754821,49.059546],[1.755138,49.059393],[1.756722,49.058506],[1.757201,49.058325],[1.757489,49.057989],[1.75386,49.056545],[1.753139,49.056032],[1.752727,49.056203],[1.749557,49.053547],[1.750558,49.050872],[1.751187,49.047971],[1.749234,49.048063],[1.749268,49.048143],[1.748,49.048444],[1.747786,49.047924],[1.747153,49.048029],[1.746179,49.048174],[1.745793,49.047527],[1.739344,49.048243],[1.73795,49.048417],[1.735493,49.048737]]]}},{"type":"Feature","properties":{"nom":"Saint-Gervais","code":"95554","population":878,"codeDepartement":"95"},"geometry":{"type":"Polygon","coordinates":[[[1.776392,49.184883],[1.77696,49.185004],[1.777522,49.184027],[1.779227,49.184227],[1.779145,49.184337],[1.7809,49.184543],[1.780929,49.184324],[1.782558,49.184906],[1.782976,49.185038],[1.784149,49.185511],[1.784799,49.185816],[1.785096,49.185567],[1.786702,49.184164],[1.786369,49.183079],[1.787701,49.182259],[1.788631,49.181487],[1.789704,49.18179],[1.790945,49.179969],[1.792833,49.180177],[1.793628,49.180269],[1.79378,49.179487],[1.794257,49.179503],[1.796497,49.179753],[1.796979,49.179816],[1.797765,49.179945],[1.797864,49.178002],[1.79794,49.17525],[1.797937,49.174767],[1.797907,49.174416],[1.797465,49.172249],[1.796498,49.167361],[1.797422,49.166851],[1.798912,49.166076],[1.797041,49.164726],[1.796304,49.164244],[1.795994,49.164138],[1.795388,49.163516],[1.79623,49.163243],[1.79617,49.162843],[1.795986,49.162381],[1.795662,49.162373],[1.795466,49.162428],[1.79516,49.162392],[1.794919,49.162406],[1.794324,49.162388],[1.793671,49.1624],[1.793072,49.162463],[1.792625,49.162576],[1.792245,49.161822],[1.791696,49.161935],[1.790106,49.16268],[1.79007,49.162835],[1.789913,49.162857],[1.789742,49.162439],[1.789676,49.162364],[1.789443,49.161919],[1.789183,49.161638],[1.788417,49.160932],[1.788026,49.161354],[1.787455,49.161103],[1.786894,49.16047],[1.786555,49.160287],[1.783286,49.158612],[1.783159,49.15864],[1.783211,49.158933],[1.783224,49.159228],[1.783091,49.159799],[1.782797,49.160459],[1.782491,49.160955],[1.782309,49.161147],[1.782167,49.161371],[1.78159,49.161997],[1.780116,49.16356],[1.779914,49.163763],[1.779346,49.163514],[1.778712,49.16321],[1.777972,49.162873],[1.777719,49.163006],[1.774695,49.161648],[1.774572,49.161882],[1.774438,49.162209],[1.77417,49.162614],[1.773888,49.162907],[1.773622,49.163061],[1.771937,49.162186],[1.771483,49.161962],[1.770763,49.161559],[1.770262,49.161322],[1.769854,49.161168],[1.773624,49.157729],[1.774275,49.157548],[1.774286,49.157377],[1.773929,49.157216],[1.775878,49.156199],[1.776154,49.156031],[1.775989,49.155956],[1.775567,49.155554],[1.775448,49.155473],[1.775414,49.155293],[1.775457,49.155114],[1.775556,49.154961],[1.775766,49.154747],[1.776583,49.154064],[1.777065,49.153728],[1.77674,49.153665],[1.776607,49.153598],[1.776195,49.153486],[1.775289,49.1531],[1.77464,49.152772],[1.773721,49.152246],[1.773416,49.152143],[1.773088,49.152111],[1.772585,49.152683],[1.77053,49.152161],[1.770446,49.152227],[1.770114,49.152169],[1.769339,49.151991],[1.7692,49.151936],[1.768286,49.151714],[1.767943,49.151579],[1.767834,49.151642],[1.767555,49.151525],[1.756269,49.149615],[1.756352,49.149463],[1.756845,49.148926],[1.756042,49.148845],[1.755501,49.148749],[1.753908,49.148433],[1.753215,49.148244],[1.752945,49.148157],[1.752566,49.148099],[1.752755,49.147533],[1.752759,49.14527],[1.75242,49.145275],[1.751086,49.145507],[1.750436,49.145641],[1.749926,49.145723],[1.749413,49.145825],[1.748759,49.146013],[1.747909,49.146351],[1.747487,49.146482],[1.74694,49.146588],[1.746346,49.146727],[1.743856,49.147129],[1.743562,49.146543],[1.743122,49.146658],[1.74203,49.146839],[1.741259,49.1472],[1.740608,49.147243],[1.739914,49.147305],[1.739103,49.147359],[1.738607,49.147404],[1.738882,49.148305],[1.739447,49.150896],[1.739844,49.15186],[1.740007,49.152037],[1.740466,49.152344],[1.740848,49.152571],[1.741033,49.152721],[1.741278,49.153],[1.741565,49.153526],[1.741725,49.154012],[1.741385,49.154523],[1.741734,49.154564],[1.7415,49.155249],[1.741403,49.155353],[1.7413,49.156162],[1.741284,49.156473],[1.741093,49.157127],[1.740718,49.157834],[1.740245,49.158664],[1.743203,49.161363],[1.744264,49.162497],[1.744199,49.162527],[1.744914,49.163223],[1.742752,49.164073],[1.739853,49.164915],[1.737971,49.165519],[1.737725,49.165369],[1.737057,49.16483],[1.735788,49.165477],[1.734996,49.165823],[1.734022,49.166108],[1.732671,49.166651],[1.732543,49.166345],[1.731852,49.166427],[1.73014,49.167373],[1.729384,49.167043],[1.729217,49.166987],[1.726253,49.16571],[1.726179,49.165653],[1.725933,49.165704],[1.725618,49.165661],[1.724734,49.16545],[1.723567,49.165092],[1.722442,49.164793],[1.721085,49.165835],[1.72043,49.165313],[1.71908,49.165773],[1.717673,49.166289],[1.718668,49.167367],[1.719093,49.167864],[1.720304,49.168958],[1.720562,49.169183],[1.72083,49.169699],[1.721051,49.169966],[1.721395,49.170257],[1.722196,49.171999],[1.722294,49.172413],[1.721826,49.173625],[1.721538,49.174237],[1.721394,49.174374],[1.720807,49.174631],[1.720032,49.175207],[1.720115,49.175299],[1.720332,49.175272],[1.720502,49.175402],[1.720821,49.175807],[1.721173,49.176115],[1.721659,49.176368],[1.723076,49.176907],[1.724513,49.177466],[1.724806,49.177644],[1.724915,49.177586],[1.725106,49.177386],[1.725297,49.177282],[1.725686,49.177119],[1.726076,49.176994],[1.726903,49.176666],[1.727162,49.176836],[1.727354,49.176997],[1.727545,49.177029],[1.728369,49.176944],[1.728723,49.176988],[1.729627,49.176847],[1.730202,49.176628],[1.735587,49.174342],[1.739699,49.177604],[1.742396,49.17984],[1.75093,49.176238],[1.751845,49.175805],[1.752362,49.175469],[1.753181,49.175322],[1.754858,49.174591],[1.757768,49.175907],[1.759353,49.176607],[1.761933,49.177779],[1.765001,49.179156],[1.765933,49.179581],[1.766951,49.180033],[1.767169,49.180091],[1.768815,49.180777],[1.76997,49.181265],[1.772088,49.182138],[1.776864,49.18415],[1.776392,49.184883]]]}},{"type":"Feature","properties":{"nom":"Saint-Gratien","code":"95555","population":21336,"codeDepartement":"95"},"geometry":{"type":"Polygon","coordinates":[[[2.273392,48.976675],[2.273661,48.976592],[2.273843,48.976779],[2.274592,48.976436],[2.275041,48.976212],[2.275785,48.975913],[2.276109,48.975825],[2.276474,48.975786],[2.276699,48.97581],[2.277322,48.976005],[2.278076,48.976202],[2.27895,48.976332],[2.280027,48.976507],[2.280697,48.976653],[2.281043,48.976742],[2.281693,48.976877],[2.28224,48.977025],[2.282605,48.977206],[2.282633,48.97751],[2.283298,48.977482],[2.286666,48.977222],[2.288259,48.977087],[2.289621,48.976984],[2.289872,48.977219],[2.289927,48.977332],[2.291135,48.976966],[2.291632,48.976772],[2.29164,48.976255],[2.293341,48.976378],[2.293423,48.976431],[2.293867,48.976517],[2.29409,48.976652],[2.294202,48.976678],[2.294561,48.976569],[2.294592,48.976532],[2.295053,48.976347],[2.295352,48.976195],[2.295923,48.976029],[2.297149,48.975834],[2.297639,48.975002],[2.29692,48.974821],[2.296655,48.974766],[2.295858,48.974553],[2.295693,48.974401],[2.295588,48.974184],[2.295657,48.973362],[2.295649,48.973026],[2.295586,48.972732],[2.295392,48.972432],[2.295004,48.972174],[2.294045,48.971913],[2.293461,48.971696],[2.29323,48.971582],[2.293032,48.97141],[2.292966,48.971158],[2.293154,48.970834],[2.293407,48.970551],[2.293762,48.970232],[2.294149,48.96995],[2.294322,48.969853],[2.29498,48.969555],[2.294743,48.969563],[2.294216,48.969519],[2.293863,48.969424],[2.293024,48.969141],[2.292927,48.968988],[2.293064,48.968773],[2.293679,48.968499],[2.294304,48.968243],[2.294975,48.968004],[2.296527,48.967421],[2.297327,48.966994],[2.297704,48.966825],[2.298153,48.966655],[2.298876,48.966305],[2.298561,48.966159],[2.294911,48.964209],[2.292724,48.963044],[2.292091,48.962731],[2.29033,48.961708],[2.289229,48.959933],[2.288926,48.959435],[2.28833,48.958384],[2.288365,48.959022],[2.288364,48.959379],[2.288429,48.959828],[2.288174,48.959858],[2.283042,48.959454],[2.282777,48.960088],[2.28182,48.959934],[2.280177,48.959682],[2.279974,48.959663],[2.279772,48.959701],[2.279914,48.959998],[2.279893,48.960385],[2.279728,48.961205],[2.279309,48.961183],[2.279229,48.961827],[2.278442,48.961843],[2.27676,48.962007],[2.276541,48.962038],[2.276531,48.963491],[2.276101,48.963478],[2.276277,48.96404],[2.275474,48.964083],[2.274502,48.964042],[2.274193,48.963957],[2.274524,48.965009],[2.275264,48.964907],[2.275335,48.965245],[2.273957,48.965376],[2.273615,48.965443],[2.274209,48.967142],[2.274733,48.967051],[2.274963,48.966993],[2.27528,48.967395],[2.275369,48.967563],[2.276066,48.96854],[2.275074,48.968815],[2.27526,48.969235],[2.273814,48.969861],[2.273947,48.970125],[2.273003,48.970315],[2.273538,48.971164],[2.27345,48.971156],[2.274051,48.972287],[2.273502,48.972433],[2.273552,48.972555],[2.273162,48.972631],[2.271092,48.973064],[2.271962,48.974217],[2.272197,48.974514],[2.271635,48.974837],[2.272377,48.9756],[2.272405,48.975666],[2.273392,48.976675]]]}},{"type":"Feature","properties":{"nom":"Saint-Leu-la-Forêt","code":"95563","population":16138,"codeDepartement":"95"},"geometry":{"type":"Polygon","coordinates":[[[2.25292,49.04138],[2.253575,49.041216],[2.25379,49.041203],[2.253941,49.041152],[2.255386,49.040762],[2.255871,49.040609],[2.256146,49.040565],[2.256661,49.040446],[2.256965,49.040345],[2.257287,49.04027],[2.257499,49.040193],[2.257875,49.040115],[2.258189,49.040022],[2.257676,49.037097],[2.255557,49.025008],[2.256636,49.024551],[2.257574,49.024122],[2.257415,49.023779],[2.259286,49.022497],[2.259906,49.022098],[2.260104,49.021926],[2.260348,49.021763],[2.260739,49.021569],[2.261127,49.021301],[2.261299,49.02121],[2.261427,49.021051],[2.261843,49.020636],[2.261885,49.020232],[2.262105,49.019871],[2.26214,49.019695],[2.261532,49.019255],[2.256997,49.016271],[2.257081,49.016257],[2.256411,49.01571],[2.256256,49.01555],[2.256109,49.01533],[2.255217,49.012836],[2.255406,49.012196],[2.255544,49.011631],[2.255785,49.010748],[2.255649,49.008846],[2.253897,49.006624],[2.253725,49.006369],[2.253244,49.005852],[2.252905,49.004523],[2.252612,49.003451],[2.252461,49.002808],[2.252207,49.001853],[2.251291,49.001118],[2.250945,49.000924],[2.250627,49.000803],[2.249045,49.001919],[2.248696,49.002176],[2.247731,49.002847],[2.246395,49.003825],[2.246405,49.003855],[2.246242,49.004767],[2.245962,49.005311],[2.246145,49.005465],[2.245663,49.005667],[2.24547,49.005907],[2.244932,49.006341],[2.244113,49.006919],[2.243268,49.007371],[2.242786,49.007578],[2.242221,49.007759],[2.240776,49.008127],[2.23673,49.009069],[2.235408,49.009387],[2.23419,49.009713],[2.23358,49.009847],[2.233563,49.009652],[2.231626,49.010083],[2.229717,49.01041],[2.225462,49.011392],[2.224643,49.011594],[2.223896,49.011796],[2.225012,49.01287],[2.226552,49.014305],[2.226591,49.01391],[2.22654,49.013646],[2.227525,49.013054],[2.227566,49.012912],[2.230264,49.014487],[2.230336,49.014577],[2.230835,49.014856],[2.231166,49.015012],[2.231714,49.015486],[2.232075,49.015695],[2.232342,49.015913],[2.232952,49.016644],[2.233421,49.017134],[2.233847,49.017537],[2.234042,49.017814],[2.234298,49.017752],[2.234865,49.018456],[2.235183,49.018419],[2.235577,49.019045],[2.235642,49.019178],[2.235983,49.019725],[2.236255,49.020118],[2.236436,49.020468],[2.237342,49.021522],[2.237469,49.021479],[2.237897,49.021965],[2.238028,49.022073],[2.238444,49.022322],[2.238923,49.022699],[2.239343,49.023063],[2.23964,49.023275],[2.239825,49.023372],[2.239971,49.023504],[2.240143,49.023956],[2.240254,49.024137],[2.240339,49.02438],[2.240377,49.02459],[2.240515,49.024977],[2.240622,49.025113],[2.24088,49.025348],[2.240908,49.025441],[2.242507,49.027271],[2.242565,49.027896],[2.242686,49.028184],[2.24256,49.028309],[2.242339,49.029307],[2.243006,49.032037],[2.243746,49.035154],[2.244485,49.038289],[2.247712,49.037335],[2.248572,49.03707],[2.250582,49.03649],[2.251629,49.036178],[2.252825,49.035833],[2.252903,49.036218],[2.25282,49.036481],[2.252646,49.03676],[2.252546,49.037058],[2.252457,49.037185],[2.252026,49.037601],[2.251836,49.037968],[2.251714,49.038636],[2.251594,49.038949],[2.251511,49.03924],[2.251514,49.039408],[2.251584,49.039612],[2.251709,49.039825],[2.251868,49.039996],[2.252128,49.040206],[2.252655,49.040517],[2.252895,49.040703],[2.253007,49.040842],[2.253009,49.040994],[2.25292,49.04138]]]}},{"type":"Feature","properties":{"nom":"Saint-Martin-du-Tertre","code":"95566","population":2689,"codeDepartement":"95"},"geometry":{"type":"Polygon","coordinates":[[[2.349666,49.081063],[2.349577,49.080782],[2.34938,49.080765],[2.349217,49.080409],[2.348584,49.079249],[2.347456,49.078987],[2.347037,49.078869],[2.346029,49.078661],[2.345529,49.0785],[2.34466,49.078162],[2.343842,49.07791],[2.343064,49.077726],[2.342132,49.077556],[2.341659,49.077489],[2.340868,49.077356],[2.339228,49.076913],[2.338874,49.076817],[2.336659,49.080684],[2.336358,49.081321],[2.334952,49.08123],[2.335186,49.081517],[2.335322,49.082037],[2.33501,49.082282],[2.334885,49.082513],[2.334739,49.082883],[2.332638,49.082364],[2.332389,49.082256],[2.330667,49.082131],[2.33066,49.08225],[2.331083,49.082552],[2.331121,49.082649],[2.3306,49.08359],[2.330858,49.083664],[2.33116,49.084532],[2.332119,49.084671],[2.332414,49.084617],[2.3323,49.08587],[2.331161,49.085837],[2.331159,49.086178],[2.334365,49.08623],[2.332404,49.088852],[2.331838,49.088407],[2.330988,49.087792],[2.330887,49.087681],[2.330765,49.087431],[2.330391,49.087809],[2.329704,49.087755],[2.329848,49.087531],[2.328662,49.08737],[2.327518,49.087118],[2.326156,49.086186],[2.324566,49.087024],[2.324174,49.087529],[2.324182,49.087638],[2.324353,49.087732],[2.325204,49.088861],[2.325583,49.08941],[2.326129,49.090379],[2.326812,49.090335],[2.327415,49.090758],[2.32788,49.091443],[2.3249,49.092293],[2.324732,49.092388],[2.324796,49.092516],[2.324744,49.092637],[2.324528,49.092734],[2.324167,49.092962],[2.323775,49.093108],[2.323635,49.093252],[2.32348,49.093503],[2.323389,49.093555],[2.322969,49.093578],[2.322357,49.093746],[2.321837,49.093838],[2.321268,49.093978],[2.320859,49.094022],[2.320129,49.094177],[2.319955,49.094257],[2.319604,49.094559],[2.319602,49.094651],[2.319482,49.094948],[2.3194,49.095233],[2.319127,49.095596],[2.318511,49.095669],[2.318267,49.095683],[2.317924,49.095572],[2.317007,49.095955],[2.316819,49.095965],[2.316573,49.096026],[2.315669,49.096311],[2.315176,49.096509],[2.315034,49.096603],[2.31405,49.097036],[2.313812,49.097122],[2.313173,49.097305],[2.312582,49.097441],[2.312201,49.09757],[2.312414,49.097886],[2.312222,49.097951],[2.31196,49.098105],[2.311759,49.09833],[2.311583,49.098454],[2.310994,49.098812],[2.310915,49.098927],[2.310751,49.098974],[2.309998,49.0991],[2.309826,49.099167],[2.309612,49.099319],[2.309487,49.099336],[2.309285,49.099438],[2.308826,49.099623],[2.308503,49.099805],[2.309743,49.100385],[2.310267,49.100644],[2.310115,49.100906],[2.309773,49.101308],[2.309692,49.101523],[2.309368,49.102013],[2.308982,49.102318],[2.308779,49.102419],[2.308949,49.103633],[2.308453,49.104163],[2.309224,49.104839],[2.309498,49.105181],[2.30991,49.105759],[2.310235,49.1061],[2.310502,49.106314],[2.310636,49.106548],[2.311202,49.107059],[2.311634,49.107423],[2.311763,49.107673],[2.311853,49.107924],[2.311901,49.108215],[2.312017,49.108393],[2.312448,49.108627],[2.312764,49.108719],[2.31321,49.108891],[2.313288,49.108965],[2.314494,49.109234],[2.315247,49.109455],[2.31548,49.109541],[2.315006,49.110054],[2.313946,49.111292],[2.313773,49.111482],[2.313468,49.111752],[2.312955,49.112085],[2.312297,49.112556],[2.311796,49.112882],[2.311481,49.113041],[2.311123,49.113324],[2.310504,49.113726],[2.310893,49.113921],[2.312413,49.114638],[2.315478,49.116069],[2.317344,49.116924],[2.318628,49.117539],[2.31876,49.117593],[2.318789,49.117685],[2.318849,49.118247],[2.319451,49.121338],[2.319471,49.121538],[2.319586,49.122195],[2.31972,49.122694],[2.319902,49.123721],[2.320062,49.124856],[2.320345,49.124792],[2.321383,49.124597],[2.322876,49.124302],[2.333164,49.122246],[2.333302,49.122234],[2.33406,49.122094],[2.334381,49.122267],[2.335575,49.122801],[2.336786,49.123312],[2.337294,49.122592],[2.337803,49.121801],[2.338415,49.12081],[2.339056,49.119879],[2.340544,49.118478],[2.341336,49.117657],[2.342017,49.117573],[2.342863,49.117449],[2.344323,49.117278],[2.34453,49.117244],[2.346877,49.117015],[2.348826,49.116776],[2.348835,49.117002],[2.348912,49.117246],[2.349014,49.117434],[2.348944,49.117671],[2.34898,49.117823],[2.349153,49.117935],[2.349386,49.118013],[2.349726,49.118241],[2.349885,49.118287],[2.350121,49.118418],[2.350429,49.118664],[2.350549,49.11901],[2.35077,49.119188],[2.351797,49.11988],[2.352291,49.120132],[2.352393,49.120292],[2.352861,49.120539],[2.353007,49.120636],[2.353512,49.120887],[2.353989,49.121163],[2.354587,49.121569],[2.355931,49.120789],[2.356154,49.1206],[2.356334,49.120073],[2.356398,49.11982],[2.356363,49.119627],[2.356378,49.119196],[2.356461,49.118898],[2.356504,49.118508],[2.356505,49.118163],[2.356457,49.11769],[2.356367,49.117512],[2.356365,49.117278],[2.356232,49.116602],[2.356039,49.116026],[2.355567,49.115042],[2.355478,49.114793],[2.355426,49.114542],[2.355352,49.113889],[2.355244,49.113587],[2.355172,49.113116],[2.355259,49.111958],[2.355687,49.111979],[2.355749,49.1118],[2.357799,49.111763],[2.35768,49.110952],[2.357961,49.110945],[2.358671,49.110991],[2.358336,49.109962],[2.358641,49.109928],[2.359466,49.109888],[2.360612,49.109805],[2.360083,49.108948],[2.360945,49.108849],[2.36011,49.10763],[2.361357,49.107099],[2.361489,49.107066],[2.36213,49.106759],[2.360045,49.106207],[2.36002,49.106146],[2.35909,49.104627],[2.358277,49.103217],[2.358016,49.102622],[2.356337,49.100219],[2.355826,49.099478],[2.354593,49.097961],[2.353249,49.09628],[2.352577,49.095464],[2.352555,49.095378],[2.352211,49.094972],[2.351938,49.094587],[2.351754,49.094375],[2.34728,49.091976],[2.347558,49.091429],[2.346616,49.090868],[2.346814,49.090493],[2.346018,49.089877],[2.344936,49.090024],[2.344776,49.090035],[2.343844,49.089974],[2.343707,49.089148],[2.343882,49.089155],[2.343874,49.088816],[2.345641,49.088756],[2.345117,49.088355],[2.344589,49.08789],[2.344676,49.087838],[2.344407,49.087672],[2.346318,49.086179],[2.346841,49.086524],[2.34678,49.086152],[2.347746,49.084631],[2.348388,49.083457],[2.348545,49.083371],[2.349024,49.083175],[2.34928,49.083039],[2.349545,49.082859],[2.349998,49.082419],[2.35033,49.082031],[2.350466,49.081781],[2.350089,49.081871],[2.349892,49.081512],[2.349823,49.081335],[2.349666,49.081063]]]}},{"type":"Feature","properties":{"nom":"Saint-Ouen-l'Aumône","code":"95572","population":25578,"codeDepartement":"95"},"geometry":{"type":"Polygon","coordinates":[[[2.12864,49.022873],[2.128242,49.023292],[2.127928,49.023598],[2.127777,49.023685],[2.127345,49.024055],[2.125627,49.025686],[2.12239,49.029341],[2.119118,49.026928],[2.116082,49.024614],[2.116116,49.023945],[2.11606,49.023163],[2.113785,49.025469],[2.11033,49.027521],[2.109163,49.028259],[2.108872,49.028408],[2.108654,49.028449],[2.108359,49.02842],[2.107344,49.029021],[2.107277,49.028998],[2.107139,49.030117],[2.107277,49.030395],[2.107234,49.030613],[2.10443,49.031741],[2.103716,49.033254],[2.100723,49.034401],[2.100627,49.034431],[2.098674,49.035208],[2.097701,49.035622],[2.096549,49.035833],[2.096076,49.035886],[2.095569,49.036032],[2.096448,49.037493],[2.096639,49.037722],[2.097319,49.038361],[2.097528,49.038674],[2.097853,49.039079],[2.098141,49.039396],[2.0983,49.039666],[2.098324,49.04016],[2.09841,49.041179],[2.098353,49.041579],[2.098346,49.042114],[2.098419,49.042685],[2.098635,49.043129],[2.100417,49.045902],[2.100767,49.046418],[2.102935,49.047744],[2.103528,49.048813],[2.10736,49.050435],[2.108586,49.051046],[2.109286,49.051445],[2.109868,49.051822],[2.110003,49.051932],[2.110295,49.052386],[2.11045,49.052574],[2.110897,49.052938],[2.111362,49.053252],[2.111893,49.053577],[2.112415,49.053927],[2.113562,49.054676],[2.114334,49.055267],[2.115125,49.055857],[2.115748,49.056388],[2.116474,49.057027],[2.117112,49.057723],[2.117702,49.058396],[2.117997,49.058668],[2.1193,49.059769],[2.11969,49.060083],[2.120463,49.060584],[2.12098,49.060861],[2.121503,49.061179],[2.122491,49.061741],[2.123115,49.062038],[2.123724,49.062373],[2.124413,49.062724],[2.125212,49.063148],[2.126002,49.063529],[2.127005,49.063997],[2.127426,49.064181],[2.128052,49.064406],[2.128683,49.064662],[2.129207,49.064902],[2.129976,49.065382],[2.130527,49.065773],[2.13106,49.066122],[2.131595,49.066371],[2.132172,49.066588],[2.132892,49.066805],[2.134005,49.067029],[2.134699,49.0671],[2.135485,49.067125],[2.135927,49.067116],[2.136373,49.067084],[2.136972,49.066988],[2.138725,49.066609],[2.139253,49.066526],[2.139734,49.066473],[2.140378,49.066434],[2.140987,49.06643],[2.141571,49.066455],[2.141627,49.066275],[2.141873,49.0661],[2.142519,49.066039],[2.143672,49.066027],[2.144509,49.066028],[2.1462,49.065996],[2.147012,49.065994],[2.148023,49.065962],[2.148507,49.065901],[2.149285,49.065731],[2.149244,49.065465],[2.149153,49.065178],[2.148961,49.064758],[2.148783,49.064628],[2.14823,49.064365],[2.147548,49.064017],[2.147068,49.063733],[2.145388,49.062603],[2.145303,49.06248],[2.145177,49.062138],[2.146211,49.061971],[2.146793,49.061956],[2.147567,49.062064],[2.147877,49.061562],[2.14838,49.06166],[2.148607,49.061164],[2.149109,49.061273],[2.150019,49.061447],[2.150491,49.061597],[2.150579,49.061507],[2.150847,49.06133],[2.151077,49.061245],[2.152627,49.057009],[2.153372,49.051908],[2.151493,49.051628],[2.15155,49.050135],[2.150444,49.049944],[2.150452,49.049862],[2.15018,49.049864],[2.149306,49.049828],[2.149393,49.04877],[2.149459,49.048524],[2.149847,49.048525],[2.150103,49.047949],[2.150329,49.047528],[2.150777,49.046975],[2.150786,49.046842],[2.151082,49.0469],[2.151698,49.045786],[2.152106,49.045927],[2.152943,49.044532],[2.154358,49.043939],[2.156341,49.043217],[2.156515,49.043143],[2.159782,49.041913],[2.163067,49.040664],[2.162076,49.04003],[2.161604,49.039798],[2.156979,49.036963],[2.156514,49.036608],[2.155655,49.036217],[2.151733,49.033765],[2.149236,49.032472],[2.143163,49.03005],[2.140753,49.029084],[2.139814,49.028749],[2.13971,49.028673],[2.138128,49.028041],[2.137967,49.027961],[2.137123,49.02764],[2.135558,49.027016],[2.12864,49.022873]]]}},{"type":"Feature","properties":{"nom":"Saint-Prix","code":"95574","population":7612,"codeDepartement":"95"},"geometry":{"type":"Polygon","coordinates":[[[2.293689,49.030408],[2.294602,49.029973],[2.295553,49.029486],[2.296396,49.029068],[2.297254,49.028622],[2.297336,49.028531],[2.297024,49.027945],[2.296855,49.027805],[2.296475,49.027637],[2.295665,49.027224],[2.295192,49.027001],[2.294883,49.026883],[2.294696,49.026984],[2.294249,49.027357],[2.294098,49.027504],[2.293648,49.028089],[2.293255,49.028523],[2.293095,49.028735],[2.292677,49.027486],[2.292418,49.026634],[2.29231,49.026408],[2.292152,49.026162],[2.292086,49.025938],[2.292095,49.025684],[2.292077,49.025166],[2.291965,49.024765],[2.291764,49.024371],[2.291499,49.024041],[2.29121,49.023784],[2.290972,49.023463],[2.290229,49.022505],[2.28989,49.02224],[2.289278,49.021604],[2.289094,49.021359],[2.288307,49.021975],[2.287441,49.021559],[2.287316,49.022468],[2.286007,49.022635],[2.285881,49.020303],[2.285483,49.020165],[2.28498,49.020067],[2.284602,49.019895],[2.284213,49.019651],[2.283066,49.018735],[2.282239,49.018137],[2.281075,49.017372],[2.280749,49.017215],[2.28108,49.016891],[2.281127,49.016804],[2.281125,49.016245],[2.281105,49.015727],[2.28115,49.015414],[2.281231,49.015212],[2.281584,49.014469],[2.281646,49.014195],[2.281649,49.014027],[2.281586,49.013247],[2.28157,49.012841],[2.281578,49.012184],[2.281529,49.01187],[2.281405,49.011632],[2.280969,49.011019],[2.280711,49.010614],[2.279758,49.010911],[2.279675,49.010802],[2.279283,49.010927],[2.278924,49.010427],[2.278566,49.009467],[2.277896,49.008569],[2.27728,49.008743],[2.277069,49.00855],[2.276744,49.008065],[2.276259,49.007657],[2.275551,49.007927],[2.275357,49.007712],[2.275203,49.007773],[2.274928,49.007404],[2.274177,49.007664],[2.273214,49.006442],[2.272971,49.006505],[2.272495,49.006694],[2.272197,49.006428],[2.271119,49.005356],[2.270433,49.004655],[2.267273,49.001555],[2.2667,49.000845],[2.266211,49.00096],[2.265769,49.000996],[2.265097,49.000945],[2.264235,49.000825],[2.264225,49.0005],[2.26394,48.999661],[2.263362,48.998127],[2.262501,48.998421],[2.261518,48.99874],[2.260803,48.998909],[2.258733,48.999476],[2.258508,48.999495],[2.258238,48.999605],[2.257197,48.999813],[2.256923,48.999857],[2.256446,48.999888],[2.256129,49.000253],[2.255519,49.000565],[2.254695,49.000969],[2.253271,49.001623],[2.25249,49.001808],[2.252207,49.001853],[2.252461,49.002808],[2.252612,49.003451],[2.252905,49.004523],[2.253244,49.005852],[2.253725,49.006369],[2.253897,49.006624],[2.255649,49.008846],[2.255785,49.010748],[2.255544,49.011631],[2.255406,49.012196],[2.255217,49.012836],[2.256109,49.01533],[2.256256,49.01555],[2.256411,49.01571],[2.257081,49.016257],[2.256997,49.016271],[2.261532,49.019255],[2.26214,49.019695],[2.262105,49.019871],[2.261885,49.020232],[2.261843,49.020636],[2.261427,49.021051],[2.261299,49.02121],[2.261127,49.021301],[2.260739,49.021569],[2.260348,49.021763],[2.260104,49.021926],[2.259906,49.022098],[2.259286,49.022497],[2.257415,49.023779],[2.257574,49.024122],[2.256636,49.024551],[2.255557,49.025008],[2.257676,49.037097],[2.258189,49.040022],[2.259792,49.039582],[2.260642,49.039357],[2.261348,49.039159],[2.261956,49.039014],[2.262785,49.038795],[2.263128,49.038727],[2.263326,49.038631],[2.264385,49.038566],[2.266214,49.03849],[2.267908,49.038451],[2.268922,49.038122],[2.269603,49.037929],[2.270445,49.037647],[2.271026,49.037479],[2.271551,49.037312],[2.272395,49.037024],[2.273655,49.036643],[2.27462,49.036341],[2.275106,49.036208],[2.275751,49.036002],[2.276472,49.035818],[2.276599,49.035816],[2.276849,49.035736],[2.277281,49.03554],[2.278419,49.035169],[2.27946,49.034839],[2.280688,49.034473],[2.282434,49.033913],[2.282908,49.033768],[2.283181,49.033626],[2.283262,49.033536],[2.283427,49.033118],[2.284444,49.033106],[2.285301,49.03311],[2.285587,49.03304],[2.286455,49.03267],[2.287034,49.032494],[2.287913,49.032201],[2.290077,49.031577],[2.290595,49.031393],[2.292603,49.030757],[2.293306,49.030548],[2.293689,49.030408]]]}},{"type":"Feature","properties":{"nom":"Saint-Witz","code":"95580","population":2724,"codeDepartement":"95"},"geometry":{"type":"Polygon","coordinates":[[[2.580135,49.089843],[2.57973,49.089504],[2.578347,49.088322],[2.577743,49.087819],[2.579813,49.086794],[2.580179,49.086774],[2.580433,49.086697],[2.580077,49.086318],[2.579297,49.085688],[2.579219,49.084941],[2.578896,49.0844],[2.579034,49.084361],[2.578899,49.084253],[2.580219,49.083831],[2.580468,49.083722],[2.580661,49.083523],[2.581735,49.083092],[2.582693,49.082447],[2.582976,49.080665],[2.58245,49.080445],[2.582151,49.080414],[2.581185,49.080149],[2.580904,49.080056],[2.579914,49.079779],[2.579698,49.079909],[2.579363,49.080038],[2.579131,49.08033],[2.576566,49.079482],[2.577142,49.078673],[2.577243,49.07851],[2.572339,49.076997],[2.572612,49.076758],[2.572881,49.076591],[2.57273,49.07651],[2.568864,49.075524],[2.568277,49.076234],[2.567493,49.077205],[2.565587,49.076511],[2.560862,49.078456],[2.557365,49.078311],[2.55723,49.078474],[2.555053,49.078297],[2.553585,49.078783],[2.55244,49.079738],[2.551345,49.079042],[2.549944,49.079723],[2.548957,49.078424],[2.548521,49.076843],[2.54916,49.076709],[2.548587,49.074255],[2.548892,49.074257],[2.548785,49.073884],[2.548778,49.073554],[2.548741,49.073386],[2.548573,49.072942],[2.548554,49.072732],[2.547543,49.070749],[2.546568,49.071021],[2.546419,49.070726],[2.542896,49.071071],[2.542384,49.071189],[2.540842,49.071901],[2.540718,49.07295],[2.540609,49.073063],[2.540129,49.074906],[2.540033,49.075483],[2.539966,49.075547],[2.539126,49.075506],[2.539425,49.076588],[2.538959,49.076601],[2.538974,49.077883],[2.537049,49.078176],[2.535811,49.077005],[2.535077,49.078921],[2.53482,49.079929],[2.529254,49.07845],[2.529475,49.080563],[2.526673,49.08034],[2.526225,49.081276],[2.524813,49.081373],[2.524648,49.082396],[2.524508,49.083897],[2.523579,49.085945],[2.52377,49.087314],[2.52472,49.087319],[2.5245,49.090506],[2.524581,49.091316],[2.524657,49.091887],[2.524739,49.098022],[2.52624,49.097642],[2.528307,49.09649],[2.529878,49.096179],[2.530926,49.095842],[2.530535,49.091912],[2.531135,49.091881],[2.531805,49.091865],[2.532782,49.091796],[2.535373,49.091525],[2.53573,49.091537],[2.536765,49.09168],[2.53805,49.091905],[2.53943,49.092213],[2.539724,49.092263],[2.540425,49.09244],[2.543495,49.0922],[2.544696,49.091582],[2.54571,49.090813],[2.545788,49.091918],[2.54555,49.092703],[2.546087,49.092705],[2.546201,49.092029],[2.548099,49.09229],[2.548109,49.091759],[2.549705,49.091611],[2.55011,49.091848],[2.549749,49.092546],[2.550458,49.092752],[2.549326,49.094727],[2.550265,49.094938],[2.549382,49.096046],[2.550695,49.096407],[2.551208,49.095789],[2.551923,49.095872],[2.552591,49.095869],[2.552824,49.095844],[2.55373,49.09567],[2.554913,49.095745],[2.556005,49.09588],[2.556857,49.095956],[2.55738,49.095965],[2.558368,49.096699],[2.55893,49.097092],[2.559079,49.097115],[2.559228,49.097294],[2.559592,49.097537],[2.55991,49.097772],[2.560376,49.097408],[2.560339,49.097357],[2.560893,49.096994],[2.562353,49.097776],[2.563415,49.097138],[2.563958,49.096574],[2.564262,49.096298],[2.564964,49.095266],[2.56522,49.094859],[2.56702,49.094087],[2.567899,49.094757],[2.568974,49.094323],[2.569252,49.094646],[2.569585,49.09494],[2.570441,49.094567],[2.571016,49.095127],[2.5711,49.095111],[2.572718,49.094427],[2.57293,49.094283],[2.572138,49.093376],[2.573504,49.093434],[2.573828,49.093459],[2.57435,49.09343],[2.574655,49.093375],[2.575068,49.093174],[2.57625,49.092773],[2.576544,49.092639],[2.576977,49.092626],[2.577091,49.0926],[2.577631,49.092361],[2.578082,49.092142],[2.578584,49.091982],[2.578718,49.091735],[2.578934,49.091593],[2.579115,49.091559],[2.578967,49.091414],[2.578828,49.091184],[2.578904,49.09107],[2.579167,49.090807],[2.579063,49.090755],[2.580135,49.089843]]]}},{"type":"Feature","properties":{"nom":"Sannois","code":"95582","population":26924,"codeDepartement":"95"},"geometry":{"type":"Polygon","coordinates":[[[2.225733,48.971025],[2.225919,48.971259],[2.226087,48.971557],[2.226235,48.971715],[2.226715,48.971952],[2.22716,48.971981],[2.227412,48.972088],[2.227423,48.9722],[2.228758,48.972877],[2.228925,48.972763],[2.2293,48.97229],[2.229941,48.972511],[2.230062,48.972568],[2.230819,48.97276],[2.231757,48.973074],[2.232186,48.973297],[2.232885,48.973365],[2.233301,48.973444],[2.233702,48.973485],[2.233832,48.973523],[2.235154,48.973706],[2.235608,48.97375],[2.236104,48.973757],[2.236557,48.97381],[2.236477,48.974344],[2.236492,48.974696],[2.236509,48.975742],[2.236631,48.97676],[2.236753,48.977394],[2.236806,48.97793],[2.236914,48.978386],[2.237034,48.978638],[2.237246,48.978996],[2.236192,48.979321],[2.23592,48.979615],[2.235751,48.979937],[2.235002,48.980229],[2.235233,48.980342],[2.235476,48.980591],[2.235554,48.980907],[2.23556,48.981238],[2.235489,48.981838],[2.235609,48.98244],[2.235957,48.98345],[2.236154,48.984113],[2.237166,48.984161],[2.237293,48.98415],[2.238167,48.98398],[2.239129,48.983782],[2.240381,48.983737],[2.240486,48.98371],[2.242795,48.983572],[2.2432,48.983666],[2.243085,48.983291],[2.24292,48.98296],[2.242789,48.982329],[2.243313,48.981707],[2.246273,48.981205],[2.24621,48.980934],[2.245685,48.980276],[2.245437,48.980048],[2.246759,48.979704],[2.246833,48.979864],[2.247895,48.979631],[2.248255,48.979565],[2.249145,48.979372],[2.250227,48.979237],[2.250787,48.979209],[2.252688,48.978845],[2.254569,48.978467],[2.256192,48.978316],[2.256219,48.978886],[2.256521,48.978871],[2.257823,48.978769],[2.25821,48.97867],[2.259864,48.977948],[2.260033,48.977858],[2.260889,48.977505],[2.261476,48.97724],[2.261777,48.977131],[2.262368,48.976977],[2.263121,48.976742],[2.263311,48.976667],[2.26401,48.976599],[2.265448,48.976438],[2.266511,48.976309],[2.266889,48.976323],[2.267505,48.976477],[2.267648,48.976669],[2.267625,48.976745],[2.270314,48.977185],[2.270561,48.976918],[2.271292,48.97705],[2.271759,48.97705],[2.272001,48.977025],[2.272628,48.976893],[2.273111,48.976768],[2.273392,48.976675],[2.272405,48.975666],[2.272377,48.9756],[2.271635,48.974837],[2.272197,48.974514],[2.271962,48.974217],[2.271092,48.973064],[2.273162,48.972631],[2.273552,48.972555],[2.273502,48.972433],[2.274051,48.972287],[2.27345,48.971156],[2.273538,48.971164],[2.273003,48.970315],[2.273947,48.970125],[2.273814,48.969861],[2.27526,48.969235],[2.275074,48.968815],[2.276066,48.96854],[2.275369,48.967563],[2.27528,48.967395],[2.274963,48.966993],[2.274733,48.967051],[2.274209,48.967142],[2.273615,48.965443],[2.273957,48.965376],[2.275335,48.965245],[2.275264,48.964907],[2.274524,48.965009],[2.274193,48.963957],[2.273676,48.963782],[2.273102,48.963654],[2.273085,48.963692],[2.273081,48.964239],[2.271336,48.964296],[2.271277,48.964168],[2.271163,48.964106],[2.269317,48.963998],[2.268824,48.963951],[2.268425,48.963855],[2.267815,48.963658],[2.267836,48.963451],[2.267794,48.963177],[2.267051,48.963112],[2.266779,48.963105],[2.265726,48.963134],[2.265632,48.962945],[2.265531,48.962911],[2.265055,48.962988],[2.264603,48.962155],[2.26447,48.962026],[2.264046,48.962149],[2.263693,48.962006],[2.263254,48.962327],[2.263166,48.96233],[2.261716,48.962697],[2.261096,48.962883],[2.260741,48.962949],[2.260275,48.963088],[2.258946,48.963464],[2.258792,48.963426],[2.258205,48.963523],[2.256942,48.963672],[2.256854,48.963422],[2.255693,48.963552],[2.255155,48.963597],[2.254712,48.963666],[2.254598,48.96373],[2.254414,48.963467],[2.253701,48.963686],[2.253627,48.96349],[2.252663,48.963524],[2.249993,48.963647],[2.250021,48.963698],[2.24909,48.963884],[2.249122,48.963966],[2.248178,48.964161],[2.248636,48.964608],[2.249268,48.965252],[2.249415,48.965332],[2.248729,48.965602],[2.248065,48.965896],[2.247439,48.966063],[2.246917,48.966306],[2.245884,48.96659],[2.245916,48.966676],[2.245353,48.966731],[2.244961,48.966807],[2.24446,48.966867],[2.244526,48.966954],[2.244213,48.966983],[2.243784,48.967067],[2.243486,48.967215],[2.243025,48.966847],[2.242783,48.966577],[2.242445,48.966721],[2.242048,48.966815],[2.241491,48.966904],[2.241085,48.966876],[2.240969,48.966903],[2.240446,48.967165],[2.240139,48.967203],[2.2387,48.967497],[2.238388,48.967628],[2.23805,48.967723],[2.237617,48.967929],[2.236567,48.968215],[2.23608,48.9683],[2.235558,48.968325],[2.234607,48.968205],[2.234001,48.968074],[2.233752,48.967997],[2.233042,48.967875],[2.231752,48.967487],[2.231618,48.967842],[2.231586,48.968005],[2.231386,48.968472],[2.231146,48.968826],[2.230395,48.969447],[2.230242,48.969546],[2.230295,48.969678],[2.230371,48.970131],[2.225733,48.971025]]]}},{"type":"Feature","properties":{"nom":"Santeuil","code":"95584","population":658,"codeDepartement":"95"},"geometry":{"type":"Polygon","coordinates":[[[1.975367,49.124807],[1.974268,49.124138],[1.973087,49.123879],[1.972779,49.123522],[1.972795,49.123344],[1.972682,49.123209],[1.972372,49.123034],[1.971914,49.122865],[1.971819,49.122717],[1.971554,49.122624],[1.971183,49.122557],[1.970676,49.122387],[1.970321,49.122184],[1.970102,49.12198],[1.969799,49.121794],[1.969369,49.121623],[1.969002,49.121524],[1.967941,49.121333],[1.967578,49.121234],[1.966576,49.120824],[1.966353,49.120712],[1.966209,49.120461],[1.966122,49.120403],[1.965302,49.120116],[1.965144,49.120019],[1.964557,49.119843],[1.964311,49.119747],[1.962833,49.119381],[1.962286,49.119325],[1.961743,49.119285],[1.961028,49.119264],[1.959047,49.118994],[1.95874,49.1189],[1.958321,49.118814],[1.958029,49.118696],[1.957397,49.118372],[1.956872,49.117933],[1.956638,49.11764],[1.956199,49.117166],[1.956013,49.117303],[1.955768,49.117402],[1.955388,49.117847],[1.955238,49.11794],[1.955068,49.117979],[1.954204,49.118097],[1.953578,49.118203],[1.953373,49.118324],[1.952982,49.118608],[1.952797,49.118701],[1.952373,49.118961],[1.952083,49.119197],[1.952164,49.119438],[1.951784,49.119803],[1.950434,49.119295],[1.950298,49.119456],[1.949944,49.119574],[1.949775,49.119373],[1.947622,49.11985],[1.946795,49.120062],[1.945657,49.1203],[1.945235,49.120254],[1.944268,49.120251],[1.944126,49.120358],[1.943372,49.120674],[1.942788,49.121024],[1.942064,49.121334],[1.941714,49.121435],[1.941531,49.121173],[1.941278,49.121223],[1.940026,49.12136],[1.939776,49.122106],[1.939339,49.12204],[1.939105,49.122695],[1.939872,49.122842],[1.939861,49.122924],[1.940264,49.122984],[1.940222,49.123094],[1.940058,49.123253],[1.939765,49.123374],[1.939486,49.123444],[1.938774,49.123577],[1.938487,49.123662],[1.938279,49.123778],[1.938161,49.1239],[1.938067,49.124345],[1.937989,49.124498],[1.937495,49.124814],[1.937431,49.124885],[1.937727,49.125113],[1.937011,49.125165],[1.936619,49.125467],[1.935984,49.126038],[1.935563,49.126552],[1.935264,49.126955],[1.935104,49.127131],[1.933778,49.128076],[1.933145,49.128576],[1.932484,49.129278],[1.932401,49.129577],[1.932289,49.129654],[1.931997,49.129702],[1.931529,49.129688],[1.930991,49.129574],[1.930557,49.130181],[1.93048,49.130329],[1.932063,49.131405],[1.932222,49.131296],[1.932584,49.131137],[1.933808,49.132121],[1.935421,49.133297],[1.937563,49.134733],[1.940292,49.132933],[1.940698,49.132586],[1.940853,49.132356],[1.940578,49.132222],[1.941342,49.131596],[1.942086,49.130959],[1.942703,49.130359],[1.943855,49.129698],[1.943965,49.129732],[1.944994,49.13034],[1.944728,49.130508],[1.944607,49.13063],[1.944874,49.13073],[1.945056,49.130579],[1.946788,49.131279],[1.947128,49.130789],[1.94725,49.130714],[1.948289,49.131086],[1.948802,49.131233],[1.949622,49.131593],[1.950412,49.132285],[1.950863,49.132498],[1.951341,49.132774],[1.951702,49.133412],[1.95213,49.133189],[1.953712,49.134879],[1.95525,49.136583],[1.955404,49.136549],[1.95618,49.137484],[1.956319,49.137596],[1.956432,49.137806],[1.957181,49.139087],[1.957285,49.139332],[1.957443,49.139855],[1.957586,49.140219],[1.957944,49.140902],[1.958344,49.14153],[1.959156,49.142584],[1.959602,49.143141],[1.960756,49.144539],[1.961068,49.144853],[1.961512,49.144982],[1.962413,49.145104],[1.963782,49.145225],[1.964215,49.144761],[1.964418,49.144517],[1.964966,49.143711],[1.965377,49.143178],[1.965608,49.14294],[1.966589,49.142081],[1.965997,49.141562],[1.965771,49.141454],[1.964596,49.140662],[1.964459,49.140589],[1.964501,49.140462],[1.963896,49.140222],[1.964461,49.139932],[1.964624,49.139785],[1.965075,49.140199],[1.965696,49.139932],[1.966338,49.139521],[1.966837,49.139932],[1.966882,49.140093],[1.968064,49.140745],[1.968942,49.139932],[1.969866,49.138979],[1.970794,49.137914],[1.971615,49.137339],[1.971742,49.13723],[1.971992,49.136945],[1.972214,49.136505],[1.972643,49.135527],[1.972308,49.135173],[1.974125,49.134476],[1.973737,49.134071],[1.973801,49.134004],[1.97426,49.133743],[1.974785,49.133475],[1.97538,49.133094],[1.975696,49.132908],[1.976064,49.13274],[1.976381,49.132643],[1.977298,49.132403],[1.977692,49.132267],[1.977974,49.132142],[1.978664,49.13175],[1.979955,49.131174],[1.980164,49.131117],[1.980363,49.131118],[1.980537,49.131169],[1.981406,49.13153],[1.982051,49.131836],[1.982103,49.13161],[1.982181,49.13092],[1.982195,49.13078],[1.980896,49.129932],[1.980312,49.130137],[1.980065,49.129846],[1.979435,49.128983],[1.978599,49.127782],[1.978187,49.127175],[1.97769,49.126495],[1.977535,49.126264],[1.977219,49.126211],[1.976819,49.126103],[1.976316,49.125903],[1.97573,49.12552],[1.975467,49.125236],[1.975377,49.125013],[1.975367,49.124807]]]}},{"type":"Feature","properties":{"nom":"Sarcelles","code":"95585","population":59173,"codeDepartement":"95"},"geometry":{"type":"Polygon","coordinates":[[[2.382441,48.971227],[2.382278,48.971236],[2.37872,48.971688],[2.375726,48.972074],[2.372537,48.972369],[2.371702,48.972529],[2.369426,48.972919],[2.368882,48.973034],[2.365966,48.974007],[2.365742,48.974028],[2.365878,48.974327],[2.365731,48.974793],[2.365361,48.975704],[2.364715,48.977335],[2.364354,48.978268],[2.364097,48.978889],[2.364068,48.978962],[2.364234,48.979038],[2.365386,48.980236],[2.365651,48.980612],[2.365828,48.980831],[2.365961,48.98114],[2.366117,48.981435],[2.366419,48.981918],[2.366663,48.982259],[2.367011,48.982809],[2.367137,48.982959],[2.367221,48.983145],[2.367423,48.983389],[2.367651,48.983818],[2.367887,48.984416],[2.367748,48.984547],[2.36768,48.984686],[2.367583,48.985132],[2.367517,48.985661],[2.36747,48.986172],[2.367538,48.986414],[2.367765,48.986817],[2.367896,48.987098],[2.368043,48.987669],[2.368118,48.987887],[2.366531,48.98852],[2.365996,48.988775],[2.366677,48.989472],[2.366071,48.989701],[2.366593,48.990188],[2.36663,48.99024],[2.365213,48.990868],[2.365509,48.99117],[2.36636,48.991902],[2.366522,48.992076],[2.365235,48.993129],[2.365894,48.993384],[2.367338,48.99393],[2.36754,48.99402],[2.368133,48.994238],[2.368852,48.994536],[2.368899,48.994522],[2.369905,48.99495],[2.369938,48.995282],[2.369866,48.995576],[2.369534,48.99625],[2.368531,48.997251],[2.368305,48.997744],[2.368274,48.9979],[2.368288,48.998295],[2.368448,48.998879],[2.36854,48.999083],[2.36854,48.999214],[2.368473,48.99942],[2.368177,49.000046],[2.368053,49.00022],[2.367649,49.000663],[2.367237,49.001164],[2.367061,49.001466],[2.366961,49.00178],[2.366948,49.001994],[2.367034,49.002559],[2.36711,49.002933],[2.367101,49.003345],[2.367003,49.003607],[2.3665,49.004774],[2.366459,49.004942],[2.36633,49.005252],[2.366169,49.005476],[2.366023,49.005763],[2.365884,49.005964],[2.365727,49.006119],[2.365272,49.00646],[2.365023,49.00683],[2.364587,49.007981],[2.364375,49.008438],[2.363966,49.009177],[2.363724,49.00945],[2.363397,49.009571],[2.363522,49.00974],[2.364092,49.01043],[2.36445,49.010789],[2.365106,49.011372],[2.365291,49.011437],[2.365813,49.01154],[2.366048,49.011624],[2.366569,49.011945],[2.366814,49.012073],[2.367363,49.012408],[2.367788,49.012587],[2.36788,49.012505],[2.368016,49.012259],[2.369018,49.012234],[2.369258,49.01219],[2.369436,49.012066],[2.369785,49.011923],[2.370108,49.011895],[2.370451,49.011961],[2.371353,49.012246],[2.37175,49.012173],[2.372524,49.012174],[2.372717,49.012232],[2.37328,49.012544],[2.37395,49.01263],[2.374285,49.012611],[2.374586,49.012716],[2.376401,49.012647],[2.376883,49.01265],[2.377044,49.012679],[2.377814,49.013035],[2.378119,49.013233],[2.378551,49.013437],[2.379728,49.013675],[2.379859,49.013729],[2.379845,49.013355],[2.379579,49.012974],[2.379367,49.011859],[2.379438,49.011742],[2.379399,49.01108],[2.37946,49.010667],[2.379407,49.010092],[2.379839,49.009967],[2.379576,49.009603],[2.37929,49.009176],[2.379084,49.008798],[2.379024,49.008555],[2.379047,49.008122],[2.379037,49.007903],[2.378883,49.007397],[2.37891,49.007307],[2.378854,49.006875],[2.380396,49.006065],[2.380779,49.00587],[2.380623,49.005763],[2.381216,49.005474],[2.380918,49.005158],[2.380465,49.004715],[2.380858,49.004648],[2.380566,49.004352],[2.381396,49.004038],[2.381913,49.003875],[2.382066,49.00387],[2.382592,49.003672],[2.382533,49.003538],[2.382231,49.003124],[2.381835,49.002621],[2.381716,49.00241],[2.382866,49.001964],[2.38304,49.001841],[2.384369,49.001378],[2.386469,49.000505],[2.386332,49.000381],[2.388251,48.999594],[2.388211,48.999486],[2.3886,48.999391],[2.38977,48.999129],[2.389865,48.999089],[2.391655,48.998655],[2.391619,48.998544],[2.393105,48.998192],[2.394202,48.997981],[2.393989,48.997757],[2.393636,48.997278],[2.39397,48.997132],[2.396434,48.996229],[2.397058,48.995995],[2.396786,48.995684],[2.397885,48.995295],[2.398872,48.994996],[2.399979,48.994579],[2.400674,48.994333],[2.402349,48.993719],[2.402686,48.994305],[2.403654,48.993885],[2.404638,48.99345],[2.406041,48.992793],[2.406149,48.992897],[2.408183,48.99189],[2.407683,48.991269],[2.407127,48.99054],[2.406294,48.989528],[2.405722,48.989814],[2.404809,48.988914],[2.404596,48.989015],[2.403527,48.98796],[2.403336,48.988033],[2.402301,48.98664],[2.401936,48.986074],[2.401736,48.985695],[2.401148,48.984776],[2.401763,48.984752],[2.401375,48.982721],[2.398211,48.982451],[2.397869,48.982186],[2.39662,48.981128],[2.388826,48.975775],[2.388743,48.975827],[2.388264,48.975492],[2.38836,48.975427],[2.387557,48.974876],[2.385545,48.973364],[2.384058,48.972363],[2.38303,48.971633],[2.382441,48.971227]]]}},{"type":"Feature","properties":{"nom":"Seraincourt","code":"95592","population":1305,"codeDepartement":"95"},"geometry":{"type":"Polygon","coordinates":[[[1.881737,49.019732],[1.881196,49.019826],[1.880475,49.019925],[1.879864,49.019988],[1.879527,49.01995],[1.879407,49.019907],[1.878913,49.019878],[1.878562,49.019817],[1.877966,49.019583],[1.877551,49.019369],[1.877378,49.019166],[1.876133,49.01795],[1.875636,49.01742],[1.87555,49.017162],[1.87374,49.017843],[1.87206,49.01877],[1.871611,49.01903],[1.87105,49.019312],[1.870535,49.019544],[1.870069,49.0192],[1.869924,49.019064],[1.869691,49.018776],[1.8684,49.017497],[1.867892,49.016691],[1.86763,49.01685],[1.866841,49.016317],[1.863266,49.01466],[1.861384,49.014012],[1.859583,49.013877],[1.859277,49.013843],[1.859273,49.014031],[1.85969,49.014461],[1.86034,49.014991],[1.860473,49.015168],[1.860517,49.015325],[1.860404,49.015773],[1.860315,49.016247],[1.86028,49.016793],[1.860163,49.017251],[1.86045,49.018089],[1.860519,49.018137],[1.861114,49.018336],[1.861339,49.018316],[1.861432,49.018401],[1.861484,49.018742],[1.861562,49.019047],[1.861752,49.01948],[1.861931,49.019674],[1.862166,49.02003],[1.862373,49.020174],[1.862515,49.020208],[1.862792,49.020345],[1.862922,49.020538],[1.862885,49.020709],[1.863268,49.020892],[1.863804,49.021254],[1.863977,49.021337],[1.864797,49.021579],[1.86517,49.021719],[1.865142,49.021793],[1.864932,49.022011],[1.864598,49.022234],[1.863809,49.022598],[1.863353,49.022826],[1.862789,49.023057],[1.862358,49.02318],[1.860875,49.023503],[1.860027,49.023649],[1.85927,49.02383],[1.859594,49.024998],[1.859443,49.025022],[1.859503,49.025522],[1.859688,49.025528],[1.859734,49.025805],[1.859757,49.026429],[1.859725,49.026496],[1.859815,49.027431],[1.85972,49.027976],[1.859469,49.028963],[1.859391,49.029308],[1.859319,49.02992],[1.859229,49.030221],[1.859118,49.030464],[1.858855,49.031385],[1.858793,49.031945],[1.858801,49.032401],[1.858299,49.032417],[1.856963,49.032374],[1.856656,49.032372],[1.855919,49.032419],[1.854999,49.032538],[1.853618,49.032888],[1.852477,49.033164],[1.852157,49.033204],[1.851555,49.033209],[1.851075,49.033293],[1.851538,49.034427],[1.851861,49.035374],[1.852058,49.035339],[1.852594,49.035313],[1.853196,49.035184],[1.853574,49.035123],[1.853992,49.035084],[1.854784,49.035057],[1.855302,49.035072],[1.855335,49.035634],[1.855164,49.035653],[1.855148,49.036626],[1.855536,49.036534],[1.855622,49.036538],[1.855759,49.037637],[1.855889,49.037641],[1.856522,49.038245],[1.856724,49.038602],[1.857581,49.039998],[1.857863,49.040475],[1.859092,49.041566],[1.860416,49.046283],[1.861218,49.049154],[1.861518,49.049678],[1.863724,49.05448],[1.865062,49.057489],[1.865855,49.057373],[1.866443,49.057334],[1.866656,49.057361],[1.867054,49.057233],[1.86724,49.05705],[1.867226,49.056869],[1.867142,49.056679],[1.8677,49.05655],[1.867677,49.056091],[1.867597,49.055742],[1.867527,49.055281],[1.867526,49.054827],[1.867968,49.054844],[1.867964,49.05478],[1.868837,49.054814],[1.869171,49.054804],[1.86922,49.054434],[1.869245,49.05404],[1.869301,49.053974],[1.872429,49.056111],[1.87271,49.05564],[1.874983,49.055755],[1.875008,49.055998],[1.876295,49.05548],[1.879157,49.057757],[1.878008,49.058205],[1.880462,49.060112],[1.880948,49.060485],[1.88116,49.06041],[1.881763,49.060247],[1.882398,49.059902],[1.883082,49.059489],[1.883468,49.059206],[1.883923,49.058917],[1.884029,49.058948],[1.884577,49.059331],[1.885142,49.059748],[1.886324,49.060594],[1.886502,49.060731],[1.887359,49.061345],[1.88806,49.061859],[1.888896,49.061541],[1.893937,49.063851],[1.893523,49.064157],[1.896252,49.066299],[1.896886,49.06597],[1.898751,49.065094],[1.89921,49.065363],[1.899597,49.06488],[1.899699,49.064649],[1.899688,49.064264],[1.899655,49.064081],[1.899453,49.063627],[1.899372,49.063352],[1.89955,49.062538],[1.899592,49.062257],[1.899324,49.062195],[1.89847,49.061955],[1.89772,49.061759],[1.899109,49.060129],[1.90061,49.058624],[1.901266,49.058772],[1.901318,49.058767],[1.901536,49.058426],[1.901854,49.058015],[1.901943,49.057802],[1.902,49.057566],[1.902001,49.056938],[1.902163,49.056357],[1.90227,49.056138],[1.902644,49.055741],[1.903025,49.055257],[1.903301,49.054784],[1.903655,49.053986],[1.90384,49.053527],[1.904318,49.053029],[1.906091,49.051141],[1.906526,49.051234],[1.90661,49.051057],[1.907374,49.04986],[1.908183,49.048568],[1.90846,49.048181],[1.905719,49.047157],[1.906017,49.046765],[1.906442,49.046258],[1.906587,49.046113],[1.904721,49.045336],[1.903568,49.044847],[1.902917,49.044516],[1.900815,49.043354],[1.901764,49.042212],[1.899884,49.041665],[1.898268,49.041217],[1.896146,49.04061],[1.894849,49.040259],[1.893922,49.040019],[1.892895,49.03977],[1.891289,49.039368],[1.891143,49.039306],[1.891776,49.038874],[1.892477,49.038417],[1.894172,49.03729],[1.893074,49.036951],[1.890773,49.036277],[1.890482,49.036212],[1.888414,49.035823],[1.887632,49.035643],[1.886989,49.03541],[1.886457,49.03518],[1.885775,49.03486],[1.883894,49.034005],[1.883278,49.033709],[1.884556,49.031314],[1.884388,49.031133],[1.884569,49.031048],[1.883889,49.030241],[1.883394,49.02964],[1.883076,49.029231],[1.882268,49.028225],[1.882149,49.027775],[1.881722,49.026062],[1.881647,49.025641],[1.881692,49.025104],[1.881719,49.022895],[1.881737,49.019732]]]}},{"type":"Feature","properties":{"nom":"Seugy","code":"95594","population":1044,"codeDepartement":"95"},"geometry":{"type":"Polygon","coordinates":[[[2.39604,49.115662],[2.393944,49.115909],[2.392982,49.116055],[2.390017,49.116408],[2.389136,49.116517],[2.389262,49.117267],[2.387011,49.117584],[2.386235,49.117328],[2.385862,49.117374],[2.385228,49.117496],[2.384704,49.117656],[2.38456,49.117763],[2.384179,49.117915],[2.383919,49.118041],[2.383688,49.118388],[2.383986,49.118922],[2.384248,49.119131],[2.384571,49.119197],[2.384744,49.11943],[2.384837,49.119698],[2.384937,49.120315],[2.385017,49.121087],[2.384828,49.122813],[2.384823,49.123001],[2.384707,49.123276],[2.384552,49.124296],[2.384466,49.124515],[2.384633,49.124542],[2.384233,49.126183],[2.384128,49.126501],[2.383924,49.126469],[2.383765,49.12672],[2.383587,49.126926],[2.383447,49.127138],[2.383302,49.127238],[2.385166,49.127898],[2.385118,49.128005],[2.385848,49.128122],[2.38576,49.128444],[2.386378,49.128539],[2.386601,49.129046],[2.387192,49.128979],[2.387718,49.128943],[2.390308,49.128609],[2.391001,49.128558],[2.391738,49.12848],[2.392799,49.128447],[2.393401,49.128365],[2.393912,49.128182],[2.394197,49.128034],[2.394396,49.127427],[2.394989,49.127204],[2.39525,49.127154],[2.395682,49.127034],[2.39649,49.127161],[2.396522,49.127006],[2.396629,49.126766],[2.396764,49.126695],[2.397228,49.126574],[2.398513,49.127194],[2.399236,49.127378],[2.401386,49.126953],[2.402871,49.128858],[2.4048,49.128676],[2.405763,49.128409],[2.406666,49.127436],[2.407841,49.126312],[2.40784,49.126223],[2.407361,49.125998],[2.4051,49.124697],[2.404279,49.124293],[2.403112,49.12326],[2.402084,49.122713],[2.400346,49.121899],[2.39962,49.121419],[2.399243,49.121109],[2.398729,49.120477],[2.398866,49.120297],[2.399823,49.120071],[2.400576,49.119757],[2.401876,49.119397],[2.401532,49.118319],[2.401771,49.118165],[2.401943,49.118139],[2.401874,49.117914],[2.401522,49.117695],[2.400955,49.117414],[2.400367,49.117106],[2.400024,49.116792],[2.399886,49.116253],[2.398472,49.116355],[2.396465,49.116344],[2.39604,49.115662]]]}},{"type":"Feature","properties":{"nom":"Soisy-sous-Montmorency","code":"95598","population":18008,"codeDepartement":"95"},"geometry":{"type":"Polygon","coordinates":[[[2.297639,48.975002],[2.297149,48.975834],[2.295923,48.976029],[2.295352,48.976195],[2.295053,48.976347],[2.294592,48.976532],[2.294561,48.976569],[2.294202,48.976678],[2.29409,48.976652],[2.293867,48.976517],[2.293423,48.976431],[2.293341,48.976378],[2.29164,48.976255],[2.291632,48.976772],[2.291585,48.978057],[2.29159,48.978383],[2.291639,48.97861],[2.291749,48.978851],[2.291532,48.979054],[2.290976,48.979416],[2.290588,48.979637],[2.28944,48.980351],[2.288846,48.980914],[2.28875,48.981091],[2.28825,48.981451],[2.287594,48.981888],[2.287405,48.982141],[2.286962,48.982344],[2.286848,48.982353],[2.286623,48.982555],[2.286353,48.982875],[2.286136,48.983203],[2.285789,48.983786],[2.285602,48.984069],[2.285469,48.984221],[2.284996,48.984631],[2.284384,48.985322],[2.284015,48.985643],[2.285837,48.987037],[2.285383,48.987264],[2.286599,48.988202],[2.286848,48.988061],[2.287323,48.988514],[2.288361,48.989708],[2.288956,48.990496],[2.289129,48.9908],[2.28925,48.990887],[2.289403,48.991133],[2.289753,48.991573],[2.289824,48.991549],[2.290304,48.992154],[2.291401,48.993617],[2.292845,48.995883],[2.293585,48.995746],[2.294198,48.995675],[2.294443,48.995629],[2.294902,48.995578],[2.295763,48.995575],[2.296203,48.995659],[2.303654,48.997392],[2.304606,48.998826],[2.304978,48.999429],[2.305106,49.000001],[2.30498,49.000545],[2.30502,49.001228],[2.305954,49.002499],[2.306542,49.0023],[2.307384,49.002232],[2.307668,49.002171],[2.307907,49.002065],[2.308444,49.00179],[2.308589,49.001747],[2.309039,49.001754],[2.310788,49.002089],[2.31116,49.002095],[2.31216,49.002029],[2.313013,49.001883],[2.313161,49.001843],[2.313446,49.001701],[2.313905,49.001345],[2.314086,49.001256],[2.314484,49.001146],[2.314944,49.001071],[2.315253,49.000999],[2.315531,49.000819],[2.315563,49.00024],[2.315622,49.000036],[2.316393,48.99943],[2.316523,48.999255],[2.316604,48.999071],[2.316554,48.998871],[2.316305,48.998634],[2.316217,48.998687],[2.315287,48.998258],[2.315603,48.997856],[2.315395,48.997676],[2.315565,48.997435],[2.314672,48.996728],[2.313967,48.996727],[2.313192,48.996402],[2.313258,48.995756],[2.312974,48.995678],[2.31317,48.995126],[2.313492,48.994702],[2.313316,48.994394],[2.311016,48.992636],[2.312046,48.992238],[2.312141,48.992211],[2.312142,48.992016],[2.312,48.991695],[2.312346,48.991076],[2.31245,48.991047],[2.312918,48.990809],[2.31318,48.990595],[2.313818,48.98982],[2.313795,48.989745],[2.312726,48.989377],[2.31197,48.989022],[2.311854,48.988244],[2.311603,48.988033],[2.311156,48.987742],[2.309702,48.986828],[2.309179,48.986594],[2.308824,48.986457],[2.307168,48.985944],[2.307605,48.985467],[2.307885,48.985204],[2.30841,48.984827],[2.309078,48.984531],[2.309428,48.984392],[2.30996,48.984283],[2.310397,48.984156],[2.310929,48.98398],[2.311607,48.983732],[2.312375,48.983427],[2.311762,48.982738],[2.31084,48.981882],[2.310415,48.981519],[2.309933,48.98114],[2.30891,48.980155],[2.308441,48.979803],[2.307308,48.979028],[2.307133,48.97893],[2.306778,48.979157],[2.306817,48.978805],[2.306985,48.977802],[2.307012,48.977515],[2.306993,48.97736],[2.306796,48.977479],[2.306014,48.97805],[2.305527,48.978382],[2.305192,48.978637],[2.304138,48.979471],[2.303633,48.979145],[2.302965,48.978656],[2.302493,48.978274],[2.301571,48.977476],[2.301015,48.977029],[2.30111,48.976164],[2.301006,48.976138],[2.301314,48.97556],[2.301418,48.975402],[2.300453,48.975343],[2.298804,48.975204],[2.298268,48.975129],[2.297639,48.975002]]]}},{"type":"Feature","properties":{"nom":"Survilliers","code":"95604","population":4091,"codeDepartement":"95"},"geometry":{"type":"Polygon","coordinates":[[[2.54207,49.122248],[2.542161,49.12222],[2.544063,49.121272],[2.543981,49.120104],[2.542414,49.119296],[2.541205,49.119284],[2.539114,49.119344],[2.537735,49.117795],[2.537727,49.117677],[2.539296,49.117558],[2.539556,49.11644],[2.540502,49.116523],[2.541608,49.116638],[2.542392,49.116569],[2.543909,49.116458],[2.545357,49.11638],[2.547031,49.116362],[2.547127,49.116379],[2.547107,49.117019],[2.547134,49.117137],[2.547345,49.117595],[2.547442,49.117854],[2.547691,49.118801],[2.547699,49.119577],[2.547679,49.120346],[2.548773,49.121473],[2.549226,49.121884],[2.549913,49.122552],[2.551144,49.1231],[2.551552,49.123304],[2.553315,49.124562],[2.554723,49.124274],[2.555734,49.124074],[2.556352,49.123964],[2.556944,49.123733],[2.556998,49.123426],[2.556999,49.121851],[2.556863,49.121338],[2.556223,49.119039],[2.556024,49.118563],[2.555695,49.11811],[2.555446,49.117805],[2.555942,49.117651],[2.555112,49.116811],[2.55501,49.116726],[2.553912,49.115253],[2.553604,49.114831],[2.552953,49.113978],[2.552397,49.114083],[2.551968,49.113011],[2.551751,49.112426],[2.552321,49.111941],[2.552535,49.111619],[2.552716,49.111405],[2.552922,49.111066],[2.553428,49.110527],[2.554924,49.109443],[2.555474,49.109054],[2.555951,49.109375],[2.556928,49.106878],[2.556779,49.106857],[2.557191,49.105902],[2.557531,49.105399],[2.557632,49.105148],[2.557816,49.104582],[2.557929,49.104281],[2.557928,49.103352],[2.557944,49.102854],[2.557673,49.102258],[2.55909,49.101998],[2.55878,49.101554],[2.558817,49.101483],[2.557604,49.100975],[2.558098,49.100351],[2.55753,49.100225],[2.557885,49.099746],[2.558502,49.099147],[2.557933,49.09872],[2.559592,49.097537],[2.559228,49.097294],[2.559079,49.097115],[2.55893,49.097092],[2.558368,49.096699],[2.55738,49.095965],[2.556857,49.095956],[2.556005,49.09588],[2.554913,49.095745],[2.55373,49.09567],[2.552824,49.095844],[2.552591,49.095869],[2.551923,49.095872],[2.551208,49.095789],[2.550695,49.096407],[2.549382,49.096046],[2.550265,49.094938],[2.549326,49.094727],[2.550458,49.092752],[2.549749,49.092546],[2.55011,49.091848],[2.549705,49.091611],[2.548109,49.091759],[2.548099,49.09229],[2.546201,49.092029],[2.546087,49.092705],[2.54555,49.092703],[2.545788,49.091918],[2.54571,49.090813],[2.544696,49.091582],[2.543495,49.0922],[2.540425,49.09244],[2.539724,49.092263],[2.53943,49.092213],[2.53805,49.091905],[2.536765,49.09168],[2.53573,49.091537],[2.535373,49.091525],[2.532782,49.091796],[2.531805,49.091865],[2.531135,49.091881],[2.530535,49.091912],[2.530926,49.095842],[2.531102,49.097546],[2.531263,49.099458],[2.531811,49.105446],[2.532045,49.108305],[2.53216,49.109547],[2.532356,49.112076],[2.532506,49.113555],[2.532774,49.117119],[2.532832,49.118106],[2.532936,49.119143],[2.532963,49.119509],[2.534271,49.119536],[2.534605,49.11959],[2.534744,49.119659],[2.534859,49.119642],[2.536202,49.119949],[2.53675,49.120114],[2.537909,49.121335],[2.538524,49.121762],[2.538583,49.121737],[2.539041,49.121835],[2.540461,49.122027],[2.540757,49.122078],[2.54207,49.122248]]]}},{"type":"Feature","properties":{"nom":"Taverny","code":"95607","population":27593,"codeDepartement":"95"},"geometry":{"type":"Polygon","coordinates":[[[2.223896,49.011796],[2.219861,49.007941],[2.219412,49.007105],[2.219306,49.006959],[2.219002,49.006418],[2.217957,49.004407],[2.217554,49.003696],[2.217302,49.00316],[2.217191,49.002968],[2.217157,49.002829],[2.214997,49.003534],[2.21252,49.004313],[2.210105,49.00508],[2.209471,49.005326],[2.208762,49.005534],[2.206129,49.006428],[2.203603,49.007299],[2.201469,49.008022],[2.201601,49.008147],[2.202347,49.009079],[2.203129,49.010071],[2.203301,49.010265],[2.203777,49.010887],[2.205503,49.012976],[2.203149,49.013755],[2.203361,49.014724],[2.203467,49.015359],[2.203528,49.015592],[2.20416,49.016706],[2.204777,49.017884],[2.205075,49.018338],[2.205381,49.018862],[2.205756,49.019575],[2.204919,49.019653],[2.203718,49.019794],[2.202876,49.019946],[2.202476,49.020029],[2.199845,49.020534],[2.197896,49.020893],[2.195953,49.021159],[2.1952,49.021274],[2.194965,49.021292],[2.194167,49.021419],[2.193082,49.021568],[2.19211,49.021674],[2.189584,49.021843],[2.187366,49.022921],[2.186727,49.023245],[2.185967,49.023667],[2.18535,49.024028],[2.184745,49.024306],[2.184419,49.024493],[2.1839,49.024827],[2.183138,49.025283],[2.182771,49.025436],[2.183567,49.025998],[2.185417,49.027258],[2.186123,49.027746],[2.186435,49.028003],[2.186673,49.028231],[2.187677,49.028715],[2.190889,49.030082],[2.191057,49.030197],[2.191781,49.030775],[2.193804,49.031235],[2.194464,49.031429],[2.194677,49.03147],[2.195727,49.031473],[2.196412,49.031525],[2.196848,49.03162],[2.197507,49.031899],[2.198207,49.03225],[2.199103,49.032134],[2.206407,49.031414],[2.211012,49.030957],[2.214312,49.031136],[2.217244,49.031225],[2.217412,49.031259],[2.218749,49.031988],[2.218849,49.03188],[2.220101,49.032406],[2.220551,49.032642],[2.220467,49.032708],[2.221196,49.033081],[2.221058,49.033154],[2.222356,49.03359],[2.224807,49.034241],[2.224967,49.03465],[2.225113,49.034952],[2.225753,49.036075],[2.225931,49.036406],[2.22606,49.036746],[2.226088,49.037517],[2.226137,49.037765],[2.226307,49.038095],[2.226729,49.038688],[2.226968,49.038895],[2.227487,49.039222],[2.227725,49.039456],[2.228469,49.040797],[2.228749,49.041368],[2.229168,49.042184],[2.229286,49.042323],[2.229463,49.042456],[2.229737,49.042589],[2.230202,49.042743],[2.230537,49.042809],[2.231379,49.04287],[2.231367,49.042924],[2.230587,49.042935],[2.230249,49.043029],[2.229872,49.043219],[2.227844,49.04397],[2.22784,49.044153],[2.227591,49.044163],[2.227159,49.044249],[2.226556,49.044411],[2.225733,49.044678],[2.225177,49.044874],[2.223543,49.045367],[2.225134,49.046753],[2.228836,49.049984],[2.231104,49.051906],[2.231455,49.051736],[2.231984,49.051509],[2.232077,49.051601],[2.233762,49.051004],[2.233966,49.050454],[2.234091,49.05033],[2.23413,49.05014],[2.234366,49.049647],[2.234448,49.049541],[2.23454,49.049421],[2.234762,49.049231],[2.236278,49.048556],[2.236726,49.04841],[2.237368,49.047899],[2.237506,49.04777],[2.237752,49.047693],[2.237932,49.047565],[2.238093,49.047372],[2.238737,49.046744],[2.238917,49.046506],[2.239032,49.046234],[2.239047,49.046026],[2.239211,49.045763],[2.239466,49.045441],[2.24044,49.044776],[2.240826,49.044585],[2.241133,49.044466],[2.24166,49.044313],[2.241995,49.04427],[2.242499,49.044284],[2.242912,49.044365],[2.242881,49.044103],[2.242955,49.043991],[2.243452,49.043857],[2.244164,49.043683],[2.244449,49.043583],[2.244953,49.043475],[2.24523,49.043393],[2.245986,49.043207],[2.246452,49.043072],[2.247965,49.042672],[2.25292,49.04138],[2.253009,49.040994],[2.253007,49.040842],[2.252895,49.040703],[2.252655,49.040517],[2.252128,49.040206],[2.251868,49.039996],[2.251709,49.039825],[2.251584,49.039612],[2.251514,49.039408],[2.251511,49.03924],[2.251594,49.038949],[2.251714,49.038636],[2.251836,49.037968],[2.252026,49.037601],[2.252457,49.037185],[2.252546,49.037058],[2.252646,49.03676],[2.25282,49.036481],[2.252903,49.036218],[2.252825,49.035833],[2.251629,49.036178],[2.250582,49.03649],[2.248572,49.03707],[2.247712,49.037335],[2.244485,49.038289],[2.243746,49.035154],[2.243006,49.032037],[2.242339,49.029307],[2.24256,49.028309],[2.242686,49.028184],[2.242565,49.027896],[2.242507,49.027271],[2.240908,49.025441],[2.24088,49.025348],[2.240622,49.025113],[2.240515,49.024977],[2.240377,49.02459],[2.240339,49.02438],[2.240254,49.024137],[2.240143,49.023956],[2.239971,49.023504],[2.239825,49.023372],[2.23964,49.023275],[2.239343,49.023063],[2.238923,49.022699],[2.238444,49.022322],[2.238028,49.022073],[2.237897,49.021965],[2.237469,49.021479],[2.237342,49.021522],[2.236436,49.020468],[2.236255,49.020118],[2.235983,49.019725],[2.235642,49.019178],[2.235577,49.019045],[2.235183,49.018419],[2.234865,49.018456],[2.234298,49.017752],[2.234042,49.017814],[2.233847,49.017537],[2.233421,49.017134],[2.232952,49.016644],[2.232342,49.015913],[2.232075,49.015695],[2.231714,49.015486],[2.231166,49.015012],[2.230835,49.014856],[2.230336,49.014577],[2.230264,49.014487],[2.227566,49.012912],[2.227525,49.013054],[2.22654,49.013646],[2.226591,49.01391],[2.226552,49.014305],[2.225012,49.01287],[2.223896,49.011796]]]}},{"type":"Feature","properties":{"nom":"Théméricourt","code":"95610","population":283,"codeDepartement":"95"},"geometry":{"type":"Polygon","coordinates":[[[1.896252,49.066299],[1.894745,49.067095],[1.896475,49.068756],[1.89406,49.069951],[1.893865,49.069719],[1.890808,49.071203],[1.891056,49.071412],[1.890592,49.071874],[1.893978,49.075013],[1.892386,49.075722],[1.890815,49.07643],[1.889594,49.077017],[1.888557,49.077492],[1.887964,49.077748],[1.889012,49.078664],[1.889904,49.079343],[1.891053,49.08025],[1.891589,49.080735],[1.892658,49.081673],[1.892642,49.081688],[1.889193,49.083203],[1.887543,49.083982],[1.886751,49.084252],[1.887669,49.084932],[1.889963,49.086565],[1.889353,49.086712],[1.889473,49.086889],[1.890553,49.088112],[1.89064,49.088064],[1.890975,49.088353],[1.890011,49.088782],[1.889336,49.089026],[1.888891,49.089127],[1.888299,49.089226],[1.891005,49.092507],[1.890485,49.092514],[1.889996,49.092612],[1.889985,49.092929],[1.890434,49.095191],[1.892207,49.095228],[1.892666,49.09596],[1.893177,49.096578],[1.893593,49.096432],[1.89476,49.09742],[1.895397,49.09788],[1.895156,49.100125],[1.895133,49.10044],[1.895203,49.10056],[1.89349,49.101496],[1.893893,49.101755],[1.89518,49.102753],[1.896274,49.10357],[1.897211,49.104245],[1.897939,49.104609],[1.898864,49.105098],[1.899387,49.105419],[1.900251,49.10621],[1.901323,49.107346],[1.901551,49.107619],[1.902319,49.108009],[1.904018,49.108915],[1.904182,49.109023],[1.904373,49.109263],[1.905368,49.110605],[1.905875,49.111314],[1.907372,49.110684],[1.908879,49.110044],[1.909248,49.109902],[1.911578,49.108868],[1.913217,49.108221],[1.913853,49.107984],[1.914123,49.107883],[1.914816,49.107549],[1.915512,49.107242],[1.917227,49.106528],[1.918782,49.105845],[1.919756,49.105451],[1.92008,49.105293],[1.920874,49.10496],[1.922758,49.104138],[1.924182,49.103563],[1.924382,49.103463],[1.925845,49.102821],[1.926047,49.102757],[1.925487,49.102105],[1.925178,49.101815],[1.923976,49.101279],[1.921846,49.09478],[1.922775,49.091439],[1.921508,49.090201],[1.919946,49.088621],[1.919713,49.088334],[1.919051,49.087761],[1.918834,49.087529],[1.918357,49.086882],[1.918,49.086677],[1.917906,49.086728],[1.91642,49.085386],[1.916274,49.08544],[1.915205,49.084488],[1.914822,49.084097],[1.914727,49.083934],[1.91499,49.083869],[1.915244,49.083769],[1.91529,49.083705],[1.915263,49.083536],[1.915032,49.083138],[1.914365,49.082487],[1.913432,49.082886],[1.912076,49.081648],[1.911546,49.08117],[1.910125,49.080236],[1.909731,49.07999],[1.909333,49.079692],[1.90883,49.079281],[1.908357,49.078867],[1.907464,49.078039],[1.906968,49.077558],[1.906879,49.077489],[1.906202,49.076865],[1.905602,49.076285],[1.905139,49.075793],[1.904436,49.074917],[1.904241,49.074647],[1.903241,49.073249],[1.903147,49.073097],[1.902659,49.072422],[1.901972,49.071433],[1.900767,49.069817],[1.900469,49.06964],[1.900311,49.069609],[1.899984,49.069356],[1.89978,49.069145],[1.89965,49.068944],[1.899565,49.068715],[1.89952,49.068461],[1.899247,49.068111],[1.898857,49.067769],[1.898833,49.067614],[1.899182,49.066909],[1.899283,49.066631],[1.899324,49.066382],[1.899301,49.066121],[1.899148,49.065724],[1.89915,49.065482],[1.89921,49.065363],[1.898751,49.065094],[1.896886,49.06597],[1.896252,49.066299]]]}},{"type":"Feature","properties":{"nom":"Theuville","code":"95611","population":53,"codeDepartement":"95"},"geometry":{"type":"Polygon","coordinates":[[[2.084991,49.152607],[2.084907,49.151831],[2.084896,49.151504],[2.084747,49.149548],[2.084709,49.1493],[2.084849,49.148678],[2.084567,49.148661],[2.08437,49.147772],[2.084333,49.14769],[2.083323,49.147726],[2.083106,49.14772],[2.081532,49.147848],[2.080269,49.147024],[2.079971,49.146594],[2.080007,49.146341],[2.080196,49.146116],[2.080576,49.145494],[2.080305,49.145621],[2.079989,49.145349],[2.079821,49.145371],[2.079138,49.145337],[2.078967,49.145296],[2.078482,49.145308],[2.077919,49.145217],[2.077715,49.145499],[2.076524,49.145637],[2.075731,49.145846],[2.07573,49.145737],[2.074303,49.14494],[2.073933,49.144788],[2.073879,49.144967],[2.07266,49.144664],[2.072547,49.144009],[2.071248,49.144145],[2.070427,49.144102],[2.069657,49.14377],[2.069311,49.143653],[2.068938,49.143577],[2.067653,49.14327],[2.067317,49.143368],[2.067004,49.143454],[2.066795,49.143568],[2.066496,49.143406],[2.065364,49.143851],[2.064834,49.144176],[2.064958,49.144265],[2.064169,49.144646],[2.06365,49.144819],[2.062953,49.145073],[2.062371,49.145524],[2.062194,49.145677],[2.060852,49.147004],[2.0605,49.147576],[2.060457,49.14785],[2.06047,49.148561],[2.060558,49.148983],[2.060542,49.14994],[2.061067,49.15068],[2.061196,49.151166],[2.061063,49.151616],[2.060875,49.151904],[2.060881,49.152552],[2.060377,49.15275],[2.059733,49.152919],[2.058903,49.153193],[2.05881,49.153467],[2.057974,49.15362],[2.057224,49.15382],[2.056528,49.153974],[2.056256,49.154053],[2.055981,49.15425],[2.055681,49.154547],[2.05528,49.154883],[2.054869,49.155095],[2.054287,49.155299],[2.053867,49.155413],[2.052892,49.15565],[2.052369,49.155749],[2.051782,49.155794],[2.050725,49.155787],[2.050447,49.155757],[2.049658,49.155751],[2.049319,49.155777],[2.049568,49.157398],[2.048787,49.157526],[2.048818,49.158424],[2.048861,49.158661],[2.048845,49.158996],[2.048745,49.159297],[2.048442,49.160434],[2.048423,49.160773],[2.048276,49.160793],[2.048419,49.161744],[2.048875,49.162076],[2.049093,49.161995],[2.049564,49.16256],[2.05185,49.162598],[2.054538,49.162931],[2.057418,49.163444],[2.057258,49.16385],[2.060207,49.164478],[2.060613,49.165295],[2.060818,49.165258],[2.061642,49.166712],[2.06216,49.166567],[2.063316,49.167321],[2.064266,49.167917],[2.064687,49.168148],[2.065577,49.168683],[2.066581,49.169134],[2.06858,49.170207],[2.072763,49.169935],[2.072801,49.169801],[2.073115,49.167362],[2.074841,49.165132],[2.075105,49.164241],[2.075101,49.164179],[2.075411,49.163415],[2.075541,49.163162],[2.077366,49.163393],[2.077361,49.162071],[2.078772,49.16206],[2.08081,49.161795],[2.080964,49.162164],[2.081541,49.162792],[2.08279,49.16296],[2.083622,49.162797],[2.087233,49.163195],[2.087231,49.162589],[2.087199,49.161578],[2.087092,49.160551],[2.086264,49.157832],[2.086233,49.157709],[2.085386,49.155236],[2.085363,49.155149],[2.085171,49.153885],[2.084991,49.152607]]]}},{"type":"Feature","properties":{"nom":"Le Thillay","code":"95612","population":4560,"codeDepartement":"95"},"geometry":{"type":"Polygon","coordinates":[[[2.488119,49.0022],[2.488036,49.001992],[2.487629,49.002017],[2.487565,49.001883],[2.487382,49.001928],[2.487286,49.001753],[2.486683,49.001865],[2.486434,49.001235],[2.48533,49.001226],[2.484843,49.001199],[2.48422,49.001184],[2.483585,49.001118],[2.483623,49.000934],[2.483514,48.999941],[2.483574,48.999784],[2.483499,48.999247],[2.482381,48.998033],[2.481544,48.997081],[2.480266,48.995642],[2.47954,48.994812],[2.479009,48.994257],[2.478753,48.993965],[2.477382,48.993681],[2.476867,48.993605],[2.476181,48.9936],[2.47534,48.993641],[2.474774,48.99371],[2.474423,48.993799],[2.474126,48.993905],[2.473762,48.994073],[2.4735,48.994165],[2.473141,48.994257],[2.472523,48.994379],[2.471993,48.994499],[2.471471,48.99468],[2.47093,48.994939],[2.470436,48.995141],[2.469847,48.995412],[2.469457,48.99556],[2.468941,48.995697],[2.467993,48.996013],[2.467402,48.99616],[2.467241,48.996271],[2.467241,48.99582],[2.467281,48.995646],[2.467244,48.995377],[2.467278,48.995229],[2.467057,48.99503],[2.467012,48.994838],[2.467068,48.99463],[2.467072,48.994393],[2.466715,48.994292],[2.466575,48.994215],[2.466273,48.994209],[2.465262,48.995565],[2.464856,48.996043],[2.46451,48.996483],[2.464098,48.997065],[2.463848,48.997373],[2.463783,48.997544],[2.463695,48.997637],[2.463383,48.997391],[2.462974,48.99712],[2.462407,48.996783],[2.461327,48.997231],[2.461934,48.997851],[2.462953,48.997586],[2.463009,48.997616],[2.463303,48.997964],[2.464131,48.998981],[2.46434,48.999324],[2.464933,49.000503],[2.465283,49.001314],[2.464579,49.001342],[2.464567,49.001411],[2.464332,49.001401],[2.463986,49.001484],[2.463412,49.00158],[2.463017,49.001631],[2.462125,49.001684],[2.460801,49.00169],[2.460288,49.001714],[2.459126,49.001808],[2.457493,49.001959],[2.45652,49.002094],[2.456083,49.002178],[2.454992,49.002448],[2.454361,49.002642],[2.453213,49.003029],[2.452428,49.003286],[2.451737,49.003486],[2.450488,49.003825],[2.449327,49.004115],[2.4473,49.004655],[2.44595,49.00503],[2.44422,49.00548],[2.444024,49.005526],[2.44673,49.010182],[2.44649,49.010292],[2.445805,49.010427],[2.4454,49.010551],[2.443476,49.011021],[2.443376,49.011312],[2.443557,49.011502],[2.443721,49.011734],[2.444028,49.012052],[2.444625,49.012456],[2.445928,49.012099],[2.447615,49.011527],[2.447699,49.011513],[2.449095,49.011029],[2.449923,49.01083],[2.450274,49.01078],[2.452013,49.010558],[2.453852,49.010189],[2.454266,49.010135],[2.455111,49.009988],[2.456461,49.009723],[2.457301,49.009649],[2.458142,49.009534],[2.458499,49.009513],[2.459144,49.009532],[2.461058,49.009683],[2.461049,49.009792],[2.461106,49.010419],[2.46128,49.010425],[2.461928,49.010239],[2.46295,49.009923],[2.463804,49.009678],[2.464563,49.009507],[2.464937,49.009403],[2.465423,49.009216],[2.466063,49.008992],[2.466196,49.008911],[2.466507,49.009496],[2.466858,49.009508],[2.467325,49.009496],[2.46754,49.009447],[2.467567,49.009591],[2.468713,49.009571],[2.469828,49.009318],[2.469595,49.009004],[2.469471,49.008752],[2.469489,49.008674],[2.469701,49.008347],[2.471883,49.009479],[2.472559,49.009819],[2.472561,49.009925],[2.472446,49.01033],[2.473042,49.010429],[2.474987,49.010135],[2.475352,49.010073],[2.475378,49.010103],[2.475748,49.010038],[2.477255,49.00991],[2.477282,49.010084],[2.477473,49.010781],[2.478511,49.010641],[2.478685,49.011159],[2.478789,49.011536],[2.47925,49.011467],[2.479796,49.011417],[2.481305,49.0113],[2.4827,49.011231],[2.483704,49.011175],[2.485241,49.01102],[2.486256,49.010901],[2.488138,49.010703],[2.488792,49.010609],[2.48966,49.010442],[2.489923,49.010407],[2.490411,49.010299],[2.4912,49.010247],[2.490636,49.008782],[2.490142,49.007477],[2.489899,49.006869],[2.489347,49.005451],[2.488998,49.004773],[2.489042,49.004644],[2.489012,49.004499],[2.48851,49.003261],[2.488119,49.0022]]]}},{"type":"Feature","properties":{"nom":"Us","code":"95625","population":1374,"codeDepartement":"95"},"geometry":{"type":"Polygon","coordinates":[[[1.950434,49.119295],[1.951784,49.119803],[1.952164,49.119438],[1.952083,49.119197],[1.952373,49.118961],[1.952797,49.118701],[1.952982,49.118608],[1.953373,49.118324],[1.953578,49.118203],[1.954204,49.118097],[1.955068,49.117979],[1.955238,49.11794],[1.955388,49.117847],[1.955768,49.117402],[1.956013,49.117303],[1.956199,49.117166],[1.956638,49.11764],[1.956872,49.117933],[1.957397,49.118372],[1.958029,49.118696],[1.958321,49.118814],[1.95874,49.1189],[1.959047,49.118994],[1.961028,49.119264],[1.961743,49.119285],[1.962286,49.119325],[1.962833,49.119381],[1.964311,49.119747],[1.964557,49.119843],[1.965144,49.120019],[1.965302,49.120116],[1.966122,49.120403],[1.966209,49.120461],[1.966353,49.120712],[1.966576,49.120824],[1.967578,49.121234],[1.967941,49.121333],[1.969002,49.121524],[1.969369,49.121623],[1.969799,49.121794],[1.970102,49.12198],[1.970321,49.122184],[1.970676,49.122387],[1.971183,49.122557],[1.971554,49.122624],[1.971819,49.122717],[1.971914,49.122865],[1.972372,49.123034],[1.972682,49.123209],[1.972795,49.123344],[1.972779,49.123522],[1.973087,49.123879],[1.974268,49.124138],[1.975367,49.124807],[1.975984,49.123768],[1.976656,49.123498],[1.977093,49.122324],[1.977645,49.122006],[1.977928,49.121871],[1.978368,49.121615],[1.979061,49.12131],[1.978505,49.120473],[1.981726,49.117327],[1.981708,49.116999],[1.981881,49.116882],[1.982775,49.116176],[1.983977,49.115213],[1.984997,49.114383],[1.986127,49.113435],[1.98665,49.113035],[1.987272,49.112541],[1.989843,49.110475],[1.990529,49.109929],[1.990061,49.109638],[1.989087,49.109354],[1.988913,49.109262],[1.988747,49.109068],[1.98795,49.10867],[1.987214,49.108269],[1.987892,49.107621],[1.98799,49.107469],[1.988019,49.107312],[1.987977,49.107151],[1.98782,49.106973],[1.986694,49.105984],[1.984623,49.104123],[1.984402,49.104013],[1.979053,49.101909],[1.978813,49.101872],[1.978676,49.101666],[1.978587,49.101466],[1.97857,49.101277],[1.978634,49.100988],[1.979209,49.099779],[1.979335,49.099334],[1.97944,49.098789],[1.979495,49.098597],[1.979121,49.09811],[1.978709,49.097802],[1.97825,49.097546],[1.977612,49.097295],[1.977214,49.097192],[1.97619,49.097103],[1.975673,49.097077],[1.97469,49.096985],[1.974664,49.097501],[1.97467,49.098117],[1.974619,49.098461],[1.974194,49.098373],[1.974139,49.098242],[1.973847,49.097223],[1.973729,49.096775],[1.973772,49.096341],[1.973704,49.096188],[1.973574,49.096217],[1.973332,49.096427],[1.972493,49.095915],[1.972168,49.095829],[1.972355,49.095431],[1.972513,49.095165],[1.972528,49.094981],[1.972486,49.094598],[1.972222,49.09446],[1.972485,49.09425],[1.9703,49.094144],[1.970164,49.094123],[1.969421,49.094291],[1.968914,49.094248],[1.967745,49.094488],[1.966099,49.094248],[1.966306,49.09374],[1.966379,49.093455],[1.966302,49.093404],[1.963346,49.093509],[1.961801,49.093558],[1.961844,49.093317],[1.961108,49.093073],[1.960292,49.092681],[1.959604,49.092449],[1.959116,49.092306],[1.958868,49.092475],[1.957693,49.090819],[1.957567,49.090624],[1.957592,49.090539],[1.957455,49.090276],[1.957256,49.08998],[1.95711,49.089812],[1.956777,49.089127],[1.956797,49.088625],[1.956533,49.088415],[1.956455,49.088074],[1.956053,49.087586],[1.954598,49.086553],[1.953855,49.086944],[1.951196,49.085766],[1.950697,49.08616],[1.948752,49.087623],[1.948167,49.087057],[1.94711,49.087729],[1.946952,49.087819],[1.946576,49.08794],[1.946506,49.088208],[1.946531,49.088263],[1.946422,49.088498],[1.946319,49.08884],[1.946232,49.088995],[1.946086,49.089037],[1.945765,49.089202],[1.944252,49.090034],[1.943178,49.090616],[1.941709,49.091402],[1.941577,49.091485],[1.941422,49.091298],[1.936022,49.091781],[1.935191,49.092254],[1.925737,49.094482],[1.921846,49.09478],[1.923976,49.101279],[1.925178,49.101815],[1.925487,49.102105],[1.926047,49.102757],[1.926412,49.102589],[1.927008,49.102378],[1.928871,49.101557],[1.930015,49.101086],[1.931665,49.102611],[1.932425,49.102944],[1.93329,49.103242],[1.933976,49.103986],[1.935955,49.105337],[1.935578,49.105649],[1.936275,49.106116],[1.936088,49.106246],[1.936714,49.106689],[1.936901,49.106655],[1.938659,49.107959],[1.93819,49.108184],[1.939203,49.108819],[1.939483,49.109055],[1.940018,49.109408],[1.940694,49.109763],[1.94129,49.110051],[1.941766,49.110216],[1.942136,49.110423],[1.942357,49.110978],[1.943054,49.112547],[1.943178,49.112718],[1.943144,49.112894],[1.943007,49.113075],[1.942701,49.113389],[1.942502,49.113634],[1.942371,49.114104],[1.9438,49.114458],[1.94516,49.114931],[1.945539,49.115199],[1.946055,49.115725],[1.946507,49.116297],[1.947011,49.116845],[1.94755,49.117369],[1.947787,49.117701],[1.948293,49.118026],[1.949058,49.11859],[1.949521,49.118861],[1.950003,49.119072],[1.950434,49.119295]]]}},{"type":"Feature","properties":{"nom":"Vallangoujard","code":"95627","population":625,"codeDepartement":"95"},"geometry":{"type":"Polygon","coordinates":[[[2.10572,49.113507],[2.104462,49.112299],[2.104183,49.112016],[2.102722,49.112143],[2.101832,49.112294],[2.098301,49.112667],[2.097914,49.112693],[2.094356,49.114558],[2.092005,49.116349],[2.092227,49.116608],[2.093445,49.117772],[2.093827,49.118918],[2.093562,49.119953],[2.093278,49.12023],[2.093295,49.120317],[2.093014,49.120475],[2.092897,49.120664],[2.092963,49.121379],[2.093029,49.121938],[2.093017,49.122148],[2.093254,49.123953],[2.093305,49.124611],[2.093432,49.126892],[2.092844,49.126911],[2.092702,49.126894],[2.092955,49.127695],[2.093298,49.128073],[2.092677,49.128227],[2.092397,49.12859],[2.091609,49.129012],[2.091311,49.128507],[2.08952,49.12888],[2.089596,49.128985],[2.088579,49.129316],[2.088776,49.129652],[2.08909,49.130052],[2.089407,49.130571],[2.089491,49.130743],[2.08976,49.131132],[2.08837,49.131324],[2.088448,49.131566],[2.088629,49.13153],[2.089344,49.134711],[2.089093,49.135009],[2.089253,49.13574],[2.089841,49.137468],[2.088091,49.13773],[2.088278,49.138332],[2.085472,49.138921],[2.085423,49.139977],[2.085504,49.142086],[2.088721,49.141847],[2.088944,49.142862],[2.089399,49.142845],[2.089493,49.143339],[2.089975,49.143305],[2.090861,49.14319],[2.091231,49.1431],[2.091398,49.143694],[2.091114,49.145101],[2.091207,49.14521],[2.091855,49.145808],[2.090826,49.145842],[2.090906,49.146745],[2.090226,49.1468],[2.089818,49.146809],[2.089414,49.146851],[2.089691,49.147607],[2.087804,49.147927],[2.088068,49.148824],[2.087629,49.148906],[2.087559,49.148755],[2.087369,49.14879],[2.087245,49.148647],[2.085863,49.14909],[2.084709,49.1493],[2.084747,49.149548],[2.084896,49.151504],[2.084907,49.151831],[2.084991,49.152607],[2.0857,49.152418],[2.086397,49.152215],[2.088024,49.151694],[2.08924,49.151292],[2.089803,49.151098],[2.090636,49.150781],[2.090971,49.150686],[2.092028,49.15044],[2.093433,49.150202],[2.094116,49.150113],[2.094854,49.149998],[2.0954,49.150014],[2.0967,49.150186],[2.097041,49.150241],[2.098637,49.150447],[2.099321,49.150592],[2.100135,49.150627],[2.100642,49.150661],[2.10128,49.150682],[2.102877,49.150772],[2.103048,49.150769],[2.10996,49.146011],[2.112035,49.146079],[2.112358,49.145724],[2.11241,49.145571],[2.112392,49.145406],[2.111998,49.144564],[2.111828,49.144317],[2.111643,49.14411],[2.112003,49.143724],[2.112686,49.143236],[2.111287,49.142735],[2.111558,49.142526],[2.112521,49.142273],[2.113514,49.141939],[2.114638,49.142098],[2.114884,49.142196],[2.11516,49.142269],[2.115474,49.142465],[2.115822,49.141089],[2.115919,49.140916],[2.116091,49.140867],[2.117384,49.141065],[2.118131,49.141135],[2.119694,49.141495],[2.119637,49.141711],[2.120771,49.142017],[2.120476,49.142564],[2.12104,49.142689],[2.120852,49.142961],[2.12095,49.143153],[2.121969,49.144026],[2.121918,49.144158],[2.123002,49.144853],[2.126066,49.142807],[2.125505,49.142312],[2.130398,49.141866],[2.130862,49.141834],[2.130457,49.139978],[2.130116,49.138636],[2.129531,49.138598],[2.129211,49.138614],[2.128086,49.138763],[2.127907,49.137917],[2.127795,49.13733],[2.127776,49.137103],[2.126827,49.137174],[2.12646,49.137211],[2.125357,49.136452],[2.124883,49.135565],[2.124548,49.135428],[2.123957,49.135555],[2.123499,49.135972],[2.122,49.136187],[2.121785,49.136152],[2.121642,49.135958],[2.121431,49.13546],[2.121221,49.135489],[2.120874,49.134802],[2.120653,49.1343],[2.120699,49.134219],[2.120893,49.134218],[2.120563,49.133242],[2.121414,49.133149],[2.118813,49.128159],[2.11784,49.127986],[2.117694,49.127936],[2.115233,49.124244],[2.114261,49.122828],[2.11144,49.123235],[2.108491,49.123642],[2.105144,49.119663],[2.106869,49.11886],[2.109541,49.117796],[2.107649,49.116489],[2.104707,49.113976],[2.10572,49.113507]]]}},{"type":"Feature","properties":{"nom":"Valmondois","code":"95628","population":1208,"codeDepartement":"95"},"geometry":{"type":"Polygon","coordinates":[[[2.209246,49.093511],[2.208998,49.092683],[2.208893,49.092218],[2.208319,49.091054],[2.207714,49.09118],[2.206481,49.091409],[2.205303,49.091613],[2.204002,49.091785],[2.202818,49.092026],[2.201333,49.092349],[2.200874,49.092058],[2.200543,49.091951],[2.200316,49.091921],[2.199901,49.091917],[2.198232,49.092017],[2.197609,49.092073],[2.197047,49.092218],[2.196421,49.092673],[2.195925,49.091841],[2.195787,49.091925],[2.195289,49.092335],[2.195017,49.092714],[2.194757,49.092779],[2.19451,49.092752],[2.194747,49.092101],[2.195452,49.091451],[2.195991,49.091001],[2.196107,49.090663],[2.195899,49.089784],[2.195149,49.088741],[2.19501,49.088325],[2.194758,49.088389],[2.193782,49.088744],[2.192451,49.089243],[2.19207,49.089401],[2.190908,49.089946],[2.189345,49.08887],[2.189226,49.088755],[2.18761,49.087756],[2.18622,49.086905],[2.185254,49.086153],[2.184846,49.086433],[2.183697,49.085639],[2.18288,49.086026],[2.182414,49.08622],[2.182114,49.086374],[2.181655,49.086665],[2.181274,49.086852],[2.180908,49.086971],[2.180537,49.087189],[2.180132,49.087522],[2.177427,49.08659],[2.177343,49.086764],[2.176405,49.087977],[2.176018,49.08786],[2.175037,49.08753],[2.174436,49.088419],[2.173528,49.088174],[2.173114,49.088804],[2.172608,49.089543],[2.171923,49.090505],[2.171735,49.090826],[2.172512,49.091179],[2.171512,49.093001],[2.171108,49.093528],[2.170548,49.094217],[2.170357,49.094435],[2.169317,49.095698],[2.16752,49.097509],[2.165121,49.09932],[2.164977,49.099536],[2.164289,49.100263],[2.163872,49.100646],[2.163566,49.100977],[2.162535,49.102142],[2.162171,49.102463],[2.161438,49.103078],[2.160605,49.103352],[2.159794,49.103638],[2.159512,49.104467],[2.159365,49.104973],[2.159044,49.106911],[2.160405,49.107417],[2.160514,49.107432],[2.162787,49.1075],[2.164535,49.107544],[2.165166,49.107555],[2.165178,49.108451],[2.172491,49.109031],[2.17242,49.109163],[2.172283,49.109656],[2.172714,49.109536],[2.174244,49.109849],[2.174342,49.109634],[2.174689,49.109697],[2.175201,49.108893],[2.176156,49.109255],[2.176284,49.109226],[2.176633,49.109319],[2.176747,49.109198],[2.177841,49.109537],[2.178387,49.10974],[2.178517,49.109532],[2.178899,49.109614],[2.179029,49.109446],[2.179951,49.109769],[2.180119,49.109548],[2.180533,49.109091],[2.180905,49.108598],[2.181136,49.10834],[2.181345,49.108161],[2.18156,49.108053],[2.181888,49.107951],[2.18228,49.107802],[2.183307,49.107308],[2.183506,49.107132],[2.183627,49.106968],[2.184369,49.106912],[2.1853,49.106942],[2.185608,49.106941],[2.185615,49.106784],[2.185679,49.106704],[2.186081,49.106459],[2.186266,49.10628],[2.186293,49.106054],[2.186288,49.105667],[2.186359,49.105457],[2.186581,49.105061],[2.186688,49.104773],[2.186639,49.104503],[2.186503,49.104201],[2.186114,49.103676],[2.185636,49.102975],[2.18623,49.10289],[2.186474,49.102891],[2.186653,49.102989],[2.186924,49.103186],[2.18733,49.1034],[2.187445,49.103488],[2.187976,49.103732],[2.188552,49.104098],[2.188942,49.104482],[2.18901,49.104246],[2.189015,49.103972],[2.188896,49.103703],[2.188777,49.10329],[2.188586,49.101939],[2.188551,49.101627],[2.18867,49.101392],[2.188795,49.101254],[2.189791,49.100865],[2.190055,49.100727],[2.19053,49.100435],[2.191023,49.100177],[2.191231,49.100047],[2.191718,49.099645],[2.192634,49.09904],[2.192821,49.098887],[2.19337,49.098512],[2.193599,49.098407],[2.194184,49.097979],[2.194763,49.097597],[2.195198,49.097328],[2.196251,49.096589],[2.197194,49.095899],[2.197472,49.095714],[2.197977,49.09532],[2.198339,49.094805],[2.198478,49.09467],[2.19866,49.094622],[2.199115,49.094701],[2.199955,49.094795],[2.200092,49.094831],[2.2003,49.095093],[2.200383,49.095135],[2.200517,49.095365],[2.20071,49.0953],[2.200266,49.094786],[2.203001,49.094403],[2.203309,49.094384],[2.203198,49.093842],[2.203506,49.093889],[2.203655,49.093855],[2.203682,49.093637],[2.20426,49.09366],[2.204172,49.093489],[2.20419,49.093401],[2.204328,49.093333],[2.20448,49.093328],[2.204763,49.093501],[2.204974,49.093521],[2.205214,49.093475],[2.205294,49.093514],[2.205236,49.093715],[2.205352,49.093764],[2.20564,49.093651],[2.205862,49.093635],[2.205848,49.093493],[2.205967,49.093451],[2.206146,49.093483],[2.206274,49.093638],[2.206528,49.09365],[2.206653,49.093835],[2.206856,49.093732],[2.207014,49.093768],[2.207452,49.093948],[2.207632,49.093952],[2.207841,49.093881],[2.207945,49.093778],[2.207974,49.093577],[2.208233,49.0935],[2.208595,49.093626],[2.209246,49.093511]]]}},{"type":"Feature","properties":{"nom":"Vaudherland","code":"95633","population":104,"codeDepartement":"95"},"geometry":{"type":"Polygon","coordinates":[[[2.485756,48.999333],[2.485291,48.999482],[2.484923,48.999536],[2.484242,48.999675],[2.483706,48.999468],[2.483499,48.999247],[2.483574,48.999784],[2.483514,48.999941],[2.483623,49.000934],[2.483585,49.001118],[2.48422,49.001184],[2.484843,49.001199],[2.48533,49.001226],[2.486434,49.001235],[2.486683,49.001865],[2.487286,49.001753],[2.487382,49.001928],[2.487565,49.001883],[2.487629,49.002017],[2.488036,49.001992],[2.488119,49.0022],[2.489034,49.002104],[2.488983,49.001943],[2.489123,49.001948],[2.488766,49.001127],[2.489175,49.001162],[2.489262,49.001012],[2.489284,49.000196],[2.488602,49.000224],[2.488506,49.000141],[2.488015,48.999057],[2.487955,48.998873],[2.486852,48.999005],[2.486163,48.999221],[2.485756,48.999333]]]}},{"type":"Feature","properties":{"nom":"Vauréal","code":"95637","population":16079,"codeDepartement":"95"},"geometry":{"type":"Polygon","coordinates":[[[2.010836,49.020658],[2.010072,49.026882],[2.011093,49.026954],[2.012006,49.027037],[2.012531,49.02712],[2.012842,49.027206],[2.012726,49.027715],[2.012573,49.028282],[2.012463,49.028963],[2.012381,49.029249],[2.012032,49.030666],[2.011691,49.032343],[2.011619,49.032996],[2.011543,49.033548],[2.011422,49.034007],[2.011292,49.034312],[2.011207,49.035022],[2.01077,49.03737],[2.014501,49.039253],[2.016037,49.039664],[2.018186,49.039087],[2.019673,49.038582],[2.021632,49.038751],[2.021836,49.038122],[2.023589,49.038198],[2.024347,49.03832],[2.025671,49.038399],[2.025556,49.038694],[2.025552,49.038844],[2.026086,49.038944],[2.02619,49.038716],[2.026658,49.038143],[2.026822,49.037903],[2.026942,49.037595],[2.027043,49.037461],[2.027203,49.037381],[2.027773,49.037243],[2.028353,49.03717],[2.028963,49.037144],[2.02939,49.037157],[2.029898,49.037103],[2.030575,49.036913],[2.030712,49.036734],[2.031191,49.03682],[2.031765,49.036905],[2.032369,49.036974],[2.03274,49.037035],[2.03314,49.037154],[2.033462,49.037272],[2.033914,49.037526],[2.034169,49.037747],[2.034926,49.038668],[2.035729,49.038304],[2.036696,49.037386],[2.036864,49.037529],[2.037055,49.037346],[2.037696,49.036929],[2.038986,49.036035],[2.039719,49.035536],[2.038249,49.034014],[2.037411,49.03313],[2.036696,49.032061],[2.03653,49.031664],[2.036479,49.031331],[2.036479,49.031049],[2.036559,49.030552],[2.036714,49.030085],[2.03702,49.029638],[2.037435,49.029094],[2.038559,49.027942],[2.03969,49.026883],[2.040773,49.025703],[2.037814,49.024653],[2.037463,49.024563],[2.037044,49.024361],[2.037259,49.023846],[2.036757,49.023852],[2.035724,49.023724],[2.035312,49.023605],[2.035141,49.023503],[2.034685,49.023142],[2.034915,49.022777],[2.03514,49.022485],[2.035101,49.022368],[2.034807,49.022087],[2.03454,49.02199],[2.033994,49.021859],[2.033344,49.021744],[2.033035,49.021714],[2.032949,49.021669],[2.032344,49.021629],[2.031909,49.021676],[2.031692,49.021588],[2.031626,49.021466],[2.031662,49.02136],[2.031921,49.021215],[2.032399,49.020289],[2.029237,49.019671],[2.029064,49.019255],[2.028903,49.018975],[2.028797,49.018971],[2.027915,49.019235],[2.027113,49.019486],[2.026377,49.019699],[2.024783,49.020197],[2.024588,49.020237],[2.021919,49.021055],[2.021456,49.021109],[2.02117,49.021116],[2.019002,49.021037],[2.016081,49.020921],[2.014286,49.020873],[2.012263,49.020752],[2.010836,49.020658]]]}},{"type":"Feature","properties":{"nom":"Vémars","code":"95641","population":3124,"codeDepartement":"95"},"geometry":{"type":"Polygon","coordinates":[[[2.582976,49.080665],[2.583357,49.080751],[2.583559,49.079825],[2.584698,49.079935],[2.584668,49.080374],[2.58641,49.080547],[2.586614,49.079832],[2.590246,49.080035],[2.590299,49.079904],[2.590191,49.079797],[2.58989,49.079413],[2.589725,49.079122],[2.589722,49.078973],[2.59011,49.078057],[2.590125,49.077866],[2.589987,49.077797],[2.589647,49.077703],[2.589219,49.077542],[2.589054,49.077427],[2.588861,49.077215],[2.588357,49.076735],[2.587403,49.076225],[2.587144,49.076013],[2.587106,49.075784],[2.586974,49.075619],[2.586571,49.074997],[2.586429,49.074678],[2.585973,49.07407],[2.58579,49.073641],[2.585528,49.073291],[2.585328,49.072853],[2.585064,49.072394],[2.584858,49.072072],[2.584806,49.071934],[2.584546,49.071708],[2.584014,49.071152],[2.583813,49.070846],[2.583283,49.070188],[2.582979,49.069843],[2.582686,49.069565],[2.582351,49.069293],[2.581723,49.068855],[2.581303,49.068604],[2.580443,49.068027],[2.579458,49.067435],[2.578704,49.067003],[2.578343,49.066783],[2.578138,49.066703],[2.577535,49.066188],[2.5766,49.06577],[2.576624,49.065739],[2.575502,49.064983],[2.575311,49.064671],[2.575058,49.064362],[2.574505,49.063886],[2.57355,49.062921],[2.573045,49.062377],[2.572558,49.061914],[2.571379,49.060944],[2.57095,49.060578],[2.571494,49.059518],[2.571721,49.059017],[2.571915,49.05867],[2.572288,49.058075],[2.573042,49.056758],[2.573342,49.056041],[2.574083,49.054312],[2.575365,49.054599],[2.576177,49.054808],[2.576704,49.054964],[2.577247,49.055142],[2.578521,49.055625],[2.579031,49.055796],[2.579416,49.055904],[2.580293,49.056092],[2.580774,49.05622],[2.58286,49.05694],[2.584482,49.057525],[2.584969,49.057745],[2.585708,49.058052],[2.586472,49.056917],[2.585904,49.056619],[2.58672,49.055855],[2.585715,49.055365],[2.584729,49.053618],[2.584561,49.053337],[2.584759,49.052927],[2.584511,49.052833],[2.585382,49.052078],[2.585793,49.051701],[2.586537,49.051044],[2.586947,49.050716],[2.587946,49.049958],[2.588278,49.049801],[2.590663,49.049067],[2.591745,49.048696],[2.593347,49.048201],[2.595002,49.047746],[2.594651,49.04738],[2.594542,49.047237],[2.594158,49.04714],[2.593114,49.04716],[2.592517,49.047143],[2.591678,49.04714],[2.591076,49.047167],[2.589452,49.047198],[2.58879,49.047198],[2.588696,49.047167],[2.588533,49.047017],[2.586621,49.04698],[2.584775,49.047049],[2.583846,49.047078],[2.582152,49.046969],[2.581872,49.046936],[2.580247,49.046716],[2.57821,49.046634],[2.577383,49.046681],[2.577141,49.046681],[2.577005,49.046434],[2.576907,49.046372],[2.576315,49.045823],[2.575299,49.04477],[2.574456,49.044004],[2.57378,49.043502],[2.57253,49.042372],[2.572079,49.041947],[2.571503,49.041372],[2.570749,49.040666],[2.570352,49.040374],[2.569329,49.039582],[2.567227,49.040773],[2.567762,49.041369],[2.569192,49.040959],[2.569903,49.04214],[2.568002,49.043353],[2.569188,49.044278],[2.568522,49.04555],[2.569583,49.045708],[2.569953,49.046694],[2.570806,49.048017],[2.570197,49.048885],[2.569971,49.049929],[2.567254,49.04881],[2.56825,49.048232],[2.567353,49.047404],[2.566099,49.046854],[2.566322,49.046704],[2.565478,49.045945],[2.562828,49.047052],[2.562163,49.048416],[2.561325,49.048488],[2.561199,49.048394],[2.560831,49.047927],[2.559754,49.048459],[2.55938,49.048341],[2.558126,49.049205],[2.557054,49.048879],[2.556372,49.049604],[2.555888,49.049547],[2.556065,49.050253],[2.555995,49.050301],[2.554193,49.049946],[2.553363,49.051323],[2.552054,49.050945],[2.551987,49.051515],[2.550887,49.051594],[2.55116,49.05265],[2.550367,49.052707],[2.549951,49.053212],[2.550032,49.053781],[2.55013,49.054969],[2.550158,49.055007],[2.550749,49.054986],[2.550763,49.055417],[2.550679,49.056218],[2.55075,49.056362],[2.550983,49.056463],[2.551731,49.056691],[2.551369,49.057073],[2.552579,49.057752],[2.553188,49.058224],[2.553407,49.058419],[2.554233,49.059043],[2.553667,49.059571],[2.550117,49.057135],[2.54971,49.05714],[2.551157,49.060205],[2.552662,49.060391],[2.549806,49.062844],[2.548046,49.065519],[2.548251,49.065528],[2.548214,49.066383],[2.547763,49.06782],[2.54712,49.067695],[2.546897,49.068148],[2.547262,49.070213],[2.546234,49.070412],[2.546419,49.070726],[2.546568,49.071021],[2.547543,49.070749],[2.548554,49.072732],[2.548573,49.072942],[2.548741,49.073386],[2.548778,49.073554],[2.548785,49.073884],[2.548892,49.074257],[2.548587,49.074255],[2.54916,49.076709],[2.548521,49.076843],[2.548957,49.078424],[2.549944,49.079723],[2.551345,49.079042],[2.55244,49.079738],[2.553585,49.078783],[2.555053,49.078297],[2.55723,49.078474],[2.557365,49.078311],[2.560862,49.078456],[2.565587,49.076511],[2.567493,49.077205],[2.568277,49.076234],[2.568864,49.075524],[2.57273,49.07651],[2.572881,49.076591],[2.572612,49.076758],[2.572339,49.076997],[2.577243,49.07851],[2.577142,49.078673],[2.576566,49.079482],[2.579131,49.08033],[2.579363,49.080038],[2.579698,49.079909],[2.579914,49.079779],[2.580904,49.080056],[2.581185,49.080149],[2.582151,49.080414],[2.58245,49.080445],[2.582976,49.080665]]]}},{"type":"Feature","properties":{"nom":"Vétheuil","code":"95651","population":849,"codeDepartement":"95"},"geometry":{"type":"Polygon","coordinates":[[[1.731857,49.050514],[1.731529,49.050323],[1.729953,49.049316],[1.728965,49.048657],[1.728251,49.048204],[1.726252,49.046881],[1.725674,49.046526],[1.724986,49.046067],[1.724082,49.045505],[1.722931,49.044725],[1.716732,49.049077],[1.715763,49.048517],[1.714048,49.047457],[1.70968,49.050656],[1.70768,49.052215],[1.707582,49.052163],[1.707051,49.051722],[1.706728,49.052417],[1.706423,49.051993],[1.706047,49.052133],[1.706208,49.05228],[1.704808,49.052739],[1.704924,49.052846],[1.705219,49.053236],[1.703813,49.053191],[1.703739,49.052997],[1.702831,49.053382],[1.702736,49.053287],[1.700949,49.053797],[1.699253,49.054477],[1.698816,49.054673],[1.698522,49.054709],[1.698583,49.054799],[1.697936,49.055045],[1.697134,49.055367],[1.694643,49.056062],[1.695031,49.056371],[1.693558,49.056812],[1.6939,49.057379],[1.694258,49.057862],[1.695146,49.058905],[1.695892,49.06001],[1.696176,49.060659],[1.696223,49.060876],[1.69617,49.061503],[1.696099,49.06181],[1.696043,49.062404],[1.696027,49.062831],[1.696103,49.063154],[1.696241,49.063416],[1.696461,49.063669],[1.696691,49.063979],[1.696933,49.064106],[1.697116,49.064376],[1.697288,49.064835],[1.697322,49.065182],[1.697298,49.065523],[1.697233,49.065668],[1.696985,49.065949],[1.696415,49.06641],[1.695961,49.066729],[1.695736,49.066815],[1.695571,49.066917],[1.695248,49.067593],[1.694859,49.067863],[1.694176,49.068372],[1.693036,49.069189],[1.692335,49.069617],[1.690638,49.070529],[1.690127,49.070832],[1.689274,49.071213],[1.688447,49.071537],[1.687663,49.071813],[1.687481,49.071858],[1.687842,49.072156],[1.687949,49.072102],[1.68959,49.073329],[1.690844,49.074481],[1.691893,49.075228],[1.692131,49.075066],[1.692685,49.074634],[1.692849,49.07448],[1.692952,49.074323],[1.693592,49.074726],[1.693979,49.075033],[1.694333,49.075354],[1.695166,49.07618],[1.695283,49.076254],[1.695516,49.076505],[1.695974,49.076915],[1.696346,49.076738],[1.696403,49.07663],[1.696921,49.075921],[1.697251,49.075444],[1.697755,49.075563],[1.699445,49.076522],[1.699098,49.07671],[1.699565,49.077112],[1.700043,49.077079],[1.701424,49.078236],[1.701686,49.078426],[1.702607,49.078955],[1.703187,49.079057],[1.703391,49.079025],[1.703859,49.0789],[1.704182,49.078772],[1.704897,49.078535],[1.705845,49.078416],[1.706021,49.078385],[1.706026,49.078117],[1.706082,49.07778],[1.706081,49.077545],[1.706524,49.076858],[1.706706,49.076653],[1.707217,49.076285],[1.707733,49.076048],[1.70817,49.075781],[1.708537,49.075524],[1.709307,49.074943],[1.709803,49.074466],[1.709897,49.074332],[1.710044,49.073918],[1.710029,49.073607],[1.710069,49.073457],[1.71019,49.073375],[1.71167,49.072752],[1.711412,49.072336],[1.711031,49.07156],[1.710763,49.071085],[1.710426,49.070718],[1.709958,49.070397],[1.709754,49.070127],[1.711623,49.069854],[1.711471,49.069668],[1.710629,49.068986],[1.711371,49.068267],[1.711586,49.067996],[1.71267,49.065196],[1.7126,49.065073],[1.712821,49.064983],[1.713089,49.064745],[1.713447,49.064589],[1.713888,49.064086],[1.713971,49.064106],[1.714378,49.06297],[1.715098,49.063032],[1.71537,49.062219],[1.715245,49.062041],[1.714773,49.061864],[1.714819,49.061746],[1.715009,49.061593],[1.715094,49.061472],[1.71511,49.061318],[1.714983,49.060644],[1.714834,49.060426],[1.714701,49.060318],[1.714652,49.06019],[1.714125,49.060297],[1.712831,49.059472],[1.712459,49.059416],[1.71095,49.05922],[1.711413,49.058931],[1.711638,49.058832],[1.712175,49.058644],[1.712198,49.058222],[1.711907,49.058211],[1.711108,49.058141],[1.711099,49.057616],[1.711047,49.057261],[1.711038,49.056825],[1.711075,49.056285],[1.711294,49.05558],[1.711353,49.054655],[1.71144,49.05421],[1.711637,49.053777],[1.711891,49.053338],[1.71217,49.053082],[1.712488,49.053148],[1.71332,49.053258],[1.714669,49.053467],[1.714915,49.053535],[1.7155,49.053615],[1.716142,49.053053],[1.717329,49.053361],[1.716615,49.054175],[1.717395,49.054511],[1.719003,49.05346],[1.72165,49.052136],[1.722327,49.052937],[1.723,49.053938],[1.723057,49.054127],[1.723574,49.054541],[1.723887,49.054906],[1.725008,49.054594],[1.725199,49.053937],[1.725501,49.053903],[1.726982,49.053851],[1.727703,49.053535],[1.727997,49.05331],[1.730299,49.052505],[1.730392,49.05244],[1.730531,49.052207],[1.73065,49.051808],[1.730782,49.051571],[1.731303,49.05117],[1.731857,49.050514]]]}},{"type":"Feature","properties":{"nom":"Viarmes","code":"95652","population":5558,"codeDepartement":"95"},"geometry":{"type":"Polygon","coordinates":[[[2.39604,49.115662],[2.39556,49.114539],[2.395301,49.113306],[2.394324,49.112511],[2.393707,49.112186],[2.392974,49.11153],[2.392257,49.110876],[2.391813,49.110453],[2.391454,49.110241],[2.389756,49.109952],[2.389161,49.109868],[2.387385,49.109815],[2.384368,49.109042],[2.383689,49.108989],[2.383521,49.109342],[2.383472,49.109558],[2.382937,49.110159],[2.382402,49.110007],[2.380259,49.109435],[2.379402,49.109174],[2.378766,49.108965],[2.378088,49.108761],[2.376041,49.108162],[2.369741,49.106344],[2.370026,49.108439],[2.369453,49.108505],[2.36851,49.108552],[2.368276,49.10854],[2.367422,49.108379],[2.367269,49.108393],[2.366848,49.108329],[2.366676,49.108281],[2.365788,49.108089],[2.365419,49.108027],[2.365134,49.107912],[2.3647,49.107783],[2.363528,49.107498],[2.362747,49.107358],[2.362019,49.107205],[2.361489,49.107066],[2.361357,49.107099],[2.36011,49.10763],[2.360945,49.108849],[2.360083,49.108948],[2.360612,49.109805],[2.359466,49.109888],[2.358641,49.109928],[2.358336,49.109962],[2.358671,49.110991],[2.357961,49.110945],[2.35768,49.110952],[2.357799,49.111763],[2.355749,49.1118],[2.355687,49.111979],[2.355259,49.111958],[2.355172,49.113116],[2.355244,49.113587],[2.355352,49.113889],[2.355426,49.114542],[2.355478,49.114793],[2.355567,49.115042],[2.356039,49.116026],[2.356232,49.116602],[2.356365,49.117278],[2.356367,49.117512],[2.356457,49.11769],[2.356505,49.118163],[2.356504,49.118508],[2.356461,49.118898],[2.356378,49.119196],[2.356363,49.119627],[2.356398,49.11982],[2.356334,49.120073],[2.356154,49.1206],[2.355931,49.120789],[2.354587,49.121569],[2.354895,49.121804],[2.35525,49.122014],[2.35574,49.122496],[2.356451,49.123253],[2.35747,49.124445],[2.358263,49.125346],[2.359675,49.127347],[2.362079,49.130496],[2.362171,49.130577],[2.362393,49.13089],[2.363065,49.131734],[2.363161,49.131835],[2.363985,49.132361],[2.364138,49.132403],[2.364284,49.132513],[2.364901,49.132815],[2.366408,49.13364],[2.368365,49.134716],[2.368347,49.134769],[2.369536,49.135241],[2.369586,49.135175],[2.372691,49.136113],[2.373197,49.137497],[2.373245,49.13756],[2.373336,49.137935],[2.37349,49.138359],[2.373916,49.138447],[2.375748,49.138676],[2.376991,49.137912],[2.377137,49.137811],[2.377054,49.137722],[2.378224,49.137342],[2.378401,49.137254],[2.37943,49.136808],[2.382125,49.135537],[2.382386,49.135932],[2.382732,49.136219],[2.382882,49.136381],[2.383106,49.136551],[2.383857,49.137079],[2.384087,49.137191],[2.384988,49.137728],[2.385639,49.138139],[2.386722,49.138609],[2.386855,49.138695],[2.387482,49.138941],[2.388543,49.139249],[2.389208,49.139392],[2.389182,49.139264],[2.389329,49.138977],[2.389547,49.138669],[2.389756,49.138439],[2.390117,49.13821],[2.390321,49.138107],[2.390575,49.137903],[2.39068,49.137735],[2.390862,49.137534],[2.390943,49.137344],[2.39123,49.137211],[2.39132,49.137131],[2.391554,49.137144],[2.391715,49.137096],[2.392041,49.137084],[2.392663,49.1369],[2.393444,49.136759],[2.393671,49.136678],[2.395343,49.13647],[2.395627,49.136408],[2.396457,49.136327],[2.396456,49.136271],[2.396961,49.136282],[2.397269,49.136183],[2.397574,49.13612],[2.397901,49.136096],[2.398255,49.136106],[2.398513,49.136258],[2.39861,49.13635],[2.398787,49.136685],[2.398992,49.136663],[2.399111,49.137022],[2.399497,49.136951],[2.400737,49.136616],[2.401049,49.136589],[2.401601,49.136487],[2.401927,49.136358],[2.402257,49.136332],[2.40277,49.136167],[2.403151,49.136198],[2.403782,49.136177],[2.404021,49.136127],[2.404345,49.136141],[2.404581,49.136091],[2.404959,49.136072],[2.405249,49.135965],[2.405497,49.135926],[2.405823,49.135753],[2.406608,49.135599],[2.406868,49.135507],[2.40717,49.13548],[2.40755,49.135353],[2.407938,49.1353],[2.408107,49.135178],[2.408954,49.134878],[2.410193,49.134474],[2.411275,49.134091],[2.411274,49.133552],[2.41245,49.133237],[2.412519,49.133102],[2.411647,49.13198],[2.411065,49.131171],[2.410582,49.12906],[2.410442,49.128839],[2.409743,49.127841],[2.409322,49.127338],[2.409035,49.127089],[2.408372,49.126604],[2.407841,49.126312],[2.406666,49.127436],[2.405763,49.128409],[2.4048,49.128676],[2.402871,49.128858],[2.401386,49.126953],[2.399236,49.127378],[2.398513,49.127194],[2.397228,49.126574],[2.396764,49.126695],[2.396629,49.126766],[2.396522,49.127006],[2.39649,49.127161],[2.395682,49.127034],[2.39525,49.127154],[2.394989,49.127204],[2.394396,49.127427],[2.394197,49.128034],[2.393912,49.128182],[2.393401,49.128365],[2.392799,49.128447],[2.391738,49.12848],[2.391001,49.128558],[2.390308,49.128609],[2.387718,49.128943],[2.387192,49.128979],[2.386601,49.129046],[2.386378,49.128539],[2.38576,49.128444],[2.385848,49.128122],[2.385118,49.128005],[2.385166,49.127898],[2.383302,49.127238],[2.383447,49.127138],[2.383587,49.126926],[2.383765,49.12672],[2.383924,49.126469],[2.384128,49.126501],[2.384233,49.126183],[2.384633,49.124542],[2.384466,49.124515],[2.384552,49.124296],[2.384707,49.123276],[2.384823,49.123001],[2.384828,49.122813],[2.385017,49.121087],[2.384937,49.120315],[2.384837,49.119698],[2.384744,49.11943],[2.384571,49.119197],[2.384248,49.119131],[2.383986,49.118922],[2.383688,49.118388],[2.383919,49.118041],[2.384179,49.117915],[2.38456,49.117763],[2.384704,49.117656],[2.385228,49.117496],[2.385862,49.117374],[2.386235,49.117328],[2.387011,49.117584],[2.389262,49.117267],[2.389136,49.116517],[2.390017,49.116408],[2.392982,49.116055],[2.393944,49.115909],[2.39604,49.115662]]]}},{"type":"Feature","properties":{"nom":"Vienne-en-Arthies","code":"95656","population":379,"codeDepartement":"95"},"geometry":{"type":"Polygon","coordinates":[[[1.74087,49.072669],[1.741036,49.071502],[1.741036,49.071149],[1.740725,49.070977],[1.740332,49.070481],[1.740028,49.070158],[1.739019,49.069221],[1.738709,49.06901],[1.738133,49.068663],[1.737818,49.068517],[1.737825,49.068264],[1.737767,49.068067],[1.737625,49.067931],[1.737372,49.067776],[1.736879,49.067242],[1.736693,49.067065],[1.735797,49.066364],[1.735266,49.066596],[1.735008,49.06626],[1.734856,49.06611],[1.734559,49.065936],[1.734313,49.065645],[1.734301,49.065424],[1.734089,49.065245],[1.734491,49.064927],[1.734736,49.064807],[1.730175,49.062542],[1.730074,49.062304],[1.729864,49.061558],[1.729531,49.060076],[1.729386,49.059572],[1.728483,49.059936],[1.727991,49.060095],[1.728277,49.059664],[1.727975,49.059449],[1.72746,49.059018],[1.72699,49.058576],[1.726549,49.058134],[1.726205,49.057757],[1.726085,49.05757],[1.725717,49.056809],[1.725413,49.056242],[1.725197,49.0559],[1.72486,49.055537],[1.724463,49.055312],[1.724156,49.055055],[1.723887,49.054906],[1.723574,49.054541],[1.723057,49.054127],[1.723,49.053938],[1.722327,49.052937],[1.72165,49.052136],[1.719003,49.05346],[1.717395,49.054511],[1.716615,49.054175],[1.717329,49.053361],[1.716142,49.053053],[1.7155,49.053615],[1.714915,49.053535],[1.714669,49.053467],[1.71332,49.053258],[1.712488,49.053148],[1.71217,49.053082],[1.711891,49.053338],[1.711637,49.053777],[1.71144,49.05421],[1.711353,49.054655],[1.711294,49.05558],[1.711075,49.056285],[1.711038,49.056825],[1.711047,49.057261],[1.711099,49.057616],[1.711108,49.058141],[1.711907,49.058211],[1.712198,49.058222],[1.712175,49.058644],[1.711638,49.058832],[1.711413,49.058931],[1.71095,49.05922],[1.712459,49.059416],[1.712831,49.059472],[1.714125,49.060297],[1.714652,49.06019],[1.714701,49.060318],[1.714834,49.060426],[1.714983,49.060644],[1.71511,49.061318],[1.715094,49.061472],[1.715009,49.061593],[1.714819,49.061746],[1.714773,49.061864],[1.715245,49.062041],[1.71537,49.062219],[1.715098,49.063032],[1.714378,49.06297],[1.713971,49.064106],[1.713888,49.064086],[1.713447,49.064589],[1.713089,49.064745],[1.712821,49.064983],[1.7126,49.065073],[1.71267,49.065196],[1.711586,49.067996],[1.711371,49.068267],[1.710629,49.068986],[1.711471,49.069668],[1.711623,49.069854],[1.709754,49.070127],[1.709958,49.070397],[1.710426,49.070718],[1.710763,49.071085],[1.711031,49.07156],[1.711412,49.072336],[1.71167,49.072752],[1.71019,49.073375],[1.710069,49.073457],[1.710029,49.073607],[1.710044,49.073918],[1.709897,49.074332],[1.709803,49.074466],[1.709307,49.074943],[1.708537,49.075524],[1.70817,49.075781],[1.707733,49.076048],[1.707217,49.076285],[1.706706,49.076653],[1.706524,49.076858],[1.706081,49.077545],[1.706082,49.07778],[1.70644,49.077866],[1.706889,49.077553],[1.70742,49.078217],[1.707834,49.078799],[1.707863,49.078907],[1.713845,49.077347],[1.713762,49.077171],[1.71432,49.077067],[1.714367,49.076928],[1.714519,49.07684],[1.714959,49.076821],[1.715175,49.07687],[1.715707,49.077162],[1.715724,49.077255],[1.716063,49.077311],[1.716325,49.077243],[1.716459,49.077107],[1.71662,49.076554],[1.716773,49.076343],[1.716969,49.07617],[1.717582,49.075961],[1.717976,49.075791],[1.718209,49.075811],[1.718552,49.075778],[1.719018,49.075575],[1.719478,49.075454],[1.719817,49.075417],[1.720206,49.075317],[1.720615,49.075355],[1.720759,49.075482],[1.720841,49.075705],[1.721079,49.075906],[1.721275,49.075972],[1.721704,49.076016],[1.722247,49.076001],[1.722865,49.075946],[1.723353,49.075859],[1.723989,49.075715],[1.72504,49.075496],[1.725865,49.075301],[1.728287,49.074652],[1.73054,49.074148],[1.731557,49.074025],[1.732006,49.074015],[1.732021,49.073881],[1.732155,49.073474],[1.732583,49.072547],[1.732733,49.07219],[1.732801,49.071918],[1.73281,49.071605],[1.736558,49.072876],[1.736418,49.073065],[1.737072,49.0733],[1.73904,49.073418],[1.740267,49.073565],[1.740501,49.072701],[1.74087,49.072669]]]}},{"type":"Feature","properties":{"nom":"Vigny","code":"95658","population":1137,"codeDepartement":"95"},"geometry":{"type":"Polygon","coordinates":[[[1.904241,49.074647],[1.904436,49.074917],[1.905139,49.075793],[1.905602,49.076285],[1.906202,49.076865],[1.906879,49.077489],[1.906968,49.077558],[1.907464,49.078039],[1.908357,49.078867],[1.90883,49.079281],[1.909333,49.079692],[1.909731,49.07999],[1.910125,49.080236],[1.911546,49.08117],[1.912076,49.081648],[1.913432,49.082886],[1.914365,49.082487],[1.915032,49.083138],[1.915263,49.083536],[1.91529,49.083705],[1.915244,49.083769],[1.91499,49.083869],[1.914727,49.083934],[1.914822,49.084097],[1.915205,49.084488],[1.916274,49.08544],[1.91642,49.085386],[1.917906,49.086728],[1.918,49.086677],[1.918357,49.086882],[1.918834,49.087529],[1.919051,49.087761],[1.919713,49.088334],[1.919946,49.088621],[1.921508,49.090201],[1.922775,49.091439],[1.921846,49.09478],[1.925737,49.094482],[1.935191,49.092254],[1.936022,49.091781],[1.941422,49.091298],[1.941577,49.091485],[1.941709,49.091402],[1.943178,49.090616],[1.944252,49.090034],[1.945765,49.089202],[1.946086,49.089037],[1.946232,49.088995],[1.946319,49.08884],[1.946422,49.088498],[1.946531,49.088263],[1.946506,49.088208],[1.946576,49.08794],[1.946952,49.087819],[1.94711,49.087729],[1.948167,49.087057],[1.948752,49.087623],[1.950697,49.08616],[1.951196,49.085766],[1.953267,49.084516],[1.95339,49.084309],[1.955055,49.083004],[1.952042,49.081389],[1.952286,49.081113],[1.952493,49.080789],[1.953089,49.080054],[1.953347,49.079685],[1.953902,49.079081],[1.952999,49.078322],[1.952485,49.078615],[1.94882,49.075564],[1.947809,49.075982],[1.947095,49.075424],[1.947339,49.075344],[1.94706,49.074891],[1.946471,49.075009],[1.945394,49.073656],[1.942056,49.070847],[1.941964,49.07078],[1.940547,49.071196],[1.939702,49.070502],[1.939631,49.070494],[1.939104,49.070155],[1.938638,49.069907],[1.937975,49.069474],[1.937108,49.068855],[1.937042,49.068784],[1.936464,49.06841],[1.935884,49.06873],[1.934947,49.0692],[1.934646,49.069315],[1.934316,49.069507],[1.933754,49.069782],[1.923554,49.067426],[1.923144,49.067556],[1.922569,49.067668],[1.922101,49.067815],[1.921484,49.068149],[1.921144,49.068424],[1.921038,49.068584],[1.920938,49.068843],[1.920925,49.069073],[1.920428,49.069158],[1.919741,49.069137],[1.919618,49.069169],[1.919002,49.069237],[1.918672,49.069211],[1.918338,49.069156],[1.918164,49.069101],[1.918137,49.069366],[1.917843,49.069419],[1.916999,49.068946],[1.915584,49.067998],[1.914344,49.068802],[1.913593,49.069251],[1.913456,49.069372],[1.912739,49.070136],[1.912455,49.070373],[1.911978,49.070669],[1.911541,49.070868],[1.910649,49.071324],[1.909417,49.071934],[1.908883,49.072184],[1.90855,49.072389],[1.907582,49.072901],[1.907038,49.073166],[1.906377,49.073538],[1.904457,49.074583],[1.904241,49.074647]]]}},{"type":"Feature","properties":{"nom":"Villaines-sous-Bois","code":"95660","population":778,"codeDepartement":"95"},"geometry":{"type":"Polygon","coordinates":[[[2.370261,49.072757],[2.369384,49.071478],[2.367256,49.068333],[2.364667,49.068903],[2.363885,49.068969],[2.357287,49.069514],[2.353948,49.069778],[2.354154,49.07],[2.352307,49.070964],[2.35146,49.071378],[2.350634,49.071765],[2.349462,49.072365],[2.348559,49.07284],[2.34605,49.074102],[2.345533,49.073714],[2.344183,49.072605],[2.344146,49.073251],[2.344069,49.073704],[2.344042,49.074197],[2.343991,49.074484],[2.34178,49.074077],[2.34178,49.074311],[2.341704,49.074925],[2.341429,49.076066],[2.33944,49.076419],[2.339228,49.076913],[2.340868,49.077356],[2.341659,49.077489],[2.342132,49.077556],[2.343064,49.077726],[2.343842,49.07791],[2.34466,49.078162],[2.345529,49.0785],[2.346029,49.078661],[2.347037,49.078869],[2.347456,49.078987],[2.348584,49.079249],[2.349217,49.080409],[2.34938,49.080765],[2.349577,49.080782],[2.349666,49.081063],[2.350145,49.080789],[2.351353,49.080141],[2.351299,49.080101],[2.35157,49.079983],[2.352022,49.079748],[2.352445,49.079455],[2.352595,49.079575],[2.352931,49.079525],[2.353351,49.079615],[2.354708,49.079805],[2.355375,49.079911],[2.355981,49.080041],[2.357054,49.080186],[2.357581,49.080291],[2.358015,49.080415],[2.358662,49.080632],[2.35906,49.080788],[2.359983,49.081082],[2.361376,49.081453],[2.362321,49.081752],[2.362639,49.081822],[2.362182,49.081361],[2.361546,49.080787],[2.360562,49.079852],[2.362801,49.078885],[2.36696,49.077127],[2.370367,49.075656],[2.368661,49.073103],[2.370261,49.072757]]]}},{"type":"Feature","properties":{"nom":"Villeron","code":"95675","population":1766,"codeDepartement":"95"},"geometry":{"type":"Polygon","coordinates":[[[2.549951,49.053212],[2.548937,49.053269],[2.548386,49.053285],[2.547973,49.052521],[2.547546,49.052589],[2.54736,49.052589],[2.54723,49.052429],[2.547113,49.052207],[2.546806,49.051785],[2.546686,49.051591],[2.546565,49.0513],[2.5458,49.051335],[2.545295,49.050475],[2.545034,49.050061],[2.541647,49.050946],[2.541219,49.050258],[2.540168,49.050375],[2.540207,49.050734],[2.539824,49.050744],[2.539738,49.05065],[2.537972,49.050717],[2.537951,49.051264],[2.536316,49.051158],[2.535856,49.050884],[2.53575,49.050491],[2.535528,49.049108],[2.535378,49.049121],[2.53472,49.047221],[2.533425,49.047053],[2.533271,49.045942],[2.53087,49.045947],[2.530456,49.045221],[2.530079,49.045214],[2.52937,49.043848],[2.530499,49.043733],[2.530338,49.043098],[2.529135,49.043033],[2.528385,49.039888],[2.52805,49.039937],[2.527857,49.039476],[2.528316,49.039386],[2.528029,49.038151],[2.527148,49.038515],[2.526989,49.038562],[2.5266,49.038619],[2.526107,49.03861],[2.526793,49.040934],[2.52709,49.041824],[2.526909,49.041915],[2.526779,49.042843],[2.52688,49.043879],[2.526918,49.044071],[2.527235,49.044715],[2.527671,49.04536],[2.527932,49.045688],[2.527998,49.045963],[2.528038,49.046614],[2.527973,49.046732],[2.527962,49.047143],[2.528011,49.047784],[2.528173,49.048647],[2.528235,49.048902],[2.527795,49.048996],[2.527626,49.04876],[2.527107,49.048872],[2.527243,49.049119],[2.526582,49.049262],[2.527285,49.05028],[2.525519,49.050509],[2.521252,49.051181],[2.518312,49.051626],[2.516531,49.051847],[2.51527,49.052784],[2.520961,49.060095],[2.521788,49.061183],[2.522093,49.061554],[2.522976,49.06269],[2.523518,49.063397],[2.524616,49.064786],[2.526565,49.067281],[2.527279,49.068216],[2.527746,49.068806],[2.528044,49.069287],[2.528193,49.069593],[2.528367,49.070075],[2.528485,49.070658],[2.528767,49.073511],[2.529032,49.076064],[2.529254,49.07845],[2.53482,49.079929],[2.535077,49.078921],[2.535811,49.077005],[2.537049,49.078176],[2.538974,49.077883],[2.538959,49.076601],[2.539425,49.076588],[2.539126,49.075506],[2.539966,49.075547],[2.540033,49.075483],[2.540129,49.074906],[2.540609,49.073063],[2.540718,49.07295],[2.540842,49.071901],[2.542384,49.071189],[2.542896,49.071071],[2.546419,49.070726],[2.546234,49.070412],[2.547262,49.070213],[2.546897,49.068148],[2.54712,49.067695],[2.547763,49.06782],[2.548214,49.066383],[2.548251,49.065528],[2.548046,49.065519],[2.549806,49.062844],[2.552662,49.060391],[2.551157,49.060205],[2.54971,49.05714],[2.550117,49.057135],[2.553667,49.059571],[2.554233,49.059043],[2.553407,49.058419],[2.553188,49.058224],[2.552579,49.057752],[2.551369,49.057073],[2.551731,49.056691],[2.550983,49.056463],[2.55075,49.056362],[2.550679,49.056218],[2.550763,49.055417],[2.550749,49.054986],[2.550158,49.055007],[2.55013,49.054969],[2.550032,49.053781],[2.549951,49.053212]]]}},{"type":"Feature","properties":{"nom":"Villers-en-Arthies","code":"95676","population":498,"codeDepartement":"95"},"geometry":{"type":"Polygon","coordinates":[[[1.740987,49.099165],[1.742718,49.094324],[1.750975,49.091101],[1.751388,49.09097],[1.752563,49.090498],[1.752647,49.090429],[1.753727,49.090024],[1.753844,49.090028],[1.756992,49.090135],[1.757812,49.090234],[1.759863,49.090352],[1.760919,49.090457],[1.760881,49.089888],[1.760669,49.088246],[1.760571,49.087368],[1.760407,49.087424],[1.760015,49.08742],[1.758252,49.087493],[1.757936,49.087627],[1.754951,49.087699],[1.754905,49.087606],[1.754949,49.086948],[1.75486,49.08663],[1.754904,49.086017],[1.75509,49.084666],[1.755073,49.084298],[1.754883,49.083681],[1.754945,49.083583],[1.755149,49.082012],[1.755173,49.081786],[1.754039,49.080207],[1.753953,49.080131],[1.75107,49.079228],[1.747837,49.076347],[1.747558,49.076619],[1.747058,49.075924],[1.746656,49.074766],[1.746445,49.074498],[1.746218,49.073985],[1.746196,49.073767],[1.746098,49.073371],[1.746173,49.073125],[1.74633,49.072838],[1.745413,49.07286],[1.74554,49.073147],[1.744491,49.073205],[1.743982,49.073179],[1.743454,49.073198],[1.742806,49.07299],[1.742098,49.072746],[1.741822,49.072717],[1.74087,49.072669],[1.740501,49.072701],[1.740267,49.073565],[1.73904,49.073418],[1.737072,49.0733],[1.736418,49.073065],[1.736558,49.072876],[1.73281,49.071605],[1.732801,49.071918],[1.732733,49.07219],[1.732583,49.072547],[1.732155,49.073474],[1.732021,49.073881],[1.732006,49.074015],[1.731557,49.074025],[1.73054,49.074148],[1.728287,49.074652],[1.725865,49.075301],[1.72504,49.075496],[1.723989,49.075715],[1.723353,49.075859],[1.722865,49.075946],[1.722247,49.076001],[1.721704,49.076016],[1.721275,49.075972],[1.721079,49.075906],[1.720841,49.075705],[1.720759,49.075482],[1.720615,49.075355],[1.720206,49.075317],[1.719817,49.075417],[1.719478,49.075454],[1.719018,49.075575],[1.718552,49.075778],[1.718209,49.075811],[1.717976,49.075791],[1.717582,49.075961],[1.716969,49.07617],[1.716773,49.076343],[1.71662,49.076554],[1.716459,49.077107],[1.716325,49.077243],[1.716063,49.077311],[1.715724,49.077255],[1.715707,49.077162],[1.715175,49.07687],[1.714959,49.076821],[1.714519,49.07684],[1.714367,49.076928],[1.71432,49.077067],[1.713762,49.077171],[1.713845,49.077347],[1.707863,49.078907],[1.707834,49.078799],[1.70742,49.078217],[1.706889,49.077553],[1.70644,49.077866],[1.706082,49.07778],[1.706026,49.078117],[1.706021,49.078385],[1.705845,49.078416],[1.704897,49.078535],[1.704182,49.078772],[1.703859,49.0789],[1.703391,49.079025],[1.703807,49.079712],[1.704096,49.080145],[1.705042,49.081746],[1.7051,49.081825],[1.705145,49.082112],[1.705376,49.082767],[1.705415,49.083028],[1.705418,49.08388],[1.705483,49.084277],[1.70562,49.084737],[1.70597,49.085783],[1.70605,49.086207],[1.70596,49.086183],[1.705676,49.086588],[1.705554,49.086893],[1.705435,49.087472],[1.705336,49.087701],[1.705007,49.088264],[1.705903,49.088269],[1.70594,49.08945],[1.707598,49.093747],[1.709301,49.094222],[1.71161,49.095091],[1.718497,49.096605],[1.720853,49.097125],[1.738575,49.101171],[1.738706,49.101049],[1.740942,49.099154],[1.740987,49.099165]]]}},{"type":"Feature","properties":{"nom":"Villiers-Adam","code":"95678","population":858,"codeDepartement":"95"},"geometry":{"type":"Polygon","coordinates":[[[2.255286,49.071104],[2.253861,49.070895],[2.253837,49.070784],[2.253175,49.070739],[2.25247,49.070737],[2.251659,49.070689],[2.251734,49.070357],[2.251207,49.07028],[2.251251,49.06981],[2.251214,49.069308],[2.251225,49.06864],[2.251294,49.068483],[2.251457,49.068341],[2.251775,49.067924],[2.251879,49.067669],[2.25195,49.066693],[2.251922,49.066306],[2.251523,49.065914],[2.250933,49.065356],[2.250161,49.064608],[2.249453,49.063904],[2.249444,49.063852],[2.248779,49.063222],[2.248425,49.062803],[2.248352,49.062647],[2.248179,49.062078],[2.248172,49.061939],[2.247672,49.061958],[2.247607,49.0609],[2.247046,49.060144],[2.246399,49.059237],[2.246124,49.058799],[2.246361,49.058744],[2.243883,49.057557],[2.2438,49.057514],[2.243743,49.057124],[2.242526,49.057092],[2.242601,49.056549],[2.241056,49.056344],[2.240563,49.056322],[2.240112,49.056263],[2.239287,49.056173],[2.238906,49.05612],[2.239469,49.054877],[2.239736,49.054833],[2.240331,49.053199],[2.238308,49.052183],[2.237992,49.052552],[2.23699,49.052065],[2.236589,49.051904],[2.236099,49.052438],[2.234571,49.051437],[2.235773,49.050257],[2.235858,49.050119],[2.23536,49.049861],[2.234448,49.049541],[2.234366,49.049647],[2.23413,49.05014],[2.234091,49.05033],[2.233966,49.050454],[2.233762,49.051004],[2.232077,49.051601],[2.231984,49.051509],[2.231455,49.051736],[2.231104,49.051906],[2.230879,49.051957],[2.230707,49.052076],[2.23035,49.052263],[2.229737,49.052479],[2.229268,49.052565],[2.228912,49.052582],[2.228025,49.05276],[2.227855,49.052814],[2.227151,49.052842],[2.226878,49.052823],[2.226593,49.052753],[2.226362,49.052754],[2.226104,49.052797],[2.225077,49.053047],[2.224501,49.053226],[2.224023,49.053391],[2.223654,49.053439],[2.223128,49.053582],[2.222627,49.053662],[2.221732,49.053847],[2.221559,49.053928],[2.220916,49.053881],[2.219926,49.053865],[2.219474,49.053843],[2.218759,49.053774],[2.218322,49.054372],[2.218145,49.054369],[2.217773,49.05446],[2.21733,49.054633],[2.216962,49.054846],[2.216867,49.054935],[2.216718,49.05532],[2.216543,49.055589],[2.216387,49.055775],[2.215969,49.056129],[2.215303,49.056651],[2.214562,49.057308],[2.214075,49.057725],[2.213402,49.058268],[2.213079,49.05859],[2.212906,49.058848],[2.212695,49.059251],[2.212166,49.05894],[2.211678,49.058722],[2.211275,49.058575],[2.210859,49.058369],[2.210292,49.05801],[2.208016,49.058723],[2.207819,49.058819],[2.207446,49.059058],[2.207152,49.059195],[2.206866,49.05956],[2.206672,49.059858],[2.206507,49.060257],[2.206445,49.06069],[2.206221,49.060863],[2.205623,49.060874],[2.204752,49.060835],[2.204555,49.060814],[2.20418,49.060821],[2.203796,49.060956],[2.203731,49.061004],[2.204013,49.061218],[2.204494,49.061531],[2.204515,49.06165],[2.204425,49.062457],[2.203263,49.063455],[2.202824,49.064835],[2.202724,49.064938],[2.206209,49.065696],[2.210088,49.065875],[2.210077,49.065724],[2.214468,49.065272],[2.214556,49.065348],[2.214663,49.065775],[2.215901,49.065564],[2.216471,49.065652],[2.216927,49.066053],[2.217311,49.066361],[2.217993,49.066853],[2.218417,49.067193],[2.220491,49.070364],[2.220949,49.070999],[2.221741,49.072174],[2.222015,49.072514],[2.222475,49.073276],[2.223068,49.074091],[2.223885,49.075306],[2.22403,49.075475],[2.2245,49.075481],[2.224665,49.075395],[2.224853,49.075534],[2.225057,49.076021],[2.226926,49.076795],[2.229358,49.077418],[2.229595,49.077419],[2.229974,49.07735],[2.230486,49.077179],[2.231873,49.076675],[2.232823,49.076384],[2.233408,49.076185],[2.233677,49.076379],[2.233839,49.076457],[2.233938,49.076635],[2.233782,49.076796],[2.233814,49.077053],[2.233903,49.077143],[2.234569,49.080744],[2.234601,49.081102],[2.235853,49.087554],[2.236991,49.087455],[2.238973,49.087438],[2.240268,49.0874],[2.241152,49.087243],[2.243637,49.086632],[2.244075,49.086484],[2.245485,49.086329],[2.245698,49.086415],[2.245996,49.086359],[2.246613,49.086278],[2.246929,49.086285],[2.247368,49.086251],[2.248172,49.086111],[2.249045,49.085864],[2.251323,49.085064],[2.251226,49.086241],[2.251041,49.087621],[2.250866,49.089071],[2.250632,49.090867],[2.250847,49.09087],[2.252086,49.090933],[2.254505,49.091075],[2.257414,49.09124],[2.257814,49.091257],[2.257902,49.091289],[2.257651,49.085626],[2.257493,49.083904],[2.258012,49.08364],[2.261574,49.082052],[2.265863,49.080149],[2.266583,49.079858],[2.267719,49.079366],[2.269204,49.07867],[2.271772,49.077538],[2.273911,49.076588],[2.273706,49.076565],[2.273373,49.076445],[2.273092,49.076095],[2.27278,49.075973],[2.272193,49.075878],[2.271829,49.075763],[2.271483,49.075598],[2.270804,49.075407],[2.270386,49.075243],[2.270027,49.075082],[2.269848,49.074743],[2.26989,49.074514],[2.26971,49.074329],[2.269392,49.073007],[2.269853,49.07093],[2.270251,49.070442],[2.270963,49.069829],[2.271814,49.069249],[2.270522,49.068702],[2.26978,49.068184],[2.269281,49.067523],[2.268643,49.066568],[2.268634,49.0665],[2.266669,49.066851],[2.266089,49.066987],[2.265701,49.067137],[2.265552,49.067356],[2.265518,49.067555],[2.265624,49.068742],[2.265592,49.068981],[2.265283,49.06995],[2.265188,49.070158],[2.264701,49.070848],[2.26438,49.071408],[2.263754,49.072607],[2.263429,49.073127],[2.260095,49.074178],[2.258353,49.074804],[2.257063,49.075256],[2.256558,49.075125],[2.255486,49.073387],[2.255879,49.073163],[2.256609,49.072807],[2.256707,49.072735],[2.257065,49.072356],[2.255481,49.071786],[2.255402,49.071451],[2.255286,49.071104]]]}},{"type":"Feature","properties":{"nom":"Villiers-le-Bel","code":"95680","population":30053,"codeDepartement":"95"},"geometry":{"type":"Polygon","coordinates":[[[2.41002,49.024148],[2.410756,49.024118],[2.410544,49.023935],[2.412232,49.023102],[2.412158,49.022818],[2.412375,49.022788],[2.412862,49.022669],[2.41319,49.022541],[2.413075,49.022334],[2.41575,49.021039],[2.415929,49.021168],[2.415924,49.020743],[2.41605,49.020765],[2.416298,49.020721],[2.416974,49.020521],[2.417927,49.020198],[2.418294,49.019713],[2.420177,49.019339],[2.421022,49.019207],[2.421894,49.019046],[2.422937,49.018876],[2.421797,49.016871],[2.42136,49.015907],[2.423494,49.015044],[2.423164,49.014475],[2.424908,49.01409],[2.424772,49.013914],[2.42413,49.013004],[2.427771,49.01223],[2.428253,49.012122],[2.425348,49.0102],[2.423945,49.009292],[2.421535,49.00655],[2.420729,49.005625],[2.420532,49.005411],[2.420409,49.005323],[2.420433,49.00427],[2.420475,49.002916],[2.418949,49.003017],[2.418839,49.001716],[2.419304,49.001579],[2.419099,48.999413],[2.417235,48.99971],[2.416599,48.999762],[2.416474,48.998624],[2.416423,48.998161],[2.414565,48.998059],[2.414475,48.998045],[2.415046,48.996489],[2.415577,48.995228],[2.415021,48.995195],[2.41403,48.995156],[2.414038,48.995042],[2.413805,48.993766],[2.412739,48.993795],[2.411954,48.993809],[2.411871,48.993585],[2.411046,48.993674],[2.410053,48.993837],[2.409866,48.993539],[2.409314,48.993657],[2.408211,48.991926],[2.408183,48.99189],[2.406149,48.992897],[2.406041,48.992793],[2.404638,48.99345],[2.403654,48.993885],[2.402686,48.994305],[2.402349,48.993719],[2.400674,48.994333],[2.399979,48.994579],[2.398872,48.994996],[2.397885,48.995295],[2.396786,48.995684],[2.397058,48.995995],[2.396434,48.996229],[2.39397,48.997132],[2.393636,48.997278],[2.393989,48.997757],[2.394202,48.997981],[2.393105,48.998192],[2.391619,48.998544],[2.391655,48.998655],[2.389865,48.999089],[2.38977,48.999129],[2.3886,48.999391],[2.388211,48.999486],[2.388251,48.999594],[2.386332,49.000381],[2.386469,49.000505],[2.384369,49.001378],[2.38304,49.001841],[2.382866,49.001964],[2.381716,49.00241],[2.381835,49.002621],[2.382231,49.003124],[2.382533,49.003538],[2.382592,49.003672],[2.382066,49.00387],[2.381913,49.003875],[2.381396,49.004038],[2.380566,49.004352],[2.380858,49.004648],[2.380465,49.004715],[2.380918,49.005158],[2.381216,49.005474],[2.380623,49.005763],[2.380779,49.00587],[2.380396,49.006065],[2.378854,49.006875],[2.37891,49.007307],[2.378883,49.007397],[2.379037,49.007903],[2.379047,49.008122],[2.379024,49.008555],[2.379084,49.008798],[2.37929,49.009176],[2.379576,49.009603],[2.379839,49.009967],[2.379407,49.010092],[2.37946,49.010667],[2.379399,49.01108],[2.379438,49.011742],[2.379367,49.011859],[2.379579,49.012974],[2.379845,49.013355],[2.379859,49.013729],[2.381045,49.014206],[2.381092,49.014297],[2.381997,49.014361],[2.382042,49.014259],[2.382799,49.014118],[2.382867,49.013886],[2.382821,49.013721],[2.384069,49.01353],[2.384199,49.013498],[2.384982,49.013388],[2.385218,49.014122],[2.387262,49.014017],[2.38774,49.01404],[2.388408,49.014101],[2.389944,49.014161],[2.390544,49.014158],[2.390953,49.014105],[2.391968,49.01405],[2.392356,49.014052],[2.393314,49.01415],[2.393133,49.014285],[2.393094,49.01439],[2.393096,49.014663],[2.393142,49.014895],[2.393271,49.015196],[2.393327,49.015243],[2.393379,49.015473],[2.393824,49.015954],[2.394234,49.016354],[2.394417,49.016563],[2.396299,49.016208],[2.396831,49.016749],[2.397442,49.017204],[2.398647,49.017873],[2.399902,49.018759],[2.401196,49.019585],[2.401831,49.019958],[2.402249,49.02019],[2.403336,49.020746],[2.404369,49.021175],[2.404882,49.021406],[2.405363,49.021656],[2.405693,49.02186],[2.405925,49.022031],[2.406772,49.022591],[2.407439,49.022961],[2.408285,49.023351],[2.408846,49.023558],[2.409077,49.023776],[2.409296,49.023914],[2.409781,49.024154],[2.41002,49.024148]]]}},{"type":"Feature","properties":{"nom":"Villiers-le-Sec","code":"95682","population":205,"codeDepartement":"95"},"geometry":{"type":"Polygon","coordinates":[[[2.396202,49.086686],[2.3966,49.086636],[2.397997,49.085557],[2.401424,49.082978],[2.404804,49.082582],[2.405146,49.082482],[2.403508,49.08077],[2.399807,49.076985],[2.399431,49.076584],[2.398646,49.075809],[2.397983,49.075143],[2.395397,49.07248],[2.394819,49.071848],[2.395643,49.071806],[2.396771,49.07168],[2.397592,49.071576],[2.397504,49.071513],[2.39563,49.07006],[2.394129,49.068911],[2.393493,49.06858],[2.392812,49.068365],[2.387546,49.06676],[2.385688,49.066183],[2.385774,49.066512],[2.385982,49.066992],[2.38628,49.067746],[2.386432,49.068372],[2.386066,49.068217],[2.385122,49.067782],[2.383544,49.067081],[2.38091,49.065877],[2.375481,49.063454],[2.373817,49.064549],[2.373092,49.065021],[2.370783,49.066406],[2.367256,49.068333],[2.369384,49.071478],[2.370261,49.072757],[2.371334,49.072529],[2.373017,49.07221],[2.374444,49.071966],[2.375515,49.071753],[2.375596,49.071849],[2.375718,49.072197],[2.375833,49.072609],[2.375859,49.073072],[2.375776,49.073581],[2.375715,49.073806],[2.375538,49.074243],[2.375087,49.075048],[2.379637,49.078179],[2.38469,49.08078],[2.396202,49.086686]]]}},{"type":"Feature","properties":{"nom":"Wy-dit-Joli-Village","code":"95690","population":326,"codeDepartement":"95"},"geometry":{"type":"Polygon","coordinates":[[[1.823426,49.076296],[1.822734,49.076293],[1.818815,49.076388],[1.817511,49.076456],[1.815213,49.076425],[1.815052,49.076714],[1.814849,49.076951],[1.81463,49.077275],[1.814249,49.077754],[1.814151,49.077913],[1.813687,49.078464],[1.813351,49.078923],[1.813135,49.07918],[1.812938,49.079466],[1.812382,49.07902],[1.812109,49.078851],[1.811428,49.078359],[1.811194,49.078247],[1.810522,49.078655],[1.809794,49.079215],[1.809719,49.080041],[1.80862,49.080332],[1.80844,49.080415],[1.807688,49.080641],[1.806757,49.080865],[1.806185,49.081046],[1.804076,49.08183],[1.803487,49.082032],[1.803089,49.082192],[1.802876,49.082367],[1.802772,49.082778],[1.802698,49.082968],[1.802444,49.08334],[1.802165,49.083569],[1.801926,49.083723],[1.801629,49.084484],[1.801408,49.084907],[1.801562,49.08536],[1.801167,49.085794],[1.80222,49.086171],[1.802301,49.086211],[1.803167,49.088715],[1.804063,49.089647],[1.804253,49.090068],[1.803913,49.090478],[1.804023,49.091139],[1.803738,49.091569],[1.804407,49.092248],[1.804698,49.092509],[1.805416,49.093222],[1.806059,49.093876],[1.806525,49.094298],[1.806097,49.094594],[1.805841,49.094752],[1.805294,49.095278],[1.810171,49.097335],[1.808256,49.099275],[1.807747,49.09981],[1.809126,49.099855],[1.809515,49.09992],[1.8097,49.099975],[1.810988,49.100482],[1.812764,49.101203],[1.813861,49.101618],[1.814066,49.101673],[1.815158,49.101727],[1.818452,49.104416],[1.816067,49.105511],[1.814559,49.106193],[1.813635,49.106599],[1.814282,49.107093],[1.815348,49.107931],[1.81647,49.108786],[1.816217,49.108912],[1.817218,49.109524],[1.820322,49.111371],[1.822444,49.112637],[1.825275,49.114289],[1.824981,49.114727],[1.824734,49.115041],[1.824504,49.115213],[1.82407,49.115444],[1.823902,49.115556],[1.824998,49.115574],[1.825331,49.115591],[1.825689,49.115646],[1.826114,49.115759],[1.826563,49.11595],[1.826788,49.116078],[1.827608,49.116587],[1.827822,49.116489],[1.828491,49.116296],[1.829035,49.11617],[1.830867,49.11578],[1.830996,49.115778],[1.831997,49.115604],[1.832913,49.115487],[1.833504,49.115238],[1.834227,49.115073],[1.834713,49.114694],[1.835409,49.114349],[1.835383,49.114156],[1.835277,49.114049],[1.834567,49.112799],[1.834578,49.112667],[1.835124,49.112401],[1.835752,49.112157],[1.837004,49.111445],[1.83844,49.110696],[1.838863,49.110489],[1.839536,49.110198],[1.840087,49.109661],[1.840317,49.109376],[1.840914,49.108714],[1.841073,49.108632],[1.841199,49.108438],[1.840764,49.108137],[1.840744,49.10675],[1.841272,49.106712],[1.841233,49.106444],[1.841267,49.105646],[1.841762,49.105694],[1.842144,49.105755],[1.842433,49.10583],[1.842675,49.10576],[1.842841,49.105785],[1.842968,49.105714],[1.843127,49.10571],[1.84372,49.105525],[1.843667,49.105037],[1.84373,49.104284],[1.844352,49.104287],[1.844922,49.104272],[1.844197,49.103681],[1.845045,49.103396],[1.845988,49.10313],[1.846916,49.102744],[1.84748,49.102423],[1.848005,49.102041],[1.848557,49.101579],[1.847309,49.099831],[1.846844,49.100002],[1.846186,49.100203],[1.845259,49.100368],[1.844575,49.099018],[1.844132,49.098176],[1.844427,49.098072],[1.844693,49.097925],[1.844469,49.096955],[1.844908,49.096791],[1.844773,49.096611],[1.84381,49.095492],[1.844537,49.095093],[1.84473,49.094926],[1.843891,49.094002],[1.843021,49.093102],[1.842791,49.092842],[1.840989,49.091036],[1.840776,49.090854],[1.840052,49.091939],[1.839998,49.091987],[1.839144,49.090916],[1.838362,49.090016],[1.837491,49.08903],[1.836849,49.088482],[1.83599,49.087803],[1.833931,49.086277],[1.833683,49.085946],[1.833095,49.084463],[1.832727,49.083669],[1.83213,49.083241],[1.831603,49.08282],[1.830071,49.08257],[1.828942,49.082377],[1.828529,49.082318],[1.827965,49.082288],[1.825237,49.082204],[1.824161,49.082164],[1.823505,49.082155],[1.82247,49.082108],[1.821998,49.082066],[1.82057,49.081873],[1.820538,49.081785],[1.820728,49.081362],[1.821168,49.080493],[1.821734,49.079797],[1.821896,49.079432],[1.822325,49.078664],[1.822494,49.07829],[1.823426,49.076296]]]}}]}